RA,fase_raw,idade,genero,ano_ingresso,instituicao,pedra,inde,iaa,ieg,ips,ipp,ida,mat,por,ing,ipv,ian,fase_ideal,defasagem,ano,fase_num,anos_na_pm,faixa_defasagem,risco_atual,ian_calculado,ian_confere,ano_prox,defasagem_prox,ida_prox,ieg_prox,ips_prox,ipp_prox,ipv_prox,ian_prox,inde_prox,pedra_prox,risco_prox_ano,delta_ida,delta_ieg,delta_inde
RA-1,7,19.0,Menina,2016,Escola Pública,Quartzo,5.783,8.3,4.1,5.6,,4.0,2.7,3.5,6.0,7.278,5.0,Fase 8 (Universitários),-1,2022,7,6,Defasagem moderada,1,5.0,True,2023.0,0.0,,,,,,10.0,,,0,,,
RA-1,FASE 8,,Feminino,2016,Privada *Parcerias com Bolsa 100%,,,,,,,,,,,,10.0,Fase 8 (Universitários),0,2023,8,7,Em fase / adiantado,0,10.0,True,2024.0,0.0,,0.0,,,,10.0,,,0,,,
RA-1,8E,21.0,Feminino,2021,Privada *Parcerias com Bolsa 100%,,,,0.0,,,,,,,,10.0,Fase 8 (Universitários),0,2024,8,3,Em fase / adiantado,0,10.0,True,,,,,,,,,,,,,,
RA-10,7,18.0,Menina,2021,Escola Pública,Quartzo,5.784,8.3,5.2,5.0,,4.1,3.3,2.6,6.4,7.056,5.0,Fase 8 (Universitários),-1,2022,7,1,Defasagem moderada,1,5.0,True,,,,,,,,,,,,,,
RA-100,4,13.0,Menina,2019,Rede Decisão,Ametista,7.618,8.8,7.8,5.0,,7.6,7.0,7.8,8.1,7.25,10.0,Fase 3 (7º e 8º ano),1,2022,4,3,Em fase / adiantado,0,10.0,True,,,,,,,,,,,,,,
RA-1000,ALFA,8.0,Feminino,2023,Pública,Ametista,7.9162,8.5,9.4,3.77,6.25,7.0,7.0,7.0,,8.92,10.0,ALFA (1° e 2° ano),0,2023,0,0,Em fase / adiantado,0,10.0,True,2024.0,0.0,7.75,9.5454545455,6.26,8.125,7.835,10.0,8.364790909100002,Topázio,0,0.75,0.1454545454999998,0.44859090910000177
RA-1000,1N,9.0,Feminino,2023,Pública,Topázio,8.364790909100002,9.002,9.5454545455,6.26,8.125,7.75,7.5,8.0,,7.835,10.0,Fase 1 (3° e 4° ano),0,2024,1,1,Em fase / adiantado,0,10.0,True,,,,,,,,,,,,,,
RA-1001,ALFA,9.0,Feminino,2023,Pública,Topázio,8.1162,9.0,9.1,7.52,7.5,7.8,8.3,7.3,,9.17,5.0,Fase 1 (3° e 4° ano),-1,2023,0,0,Defasagem moderada,1,5.0,True,2024.0,-1.0,7.75,9.347826087,7.51,7.916666667,7.92,5.0,7.7964318841,Ametista,1,-0.04999999999999982,0.24782608699999997,-0.31976811589999876
RA-1001,1N,10.0,Feminino,2023,Pública,Ametista,7.7964318841,7.502,9.347826087,7.51,7.916666667,7.75,6.5,9.0,,7.92,5.0,Fase 2 (5° e 6° ano),-1,2024,1,1,Defasagem moderada,1,5.0,True,,,,,,,,,,,,,,
RA-1002,ALFA,9.0,Feminino,2023,Pública,Ametista,7.9012,9.0,9.7,7.52,6.25,7.0,7.0,7.0,,8.92,5.0,Fase 1 (3° e 4° ano),-1,2023,0,0,Defasagem moderada,1,5.0,True,2024.0,-1.0,9.25,7.833333333500001,7.51,7.5,8.25,5.0,7.967866666700001,Ametista,1,2.25,-1.8666666664999987,0.06666666670000065
RA-1002,ALFA,10.0,Feminino,2023,Pública,Ametista,7.967866666700001,9.002,7.833333333500001,7.51,7.5,9.25,10.0,8.5,,8.25,5.0,Fase 1 (3° e 4° ano),-1,2024,0,1,Defasagem moderada,1,5.0,True,,,,,,,,,,,,,,
RA-1003,ALFA,8.0,Masculino,2023,Pública,Ametista,7.6522,9.0,8.5,7.52,7.5,4.0,8.0,0.0,,8.75,10.0,ALFA (1° e 2° ano),0,2023,0,0,Em fase / adiantado,0,10.0,True,2024.0,-1.0,8.25,8.6944444445,7.51,6.875,7.5,5.0,7.627588888900001,Ametista,1,4.25,0.1944444445000002,-0.024611111099998695
RA-1003,ALFA,9.0,Masculino,2023,Pública,Ametista,7.627588888900001,8.002,8.6944444445,7.51,6.875,8.25,10.0,6.5,,7.5,5.0,Fase 1 (3° e 4° ano),-1,2024,0,1,Defasagem moderada,1,5.0,True,,,,,,,,,,,,,,
RA-1004,ALFA,8.0,Feminino,2023,Pública,Topázio,8.3137,9.0,9.6,7.52,6.875,7.9,6.5,9.2,,7.42,10.0,ALFA (1° e 2° ano),0,2023,0,0,Em fase / adiantado,0,10.0,True,2024.0,-1.0,7.5,9.25,7.51,7.5,7.5,5.0,7.801200000000001,Ametista,1,-0.40000000000000036,-0.34999999999999964,-0.5125000000000002
RA-1004,ALFA,9.0,Feminino,2023,Pública,Ametista,7.801200000000001,9.502,9.25,7.51,7.5,7.5,7.5,7.5,,7.5,5.0,Fase 1 (3° e 4° ano),-1,2024,0,1,Defasagem moderada,1,5.0,True,,,,,,,,,,,,,,
RA-1005,ALFA,8.0,Masculino,2023,Pública,Topázio,8.4252,9.5,7.9,7.52,7.5,8.8,8.4,9.2,,8.165,10.0,ALFA (1° e 2° ano),0,2023,0,0,Em fase / adiantado,0,10.0,True,,,,,,,,,,,,,,
RA-1006,ALFA,8.0,Feminino,2023,Pública,Topázio,8.5922,9.0,9.3,7.52,7.5,8.7,8.7,8.6,,8.0,10.0,ALFA (1° e 2° ano),0,2023,0,0,Em fase / adiantado,0,10.0,True,2024.0,-1.0,5.0,8.4444444445,7.51,7.5,7.5,5.0,7.040088888900001,Ametista,1,-3.6999999999999993,-0.8555555555000005,-1.5521111110999994
RA-1006,ALFA,9.0,Feminino,2023,Pública,Ametista,7.040088888900001,8.502,8.4444444445,7.51,7.5,5.0,5.0,5.0,,7.5,5.0,Fase 1 (3° e 4° ano),-1,2024,0,1,Defasagem moderada,1,5.0,True,,,,,,,,,,,,,,
RA-1007,ALFA,,Masculino,2023,Pública,Topázio,8.0782,9.0,7.4,7.52,7.5,8.3,8.1,8.5,,7.68,10.0,ALFA (1° e 2° ano),0,2023,0,0,Em fase / adiantado,0,10.0,True,,,,,,,,,,,,,,
RA-1008,ALFA,8.0,Masculino,2023,Pública,Topázio,8.13595,9.0,8.6,7.52,5.9375,8.4,7.5,9.2,,7.5,10.0,ALFA (1° e 2° ano),0,2023,0,0,Em fase / adiantado,0,10.0,True,2024.0,-1.0,7.0,6.483957219,7.51,7.1875,7.5,5.0,6.8667414438000005,Ágata,1,-1.4000000000000004,-2.116042781,-1.2692085561999988
RA-1008,ALFA,9.0,Masculino,2023,Pública,Ágata,6.8667414438000005,7.002,6.483957219,7.51,7.1875,7.0,6.5,7.5,,7.5,5.0,Fase 1 (3° e 4° ano),-1,2024,0,1,Defasagem moderada,1,5.0,True,,,,,,,,,,,,,,
RA-1009,ALFA,8.0,Masculino,2023,Pública,Ametista,7.245,0.0,9.0,3.77,7.5,8.8,8.3,9.2,,7.84,10.0,ALFA (1° e 2° ano),0,2023,0,0,Em fase / adiantado,0,10.0,True,2024.0,-1.0,7.5,6.8863636365000005,2.51,6.5625,6.553333333,5.0,6.395389393900001,Ágata,1,-1.3000000000000007,-2.1136363634999995,-0.8496106060999988
RA-1009,ALFA,9.0,Masculino,2023,Pública,Ágata,6.395389393900001,8.002,6.8863636365000005,2.51,6.5625,7.5,10.0,5.0,,6.553333333,5.0,Fase 1 (3° e 4° ano),-1,2024,0,1,Defasagem moderada,1,5.0,True,,,,,,,,,,,,,,
RA-101,4,15.0,Menina,2021,Escola Pública,Ametista,7.305,7.9,8.3,7.5,,7.6,7.2,6.5,9.2,6.833,5.0,Fase 5 (1º EM),-1,2022,4,1,Defasagem moderada,1,5.0,True,,,,,,,,,,,,,,
RA-1010,ALFA,8.0,Masculino,2023,Pública,Topázio,8.70645,9.5,10.0,3.77,7.8125,9.4,9.0,9.8,,8.59,10.0,ALFA (1° e 2° ano),0,2023,0,0,Em fase / adiantado,0,10.0,True,,,,,,,,,,,,,,
RA-1011,ALFA,,Masculino,2023,Pública,Ametista,7.33095,9.5,8.6,3.77,7.1875,5.2,5.5,4.8,,7.675,10.0,ALFA (1° e 2° ano),0,2023,0,0,Em fase / adiantado,0,10.0,True,,,,,,,,,,,,,,
RA-1012,ALFA,8.0,Feminino,2023,Pública,Ametista,7.96495,10.0,9.9,3.77,7.1875,6.6,7.0,6.2,,7.845,10.0,ALFA (1° e 2° ano),0,2023,0,0,Em fase / adiantado,0,10.0,True,2024.0,-1.0,9.75,9.523809524,2.51,8.125,8.443333333,5.0,8.057128571400002,Topázio,1,3.1500000000000004,-0.37619047599999966,0.09217857140000163
RA-1012,ALFA,9.0,Feminino,2023,Pública,Topázio,8.057128571400002,9.502,9.523809524,2.51,8.125,9.75,10.0,9.5,,8.443333333,5.0,Fase 1 (3° e 4° ano),-1,2024,0,1,Defasagem moderada,1,5.0,True,,,,,,,,,,,,,,
RA-1013,ALFA,7.0,Masculino,2023,Pública,Ametista,7.6237,9.0,9.6,4.39,5.625,8.3,7.0,9.5,,5.76,10.0,ALFA (1° e 2° ano),0,2023,0,0,Em fase / adiantado,0,10.0,True,2024.0,-1.0,7.75,5.6937799039999994,2.51,5.0,4.72,5.0,5.7839559808,Quartzo,1,-0.5500000000000007,-3.906220096,-1.8397440192000003
RA-1013,ALFA,8.0,Masculino,2023,Pública,Quartzo,5.7839559808,9.002,5.6937799039999994,2.51,5.0,7.75,8.0,7.5,,4.72,5.0,Fase 1 (3° e 4° ano),-1,2024,0,1,Defasagem moderada,1,5.0,True,,,,,,,,,,,,,,
RA-1014,ALFA,,Feminino,2023,Pública,Topázio,8.2582,9.0,9.7,3.77,7.5,8.2,7.7,8.7,,8.255,10.0,ALFA (1° e 2° ano),0,2023,0,0,Em fase / adiantado,0,10.0,True,2024.0,-1.0,5.25,7.8863636365000005,2.51,6.875,7.0,5.0,6.315972727300001,Ágata,1,-2.9499999999999993,-1.8136363634999988,-1.9422272726999994
RA-1014,ALFA,8.0,Feminino,2023,Pública,Ágata,6.315972727300001,8.502,7.8863636365000005,2.51,6.875,5.25,6.5,4.0,,7.0,5.0,Fase 1 (3° e 4° ano),-1,2024,0,1,Defasagem moderada,1,5.0,True,,,,,,,,,,,,,,
RA-1015,FASE 1,10.0,Feminino,2023,Pública,Ametista,7.538908333,10.0,9.3,6.27,7.34375,6.3,5.0,7.6,,7.786666667,5.0,Fase 2 (5° e 6° ano),-1,2023,1,0,Defasagem moderada,1,5.0,True,2024.0,0.0,4.0,7.8214285715,7.51,6.041666667,5.66,10.0,6.643252381000002,Ágata,0,-2.3,-1.4785714285000005,-0.8956559519999985
RA-1015,2B,11.0,Feminino,2023,Pública,Ágata,6.643252381000002,7.918,7.8214285715,7.51,6.041666667,4.0,2.0,6.0,,5.66,10.0,Fase 2 (5° e 6° ano),0,2024,2,1,Em fase / adiantado,0,10.0,True,,,,,,,,,,,,,,
RA-1016,FASE 1,10.0,Feminino,2023,Pública,Ametista,7.762575,10.0,9.5,7.52,7.34375,6.7,5.8,7.5,,7.73,5.0,Fase 2 (5° e 6° ano),-1,2023,1,0,Defasagem moderada,1,5.0,True,,,,,,,,,,,,,,
RA-1017,FASE 1,,Masculino,2023,Pública,Ágata,6.505333333,0.0,8.0,5.02,7.5,7.7,7.0,8.3,,8.116666667,5.0,Fase 2 (5° e 6° ano),-1,2023,1,0,Defasagem moderada,1,5.0,True,2024.0,0.0,5.0,7.8095238095,6.26,7.1875,7.443333333,10.0,7.345521428500001,Ametista,0,-2.7,-0.1904761905000001,0.8401880955000003
RA-1017,2C,12.0,Masculino,2023,Pública,Ametista,7.345521428500001,9.502,7.8095238095,6.26,7.1875,5.0,2.5,7.5,,7.443333333,10.0,Fase 2 (5° e 6° ano),0,2024,2,1,Em fase / adiantado,0,10.0,True,,,,,,,,,,,,,,
RA-1018,FASE 1,,Masculino,2023,Pública,Ágata,6.824,0.0,8.5,5.02,7.5,6.3,5.8,6.8,,8.06,10.0,Fase 1 (3° e 4° ano),0,2023,1,0,Em fase / adiantado,0,10.0,True,2024.0,-1.0,8.25,7.727272727,6.26,8.4375,8.45,5.0,7.7054045454,Ametista,1,1.9500000000000002,-0.7727272730000001,0.8814045454000006
RA-1018,1A,10.0,Masculino,2023,Pública,Ametista,7.7054045454,8.502,7.727272727,6.26,8.4375,8.25,8.5,8.0,,8.45,5.0,Fase 2 (5° e 6° ano),-1,2024,1,1,Defasagem moderada,1,5.0,True,,,,,,,,,,,,,,
RA-1019,FASE 1,8.0,Feminino,2023,Pública,Ametista,7.177033333,7.5,9.1,5.02,6.875,4.3,0.5,8.0,,7.836666667,10.0,ALFA (1° e 2° ano),1,2023,1,0,Em fase / adiantado,0,10.0,True,2024.0,0.0,8.75,9.3073593075,6.26,7.8125,8.616666667,10.0,8.692255194900001,Topázio,0,4.45,0.20735930750000087,1.5152218619000015
RA-1019,1A,9.0,Feminino,2023,Pública,Topázio,8.692255194900001,9.502,9.3073593075,6.26,7.8125,8.75,9.5,8.0,,8.616666667,10.0,Fase 1 (3° e 4° ano),0,2024,1,1,Em fase / adiantado,0,10.0,True,,,,,,,,,,,,,,
RA-102,4,14.0,Menino,2019,Escola Pública,Ágata,6.922,6.7,7.7,6.9,,5.7,4.7,6.8,5.5,6.0,10.0,Fase 4 (9º ano),0,2022,4,3,Em fase / adiantado,0,10.0,True,,,,,,,,,,,,,,
RA-1020,FASE 1,9.0,Feminino,2023,Pública,Ametista,7.612283333,10.0,9.1,2.52,7.1875,6.1,4.3,7.8,,8.056666667,10.0,Fase 1 (3° e 4° ano),0,2023,1,0,Em fase / adiantado,0,10.0,True,2024.0,0.0,9.0,9.7727272725,6.88,8.4375,8.84,10.0,8.9544954545,Topázio,0,2.9000000000000004,0.6727272724999995,1.3422121215000002
RA-1020,1A,10.0,Feminino,2023,Pública,Topázio,8.9544954545,9.002,9.7727272725,6.88,8.4375,9.0,10.0,8.0,,8.84,10.0,Fase 1 (3° e 4° ano),0,2024,1,1,Em fase / adiantado,0,10.0,True,,,,,,,,,,,,,,
RA-1021,FASE 1,,Masculino,2023,Pública,Ágata,6.964616667,8.0,9.2,3.77,7.1875,3.3,2.5,4.0,,7.893333333,10.0,Fase 1 (3° e 4° ano),0,2023,1,0,Em fase / adiantado,0,10.0,True,2024.0,-1.0,8.0,9.318181818,7.51,8.4375,7.95,5.0,8.0985863636,Topázio,1,4.7,0.11818181800000005,1.1339696966000012
RA-1021,1A,10.0,Masculino,2023,Pública,Topázio,8.0985863636,9.502,9.318181818,7.51,8.4375,8.0,9.0,7.0,,7.95,5.0,Fase 2 (5° e 6° ano),-1,2024,1,1,Defasagem moderada,1,5.0,True,,,,,,,,,,,,,,
RA-1022,FASE 1,9.0,Masculino,2023,Pública,Ametista,7.164616667,8.5,8.5,3.77,7.1875,4.7,4.7,4.7,,7.893333333,10.0,Fase 1 (3° e 4° ano),0,2023,1,0,Em fase / adiantado,0,10.0,True,2024.0,-1.0,6.5,9.318181818,6.26,7.5,8.116666667,5.0,7.613169697000002,Ametista,1,1.7999999999999998,0.8181818179999993,0.448553030000002
RA-1022,1A,10.0,Masculino,2023,Pública,Ametista,7.613169697000002,9.502,9.318181818,6.26,7.5,6.5,5.5,7.5,,8.116666667,5.0,Fase 2 (5° e 6° ano),-1,2024,1,1,Defasagem moderada,1,5.0,True,,,,,,,,,,,,,,
RA-1023,FASE 1,,Feminino,2023,Pública,Topázio,9.1342,10.0,10.0,6.27,8.75,9.1,8.5,9.7,,9.06,10.0,Fase 1 (3° e 4° ano),0,2023,1,0,Em fase / adiantado,0,10.0,True,2024.0,0.0,9.5,9.511904762,9.375,8.958333333,9.563333333,10.0,9.498580952300001,Topázio,0,0.40000000000000036,-0.48809523799999965,0.3643809523000012
RA-1023,2B,10.0,Feminino,2023,Pública,Topázio,9.498580952300001,9.502,9.511904762,9.375,8.958333333,9.5,9.0,10.0,,9.563333333,10.0,Fase 2 (5° e 6° ano),0,2024,2,1,Em fase / adiantado,0,10.0,True,,,,,,,,,,,,,,
RA-1024,FASE 1,10.0,Feminino,2023,Pública,Ametista,7.788875,0.0,10.0,6.27,9.21875,9.8,10.0,9.5,,8.95,5.0,Fase 2 (5° e 6° ano),-1,2023,1,0,Defasagem moderada,1,5.0,True,2024.0,-1.0,10.0,10.0,7.51,8.4375,8.783333333,5.0,8.6516166666,Topázio,1,0.1999999999999993,0.0,0.8627416666000007
RA-1024,1B,11.0,Feminino,2023,Pública,Topázio,8.6516166666,8.002,10.0,7.51,8.4375,10.0,10.0,10.0,,8.783333333,5.0,Fase 2 (5° e 6° ano),-1,2024,1,1,Defasagem moderada,1,5.0,True,,,,,,,,,,,,,,
RA-1025,FASE 1,9.0,Masculino,2023,Pública,Topázio,8.215158333,8.5,8.9,7.52,7.65625,7.5,7.5,7.5,,7.836666667,10.0,Fase 1 (3° e 4° ano),0,2023,1,0,Em fase / adiantado,0,10.0,True,2024.0,-1.0,9.0,7.727272727,7.51,8.4375,7.783333333,5.0,7.897071212,Ametista,1,1.5,-1.1727272730000005,-0.3180871209999996
RA-1025,1A,10.0,Masculino,2023,Pública,Ametista,7.897071212,9.002,7.727272727,7.51,8.4375,9.0,10.0,8.0,,7.783333333,5.0,Fase 2 (5° e 6° ano),-1,2024,1,1,Defasagem moderada,1,5.0,True,,,,,,,,,,,,,,
RA-1026,FASE 1,,Feminino,2023,Pública,Ágata,6.494825,8.5,9.8,7.52,6.40625,3.2,2.3,4.0,,7.06,2.5,Fase 4 (9° ano),-3,2023,1,0,Defasagem severa,1,2.5,True,,,,,,,,,,,,,,
RA-1027,FASE 1,10.0,Feminino,2023,Pública,Ametista,7.748866667,9.5,9.7,7.52,7.5,6.0,4.2,7.7,,8.333333333,5.0,Fase 2 (5° e 6° ano),-1,2023,1,0,Defasagem moderada,1,5.0,True,2024.0,0.0,5.25,10.0,7.51,7.916666667,8.39,10.0,8.220866666700001,Topázio,0,-0.75,0.3000000000000007,0.4719999997000013
RA-1027,2B,11.0,Feminino,2023,Pública,Topázio,8.220866666700001,9.502,10.0,7.51,7.916666667,5.25,6.0,4.5,,8.39,10.0,Fase 2 (5° e 6° ano),0,2024,2,1,Em fase / adiantado,0,10.0,True,,,,,,,,,,,,,,
RA-1028,FASE 1,11.0,Masculino,2023,Pública,Ágata,6.415708333,0.0,9.2,7.52,7.34375,5.0,5.0,5.0,,7.946666667,5.0,Fase 2 (5° e 6° ano),-1,2023,1,0,Defasagem moderada,1,5.0,True,2024.0,-2.0,7.5,7.055335968,5.63,6.875,8.393333333,5.0,7.1404338602,Ametista,1,2.5,-2.1446640319999997,0.7247255271999995
RA-1028,1B,12.0,Masculino,2023,Pública,Ametista,7.1404338602,8.002,7.055335968,5.63,6.875,7.5,6.0,9.0,,8.393333333,5.0,Fase 3 (7° e 8° ano),-2,2024,1,1,Defasagem moderada,1,5.0,True,,,,,,,,,,,,,,
RA-1029,FASE 1,9.0,Feminino,2023,Pública,Ametista,7.058533333,10.0,6.3,3.77,7.5,5.4,3.5,7.2,,8.006666667,10.0,Fase 1 (3° e 4° ano),0,2023,1,0,Em fase / adiantado,0,10.0,True,2024.0,-1.0,8.75,8.7954545455,6.885,7.5,7.25,5.0,7.797790909100001,Ametista,1,3.3499999999999996,2.4954545455000003,0.7392575761000009
RA-1029,1C,10.0,Feminino,2023,Pública,Ametista,7.797790909100001,9.002,8.7954545455,6.885,7.5,8.75,8.0,9.5,,7.25,5.0,Fase 2 (5° e 6° ano),-1,2024,1,1,Defasagem moderada,1,5.0,True,,,,,,,,,,,,,,
RA-103,4,13.0,Menina,2020,Rede Decisão,Topázio,8.107,7.9,8.7,7.5,,7.3,7.3,7.3,7.3,7.708,10.0,Fase 3 (7º e 8º ano),1,2022,4,2,Em fase / adiantado,0,10.0,True,2023.0,1.0,7.1,9.2,5.0,8.125,8.09,10.0,8.0239,Topázio,0,-0.20000000000000018,0.5,-0.08309999999999995
RA-103,FASE 5,14.0,Feminino,2020,Privada - Programa de Apadrinhamento,Topázio,8.0239,8.3,9.2,5.0,8.125,7.1,7.3,6.3,7.7,8.09,10.0,Fase 4 (9° ano),1,2023,5,3,Em fase / adiantado,0,10.0,True,2024.0,0.0,9.166666666666666,9.603174603333335,6.26,7.875,8.872,10.0,8.775268254,Topázio,0,2.0666666666666664,0.4031746033333352,0.7513682540000008
RA-103,5A,15.0,Feminino,2021,Privada - Programa de Apadrinhamento,Topázio,8.775268254,8.334,9.603174603333335,6.26,7.875,9.166666666666666,9.0,9.0,9.5,8.872,10.0,Fase 5 (1° EM),0,2024,5,3,Em fase / adiantado,0,10.0,True,,,,,,,,,,,,,,
RA-1030,FASE 1,,Masculino,2023,Pública,Ametista,7.4027,8.5,9.7,3.77,6.875,6.9,6.2,7.5,,8.39,5.0,Fase 2 (5° e 6° ano),-1,2023,1,0,Defasagem moderada,1,5.0,True,2024.0,0.0,8.0,8.28320802,4.385,7.8125,7.61,10.0,7.7401916040000005,Ametista,0,1.0999999999999996,-1.4167919799999993,0.3374916040000002
RA-1030,2D,12.0,Masculino,2023,Pública,Ametista,7.7401916040000005,7.418,8.28320802,4.385,7.8125,8.0,10.0,6.0,,7.61,10.0,Fase 2 (5° e 6° ano),0,2024,2,1,Em fase / adiantado,0,10.0,True,,,,,,,,,,,,,,
RA-1031,FASE 1,10.0,Masculino,2023,Pública,Ametista,7.0602,8.0,8.8,7.52,6.666666667,5.9,4.8,7.0,,7.006666667,5.0,Fase 2 (5° e 6° ano),-1,2023,1,0,Defasagem moderada,1,5.0,True,2024.0,-1.0,6.25,8.6363636365,7.51,5.3125,5.83,5.0,6.8757227273,Ágata,1,0.34999999999999964,-0.16363636350000021,-0.1844772726999997
RA-1031,1C,11.0,Masculino,2023,Pública,Ágata,6.8757227273,9.502,8.6363636365,7.51,5.3125,6.25,5.5,7.0,,5.83,5.0,Fase 2 (5° e 6° ano),-1,2024,1,1,Defasagem moderada,1,5.0,True,,,,,,,,,,,,,,
RA-1032,FASE 1,,Masculino,2023,Pública,Ametista,7.434033333,8.5,9.5,7.52,7.291666667,6.0,5.7,6.2,,7.563333333,5.0,Fase 2 (5° e 6° ano),-1,2023,1,0,Defasagem moderada,1,5.0,True,2024.0,-1.0,8.0,9.75,7.51,7.8125,7.92,5.0,8.01645,Topázio,1,2.0,0.25,0.5824166670000004
RA-1032,1C,11.0,Masculino,2023,Pública,Topázio,8.01645,8.502,9.75,7.51,7.8125,8.0,9.0,7.0,,7.92,5.0,Fase 2 (5° e 6° ano),-1,2024,1,1,Defasagem moderada,1,5.0,True,,,,,,,,,,,,,,
RA-1033,FASE 1,,Feminino,2023,Pública,Topázio,8.126033333,9.0,8.9,7.52,8.125,7.9,7.0,8.8,,9.006666667,5.0,Fase 2 (5° e 6° ano),-1,2023,1,0,Defasagem moderada,1,5.0,True,,,,,,,,,,,,,,
RA-1034,FASE 1,10.0,Masculino,2023,Pública,Ametista,7.9642,7.5,9.0,7.52,8.333333333,8.3,7.8,8.7,,8.393333333,5.0,Fase 2 (5° e 6° ano),-1,2023,1,0,Defasagem moderada,1,5.0,True,2024.0,0.0,7.5,8.0833333335,7.51,7.708333333,8.223333333,10.0,8.0333666666,Topázio,0,-0.8000000000000007,-0.9166666664999994,0.06916666659999926
RA-1034,2B,11.0,Masculino,2023,Pública,Topázio,8.0333666666,7.502,8.0833333335,7.51,7.708333333,7.5,7.5,7.5,,8.223333333,10.0,Fase 2 (5° e 6° ano),0,2024,2,1,Em fase / adiantado,0,10.0,True,,,,,,,,,,,,,,
RA-1035,FASE 1,9.0,Masculino,2023,Pública,Ágata,6.888833333,0.0,8.3,7.52,7.708333333,5.8,4.0,7.5,,7.78,10.0,Fase 1 (3° e 4° ano),0,2023,1,0,Em fase / adiantado,0,10.0,True,2024.0,-1.0,7.0,9.0227272725,7.51,8.4375,7.92,5.0,7.833495454500001,Ametista,1,1.2000000000000002,0.7227272724999985,0.9446621215000013
RA-1035,1C,10.0,Masculino,2023,Pública,Ametista,7.833495454500001,9.502,9.0227272725,7.51,8.4375,7.0,6.5,7.5,,7.92,5.0,Fase 2 (5° e 6° ano),-1,2024,1,1,Defasagem moderada,1,5.0,True,,,,,,,,,,,,,,
RA-1036,FASE 1,11.0,Feminino,2023,Pública,Ágata,6.970583333,0.0,9.6,3.77,9.0625,8.0,9.0,7.0,,8.336666667,5.0,Fase 2 (5° e 6° ano),-1,2023,1,0,Defasagem moderada,1,5.0,True,2024.0,0.0,7.0,9.0890269155,7.51,7.65625,7.7475,10.0,8.2841303831,Topázio,0,-1.0,-0.5109730844999998,1.3135470501000004
RA-1036,2H,12.0,Feminino,2023,Pública,Topázio,8.2841303831,10.002,9.0890269155,7.51,7.65625,7.0,7.0,7.0,,7.7475,10.0,Fase 2 (5° e 6° ano),0,2024,2,1,Em fase / adiantado,0,10.0,True,,,,,,,,,,,,,,
RA-1037,FASE 1,10.0,Masculino,2023,Pública,Ametista,7.655575,9.0,8.4,7.52,8.59375,6.7,5.0,8.3,,8.17,5.0,Fase 2 (5° e 6° ano),-1,2023,1,0,Defasagem moderada,1,5.0,True,,,,,,,,,,,,,,
RA-1038,FASE 1,10.0,Feminino,2023,Privada,Ametista,7.736825,8.0,9.3,7.52,8.90625,6.5,7.5,5.5,,8.17,5.0,Fase 2 (5° e 6° ano),-1,2023,1,0,Defasagem moderada,1,5.0,True,2024.0,0.0,8.5,7.5438596495,7.51,7.5,7.273333333,10.0,7.9646385965,Ametista,0,2.0,-1.7561403505000008,0.22781359650000077
RA-1038,2I,11.0,Feminino,2023,Pública,Ametista,7.9646385965,8.002,7.5438596495,7.51,7.5,8.5,10.0,7.0,,7.273333333,10.0,Fase 2 (5° e 6° ano),0,2024,2,1,Em fase / adiantado,0,10.0,True,,,,,,,,,,,,,,
RA-1039,FASE 1,,Masculino,2023,Pública,Ametista,7.686033333,8.0,9.9,7.52,8.125,6.2,6.0,6.3,,8.056666667,5.0,Fase 3 (7° e 8° ano),-2,2023,1,0,Defasagem moderada,1,5.0,True,2024.0,-1.0,7.25,9.722222222,7.51,7.5,6.77,5.0,7.549644444400001,Ametista,1,1.0499999999999998,-0.17777777800000116,-0.1363888885999991
RA-1039,2I,13.0,Masculino,2023,Pública,Ametista,7.549644444400001,8.002,9.722222222,7.51,7.5,7.25,8.0,6.5,,6.77,5.0,Fase 3 (7° e 8° ano),-1,2024,2,1,Defasagem moderada,1,5.0,True,,,,,,,,,,,,,,
RA-104,4,18.0,Menino,2022,Escola Pública,Ágata,6.315,7.9,8.7,7.5,,3.7,4.8,5.8,0.3,6.708,2.5,Fase 8 (Universitários),-4,2022,4,0,Defasagem severa,1,2.5,True,2023.0,-3.0,2.6,7.7,2.52,5.625,5.6275,2.5,4.25,Quartzo,1,-1.1,-0.9999999999999991,-2.0650000000000004
RA-104,FASE 5,,Masculino,2022,Pública,Quartzo,4.25,0.0,7.7,2.52,5.625,2.6,3.7,1.8,2.3,5.6275,2.5,Fase 8 (Universitários),-3,2023,5,1,Defasagem severa,1,2.5,True,,,,,,,,,,,,,,
RA-1040,FASE 1,,Masculino,2023,Pública,Ametista,7.81545,10.0,9.3,7.52,7.8125,6.6,5.8,7.3,,8.06,5.0,Fase 2 (5° e 6° ano),-1,2023,1,0,Defasagem moderada,1,5.0,True,2024.0,-1.0,8.25,8.5416666665,7.51,7.5,7.273333333,5.0,7.764199999900001,Ametista,1,1.6500000000000004,-0.7583333335000013,-0.05125000009999958
RA-1040,2I,12.0,Masculino,2023,Pública,Ametista,7.764199999900001,9.502,8.5416666665,7.51,7.5,8.25,8.0,8.5,,7.273333333,5.0,Fase 3 (7° e 8° ano),-1,2024,2,1,Defasagem moderada,1,5.0,True,,,,,,,,,,,,,,
RA-1041,FASE 1,10.0,Feminino,2023,Pública,Ágata,6.724116667,10.0,7.2,7.52,7.8125,3.3,1.8,4.7,,8.003333333,5.0,Fase 2 (5° e 6° ano),-1,2023,1,0,Defasagem moderada,1,5.0,True,,,,,,,,,,,,,,
RA-1042,FASE 1,,Masculino,2023,Pública,Quartzo,5.331166667,0.0,6.5,3.77,7.708333333,4.3,4.0,4.5,,7.666666667,5.0,Fase 2 (5° e 6° ano),-1,2023,1,0,Defasagem moderada,1,5.0,True,,,,,,,,,,,,,,
RA-1043,FASE 1,10.0,Masculino,2023,Pública,Ágata,6.5447,10.0,7.9,6.27,7.708333333,2.5,2.0,3.0,,7.833333333,5.0,Fase 2 (5° e 6° ano),-1,2023,1,0,Defasagem moderada,1,5.0,True,2024.0,-1.0,8.25,7.994071146,7.51,7.291666667,6.553333333,5.0,7.539847562500002,Ametista,1,5.75,0.09407114599999922,0.9951475625000024
RA-1043,1H,11.0,Masculino,2023,Pública,Ametista,7.539847562500002,10.002,7.994071146,7.51,7.291666667,8.25,8.5,8.0,,6.553333333,5.0,Fase 2 (5° e 6° ano),-1,2024,1,1,Defasagem moderada,1,5.0,True,,,,,,,,,,,,,,
RA-1044,FASE 1,10.0,Feminino,2023,Pública,Ametista,7.629533333,8.0,9.7,7.52,7.5,6.1,4.5,7.7,,8.336666667,5.0,Fase 2 (5° e 6° ano),-1,2023,1,0,Defasagem moderada,1,5.0,True,2024.0,0.0,7.0,9.523809524,7.51,7.1875,7.21,10.0,7.966711904800001,Ametista,0,0.9000000000000004,-0.1761904759999986,0.3371785718000009
RA-1044,2G,11.0,Feminino,2023,Pública,Ametista,7.966711904800001,7.502,9.523809524,7.51,7.1875,7.0,7.0,7.0,,7.21,10.0,Fase 2 (5° e 6° ano),0,2024,2,1,Em fase / adiantado,0,10.0,True,,,,,,,,,,,,,,
RA-1045,FASE 1,11.0,Feminino,2023,Pública,Topázio,8.089033333,9.5,9.4,7.52,7.708333333,7.9,6.8,9.0,,8.28,5.0,Fase 2 (5° e 6° ano),-1,2023,1,0,Defasagem moderada,1,5.0,True,,,,,,,,,,,,,,
RA-1046,FASE 1,9.0,Masculino,2023,Pública,Ágata,6.835833333,0.0,8.5,3.77,8.541666667,6.3,6.3,6.3,,8.223333333,10.0,Fase 1 (3° e 4° ano),0,2023,1,0,Em fase / adiantado,0,10.0,True,,,,,,,,,,,,,,
RA-1047,FASE 1,9.0,Masculino,2023,Pública,Ametista,7.848366667,10.0,8.5,3.77,8.125,6.9,5.8,8.0,,7.893333333,10.0,Fase 1 (3° e 4° ano),0,2023,1,0,Em fase / adiantado,0,10.0,True,,,,,,,,,,,,,,
RA-1048,FASE 1,10.0,Feminino,2023,Privada,Ametista,7.811366667,8.5,9.5,3.77,8.541666667,8.2,7.5,8.8,,8.5,5.0,Fase 2 (5° e 6° ano),-1,2023,1,0,Defasagem moderada,1,5.0,True,2024.0,1.0,6.25,6.833333333500001,6.255,7.708333333,8.283333333,10.0,7.5198666666000005,Ametista,0,-1.9499999999999993,-2.6666666664999994,-0.29150000039999924
RA-1048,2A,11.0,Feminino,2023,Privada,Ametista,7.5198666666000005,8.502,6.833333333500001,6.255,7.708333333,6.25,6.5,6.0,,8.283333333,10.0,Fase 1 (3° e 4° ano),1,2024,2,1,Em fase / adiantado,0,10.0,True,,,,,,,,,,,,,,
RA-1049,FASE 1,10.0,Masculino,2023,Pública,Ametista,7.443366667,10.0,7.7,7.52,8.125,6.3,5.5,7.0,,7.943333333,5.0,Fase 2 (5° e 6° ano),-1,2023,1,0,Defasagem moderada,1,5.0,True,2024.0,-1.0,4.5,8.03030303,7.51,7.65625,6.745,5.0,6.821885606,Ágata,1,-1.7999999999999998,0.3303030300000005,-0.6214810609999999
RA-1049,1J,11.0,Masculino,2023,Pública,Ágata,6.821885606,9.502,8.03030303,7.51,7.65625,4.5,4.0,5.0,,6.745,5.0,Fase 2 (5° e 6° ano),-1,2024,1,1,Defasagem moderada,1,5.0,True,,,,,,,,,,,,,,
RA-105,4,17.0,Menino,2016,Rede Decisão,Ágata,6.846,7.9,8.2,5.6,,6.7,7.2,6.2,6.8,7.417,2.5,Fase 7 (3º EM),-3,2022,4,6,Defasagem severa,1,2.5,True,,,,,,,,,,,,,,
RA-1050,FASE 1,11.0,Masculino,2023,Pública,Ametista,7.764366667,9.0,9.2,6.27,8.125,7.2,6.2,8.2,,8.223333333,5.0,Fase 2 (5° e 6° ano),-1,2023,1,0,Defasagem moderada,1,5.0,True,,,,,,,,,,,,,,
RA-1051,FASE 1,9.0,Feminino,2023,Pública,Topázio,8.534866667,8.5,8.9,6.27,8.75,8.4,7.0,9.8,,8.613333333,10.0,Fase 1 (3° e 4° ano),0,2023,1,0,Em fase / adiantado,0,10.0,True,,,,,,,,,,,,,,
RA-1052,FASE 1,,Masculino,2023,Pública,Ágata,6.960333333,0.0,9.0,7.52,7.916666667,5.3,5.0,5.5,,7.833333333,10.0,Fase 1 (3° e 4° ano),0,2023,1,0,Em fase / adiantado,0,10.0,True,2024.0,-1.0,8.25,9.128787879,6.26,8.59375,8.4975,5.0,7.744032575800001,Ametista,1,2.95,0.12878787900000077,0.7836992428000009
RA-1052,1J,10.0,Masculino,2023,Pública,Ametista,7.744032575800001,5.834,9.128787879,6.26,8.59375,8.25,8.5,8.0,,8.4975,5.0,Fase 2 (5° e 6° ano),-1,2024,1,1,Defasagem moderada,1,5.0,True,,,,,,,,,,,,,,
RA-1053,FASE 1,9.0,Masculino,2023,Pública,Ametista,7.776166667,0.0,9.1,6.27,8.958333333,8.6,7.8,9.3,,8.616666667,10.0,Fase 1 (3° e 4° ano),0,2023,1,0,Em fase / adiantado,0,10.0,True,,,,,,,,,,,,,,
RA-1054,FASE 1,,Masculino,2023,Pública,Ametista,7.459533333,8.5,8.6,7.52,7.5,6.6,5.0,8.2,,7.836666667,5.0,Fase 3 (7° e 8° ano),-2,2023,1,0,Defasagem moderada,1,5.0,True,2024.0,-1.0,6.25,7.3291925465,7.51,7.1875,6.75,5.0,6.985788509300001,Ágata,1,-0.34999999999999964,-1.2708074534999998,-0.4737448236999997
RA-1054,2G,13.0,Masculino,2023,Pública,Ágata,6.985788509300001,9.502,7.3291925465,7.51,7.1875,6.25,6.0,6.5,,6.75,5.0,Fase 3 (7° e 8° ano),-1,2024,2,1,Defasagem moderada,1,5.0,True,,,,,,,,,,,,,,
RA-1055,FASE 1,11.0,Masculino,2023,Pública,Quartzo,5.9765,0.0,7.2,7.52,7.291666667,5.5,6.0,5.0,,7.276666667,5.0,Fase 2 (5° e 6° ano),-1,2023,1,0,Defasagem moderada,1,5.0,True,2024.0,-2.0,5.5,5.7954545455,7.51,7.1875,5.87,5.0,6.403040909100001,Ágata,1,0.0,-1.4045454545,0.42654090910000164
RA-1055,1J,12.0,Masculino,2023,Pública,Ágata,6.403040909100001,10.002,5.7954545455,7.51,7.1875,5.5,4.0,7.0,,5.87,5.0,Fase 3 (7° e 8° ano),-2,2024,1,1,Defasagem moderada,1,5.0,True,,,,,,,,,,,,,,
RA-1056,FASE 1,9.0,Masculino,2023,Pública,Topázio,8.551741667,8.5,9.6,7.52,7.96875,8.1,7.8,8.3,,8.113333333,10.0,Fase 1 (3° e 4° ano),0,2023,1,0,Em fase / adiantado,0,10.0,True,2024.0,-1.0,8.25,9.2857142855,7.51,9.166666667,8.335,5.0,8.192009523800001,Topázio,1,0.15000000000000036,-0.3142857145000004,-0.3597321431999987
RA-1056,1L,10.0,Masculino,2023,Pública,Topázio,8.192009523800001,8.502,9.2857142855,7.51,9.166666667,8.25,8.5,8.0,,8.335,5.0,Fase 2 (5° e 6° ano),-1,2024,1,1,Defasagem moderada,1,5.0,True,,,,,,,,,,,,,,
RA-1057,FASE 1,9.0,Feminino,2023,Pública,Topázio,8.4827,10.0,10.0,7.52,8.125,6.3,6.5,6.0,,8.34,10.0,Fase 1 (3° e 4° ano),0,2023,1,0,Em fase / adiantado,0,10.0,True,2024.0,-1.0,8.0,10.0,6.26,8.75,8.17,5.0,8.2352,Topázio,1,1.7000000000000002,0.0,-0.24749999999999872
RA-1057,1L,10.0,Feminino,2023,Pública,Topázio,8.2352,10.002,10.0,6.26,8.75,8.0,8.0,8.0,,8.17,5.0,Fase 2 (5° e 6° ano),-1,2024,1,1,Defasagem moderada,1,5.0,True,,,,,,,,,,,,,,
RA-1058,FASE 1,,Feminino,2023,Pública,Ametista,7.356533333,10.0,8.7,3.14,7.083333333,5.4,4.0,6.7,,7.62,10.0,Fase 1 (3° e 4° ano),0,2023,1,0,Em fase / adiantado,0,10.0,True,2024.0,-1.0,7.75,8.095238095,6.88,8.125,8.085,5.0,7.703347619,Ametista,1,2.3499999999999996,-0.6047619050000002,0.34681428599999986
RA-1058,1K,10.0,Feminino,2023,Pública,Ametista,7.703347619,9.168,8.095238095,6.88,8.125,7.75,7.5,8.0,,8.085,5.0,Fase 2 (5° e 6° ano),-1,2024,1,1,Defasagem moderada,1,5.0,True,,,,,,,,,,,,,,
RA-1059,FASE 1,,Masculino,2023,Pública,Ametista,7.763741667,10.0,9.8,2.52,7.96875,7.6,6.2,9.0,,8.673333333,5.0,Fase 2 (5° e 6° ano),-1,2023,1,0,Defasagem moderada,1,5.0,True,2024.0,0.0,7.5,10.0,6.26,9.0625,9.23,10.0,8.678450000000002,Topázio,0,-0.09999999999999964,0.1999999999999993,0.9147083330000019
RA-1059,2M,11.0,Masculino,2023,Pública,Topázio,8.678450000000002,8.002,10.0,6.26,9.0625,7.5,7.5,7.5,,9.23,10.0,Fase 2 (5° e 6° ano),0,2024,2,1,Em fase / adiantado,0,10.0,True,,,,,,,,,,,,,,
RA-106,4,15.0,Menina,2016,Rede Decisão,Ametista,7.973,9.2,8.0,9.4,,7.4,7.8,7.2,7.2,8.375,5.0,Fase 5 (1º EM),-1,2022,4,6,Defasagem moderada,1,5.0,True,2023.0,0.0,7.3,9.1,5.0,7.03125,7.5075,10.0,7.769658333,Ametista,0,-0.10000000000000053,1.0999999999999996,-0.20334166700000011
RA-106,FASE 5,15.0,Feminino,2016,Privada - Programa de Apadrinhamento,Ametista,7.769658333,7.9,9.1,5.0,7.03125,7.3,6.7,6.8,8.3,7.5075,10.0,Fase 5 (1° EM),0,2023,5,7,Em fase / adiantado,0,10.0,True,2024.0,0.0,5.666666666666667,8.761904762,5.635,7.8125,7.872,10.0,7.721664285733334,Ametista,0,-1.6333333333333329,-0.3380952379999993,-0.04799404726666534
RA-106,6A,16.0,Feminino,2021,Privada - Programa de Apadrinhamento,Ametista,7.721664285733334,9.168,8.761904762,5.635,7.8125,5.666666666666667,7.0,3.5,6.5,7.872,10.0,Fase 6 (2° EM),0,2024,6,3,Em fase / adiantado,0,10.0,True,,,,,,,,,,,,,,
RA-1060,FASE 1,,Masculino,2023,Pública,Ametista,7.095741667,9.0,8.6,3.14,7.96875,5.7,4.3,7.0,,8.673333333,5.0,Fase 2 (5° e 6° ano),-1,2023,1,0,Defasagem moderada,1,5.0,True,2024.0,0.0,3.25,6.0,6.26,7.8125,6.163333333,10.0,6.448416666600001,Ágata,0,-2.45,-2.5999999999999996,-0.6473250003999995
RA-1060,2M,12.0,Masculino,2023,Pública,Ágata,6.448416666600001,9.585,6.0,6.26,7.8125,3.25,3.5,3.0,,6.163333333,10.0,Fase 2 (5° e 6° ano),0,2024,2,1,Em fase / adiantado,0,10.0,True,,,,,,,,,,,,,,
RA-1061,FASE 1,10.0,Masculino,2023,Pública,Topázio,8.196533333,9.5,9.7,3.14,8.75,9.3,8.8,9.7,,8.836666667,5.0,Fase 2 (5° e 6° ano),-1,2023,1,0,Defasagem moderada,1,5.0,True,2024.0,0.0,8.5,10.0,6.26,8.4375,8.73,10.0,8.76595,Topázio,0,-0.8000000000000007,0.3000000000000007,0.5694166670000005
RA-1061,2M,11.0,Masculino,2023,Pública,Topázio,8.76595,8.502,10.0,6.26,8.4375,8.5,7.0,10.0,,8.73,10.0,Fase 2 (5° e 6° ano),0,2024,2,1,Em fase / adiantado,0,10.0,True,,,,,,,,,,,,,,
RA-1062,FASE 1,,Masculino,2023,Pública,Ametista,7.448841667,7.4,7.7,3.77,8.59375,6.2,4.8,7.5,,8.503333333,10.0,Fase 1 (3° e 4° ano),0,2023,1,0,Em fase / adiantado,0,10.0,True,2024.0,-1.0,7.25,9.047619048,5.63,8.75,8.085,5.0,7.6147238096,Ametista,1,1.0499999999999998,1.3476190479999994,0.16588214260000012
RA-1062,1L,10.0,Masculino,2023,Pública,Ametista,7.6147238096,8.002,9.047619048,5.63,8.75,7.25,6.5,8.0,,8.085,5.0,Fase 2 (5° e 6° ano),-1,2024,1,1,Defasagem moderada,1,5.0,True,,,,,,,,,,,,,,
RA-1063,FASE 1,,Masculino,2023,Privada - Programa de Apadrinhamento,Ametista,7.490825,9.5,9.5,7.52,6.40625,5.9,4.7,7.0,,7.89,5.0,Fase 2 (5° e 6° ano),-1,2023,1,0,Defasagem moderada,1,5.0,True,2024.0,-1.0,7.75,9.75,7.51,7.8125,6.11,5.0,7.279250000000001,Ametista,1,1.8499999999999996,0.25,-0.21157499999999896
RA-1063,2N,12.0,Masculino,2023,Pública,Ametista,7.279250000000001,5.25,9.75,7.51,7.8125,7.75,9.0,6.5,,6.11,5.0,Fase 3 (7° e 8° ano),-1,2024,2,1,Defasagem moderada,1,5.0,True,,,,,,,,,,,,,,
RA-1064,FASE 1,10.0,Masculino,2023,Pública,Topázio,8.4777,8.5,9.8,7.52,9.375,8.6,8.3,8.8,,8.84,5.0,Fase 2 (5° e 6° ano),-1,2023,1,0,Defasagem moderada,1,5.0,True,2024.0,0.0,8.5,9.7368421055,7.51,8.75,8.783333333,10.0,8.9802350877,Topázio,0,-0.09999999999999964,-0.06315789450000153,0.5025350877000001
RA-1064,2N,11.0,Masculino,2023,Pública,Topázio,8.9802350877,9.502,9.7368421055,7.51,8.75,8.5,8.0,9.0,,8.783333333,10.0,Fase 2 (5° e 6° ano),0,2024,2,1,Em fase / adiantado,0,10.0,True,,,,,,,,,,,,,,
RA-1065,FASE 1,,Feminino,2023,Pública,Topázio,8.03395,8.5,9.6,7.52,8.4375,7.0,7.7,6.3,,8.84,5.0,Fase 2 (5° e 6° ano),-1,2023,1,0,Defasagem moderada,1,5.0,True,2024.0,0.0,9.25,8.8152173915,6.26,9.0625,8.84,10.0,8.8634934783,Topázio,0,2.25,-0.7847826085000005,0.8295434782999997
RA-1065,2N,11.0,Feminino,2023,Pública,Topázio,8.8634934783,9.502,8.8152173915,6.26,9.0625,9.25,9.0,9.5,,8.84,10.0,Fase 2 (5° e 6° ano),0,2024,2,1,Em fase / adiantado,0,10.0,True,,,,,,,,,,,,,,
RA-1066,FASE 1,10.0,Feminino,2023,Pública,Ametista,7.262616667,8.5,6.6,7.52,8.4375,6.2,4.2,8.2,,8.783333333,5.0,Fase 2 (5° e 6° ano),-1,2023,1,0,Defasagem moderada,1,5.0,True,2024.0,0.0,7.25,8.3954451345,6.26,7.5,7.386666667,10.0,7.9326223603,Ametista,0,1.0499999999999998,1.7954451344999995,0.6700056933000003
RA-1066,2L,11.0,Feminino,2023,Pública,Ametista,7.9326223603,9.502,8.3954451345,6.26,7.5,7.25,7.0,7.5,,7.386666667,10.0,Fase 2 (5° e 6° ano),0,2024,2,1,Em fase / adiantado,0,10.0,True,,,,,,,,,,,,,,
RA-1067,FASE 1,10.0,Masculino,2023,Pública,Ágata,6.541458333,0.0,7.9,7.52,8.28125,5.4,4.5,6.3,,9.006666667,5.0,Fase 2 (5° e 6° ano),-1,2023,1,0,Defasagem moderada,1,5.0,True,2024.0,-1.0,6.75,8.333333332999999,7.51,8.541666667,8.59,5.0,7.840033333300001,Ametista,1,1.3499999999999996,0.43333333299999843,1.2985750003000014
RA-1067,1K,11.0,Masculino,2023,Pública,Ametista,7.840033333300001,10.002,8.333333332999999,7.51,8.541666667,6.75,6.5,7.0,,8.59,5.0,Fase 2 (5° e 6° ano),-1,2024,1,1,Defasagem moderada,1,5.0,True,,,,,,,,,,,,,,
RA-1068,FASE 1,,Masculino,2023,Pública,Topázio,8.472533333,8.5,9.3,6.89,9.166666667,9.0,8.3,9.7,,9.283333333,5.0,Fase 2 (5° e 6° ano),-1,2023,1,0,Defasagem moderada,1,5.0,True,2024.0,0.0,9.5,9.068181818,7.51,8.541666667,8.73,10.0,9.0150030303,Topázio,0,0.5,-0.23181818200000137,0.5424696973000014
RA-1068,2R,11.0,Masculino,2023,Pública,Topázio,9.0150030303,9.502,9.068181818,7.51,8.541666667,9.5,9.0,10.0,,8.73,10.0,Fase 2 (5° e 6° ano),0,2024,2,1,Em fase / adiantado,0,10.0,True,,,,,,,,,,,,,,
RA-1069,FASE 1,11.0,Masculino,2023,Pública,Ametista,7.590033333,9.0,7.8,7.52,8.125,7.1,7.5,6.7,,8.226666667,5.0,Fase 2 (5° e 6° ano),-1,2023,1,0,Defasagem moderada,1,5.0,True,2024.0,0.0,6.25,7.0760869565,7.51,8.125,7.75,10.0,7.678917391300001,Ametista,0,-0.8499999999999996,-0.7239130434999996,0.08888405830000057
RA-1069,2K,12.0,Masculino,2023,Pública,Ametista,7.678917391300001,9.002,7.0760869565,7.51,8.125,6.25,7.0,5.5,,7.75,10.0,Fase 2 (5° e 6° ano),0,2024,2,1,Em fase / adiantado,0,10.0,True,,,,,,,,,,,,,,
RA-107,4,15.0,Menina,2018,Escola Pública,Ágata,6.258,7.5,6.4,7.5,,4.6,3.3,4.3,6.0,6.5,5.0,Fase 5 (1º EM),-1,2022,4,4,Defasagem moderada,1,5.0,True,2023.0,0.0,7.0,8.5,5.0,7.34375,7.5875,10.0,6.845208333,Ágata,0,2.4000000000000004,2.0999999999999996,0.5872083330000004
RA-107,FASE 5,15.0,Feminino,2018,Pública,Ágata,6.845208333,0.0,8.5,5.0,7.34375,7.0,6.0,5.2,9.7,7.5875,10.0,Fase 5 (1° EM),0,2023,5,5,Em fase / adiantado,0,10.0,True,2024.0,-1.0,4.666666666666667,7.9949874686666655,7.51,7.5,6.964,5.0,6.676130827066667,Ágata,1,-2.333333333333333,-0.5050125313333345,-0.16907750593333315
RA-107,5D,16.0,Feminino,2021,Pública,Ágata,6.676130827066667,7.5,7.9949874686666655,7.51,7.5,4.666666666666667,0.0,4.5,9.5,6.964,5.0,Fase 6 (2° EM),-1,2024,5,3,Defasagem moderada,1,5.0,True,,,,,,,,,,,,,,
RA-1070,FASE 1,11.0,Masculino,2023,Pública,Ágata,6.939033333,9.0,7.8,3.14,7.708333333,5.8,5.3,6.3,,8.67,5.0,Fase 2 (5° e 6° ano),-1,2023,1,0,Defasagem moderada,1,5.0,True,2024.0,-1.0,2.25,9.3073593075,5.635,6.875,6.6225,5.0,6.287171861500001,Ágata,1,-3.55,1.5073593075000007,-0.6518614714999993
RA-1070,1P,12.0,Masculino,2023,Pública,Ágata,6.287171861500001,9.002,9.3073593075,5.635,6.875,2.25,4.5,0.0,,6.6225,5.0,Fase 2 (5° e 6° ano),-1,2024,1,1,Defasagem moderada,1,5.0,True,,,,,,,,,,,,,,
RA-1071,FASE 1,11.0,Masculino,2023,Pública,Ágata,6.414033333,9.0,8.6,7.52,5.625,3.5,1.7,5.3,,6.396666667,5.0,Fase 2 (5° e 6° ano),-1,2023,1,0,Defasagem moderada,1,5.0,True,2024.0,-1.0,4.5,4.188311688500001,7.51,4.166666667,2.996666667,5.0,4.8048623378,Quartzo,1,1.0,-4.411688311499999,-1.6091709951999995
RA-1071,2R,12.0,Masculino,2023,Pública,Quartzo,4.8048623378,8.002,4.188311688500001,7.51,4.166666667,4.5,4.0,5.0,,2.996666667,5.0,Fase 3 (7° e 8° ano),-1,2024,2,1,Defasagem moderada,1,5.0,True,,,,,,,,,,,,,,
RA-1072,FASE 2,11.0,Masculino,2023,Pública,Topázio,8.0152,9.0,8.6,5.0,8.125,6.7,5.2,8.2,,8.7125,10.0,Fase 2 (5° e 6° ano),0,2023,2,0,Em fase / adiantado,0,10.0,True,2024.0,0.0,8.166666666666666,5.627886710333333,8.755,7.96875,7.545,10.0,7.8153856754,Ametista,0,1.466666666666666,-2.972113289666667,-0.19981432460000015
RA-1072,3B,12.0,Masculino,2023,Pública,Ametista,7.8153856754,8.751,5.627886710333333,8.755,7.96875,8.166666666666666,8.0,7.0,9.5,7.545,10.0,Fase 3 (7° e 8° ano),0,2024,3,1,Em fase / adiantado,0,10.0,True,,,,,,,,,,,,,,
RA-1073,FASE 2,,Feminino,2023,Pública,Ágata,6.384333333,0.0,8.8,2.52,8.333333333,6.2,4.8,7.5,,9.045,5.0,Fase 3 (7° e 8° ano),-1,2023,2,0,Defasagem moderada,1,5.0,True,2024.0,0.0,6.5,6.370972886666667,7.5,6.875,5.7875,10.0,7.0859945773333335,Ametista,0,0.2999999999999998,-2.4290271133333334,0.7016612443333337
RA-1073,3A,13.0,Feminino,2022,Pública,Ametista,7.0859945773333335,9.168,6.370972886666667,7.5,6.875,6.5,6.5,5.0,8.0,5.7875,10.0,Fase 3 (7° e 8° ano),0,2024,3,2,Em fase / adiantado,0,10.0,True,,,,,,,,,,,,,,
RA-1074,FASE 2,12.0,Feminino,2023,Pública,Ágata,6.195833333,0.0,9.8,2.52,7.083333333,6.0,8.0,4.0,,7.8775,5.0,Fase 3 (7° e 8° ano),-1,2023,2,0,Defasagem moderada,1,5.0,True,,,,,,,,,,,,,,
RA-1075,FASE 2,12.0,Feminino,2023,Pública,Ágata,6.591333333,0.0,9.6,5.0,7.708333333,5.5,5.0,6.0,,9.0025,5.0,Fase 3 (7° e 8° ano),-1,2023,2,0,Defasagem moderada,1,5.0,True,2024.0,-1.0,6.0,8.5154061625,3.755,7.708333333,7.553333333,5.0,6.8100812324,Ágata,1,0.5,-1.0845938375,0.21874789940000028
RA-1075,2A,13.0,Feminino,2023,Pública,Ágata,6.8100812324,7.5,8.5154061625,3.755,7.708333333,6.0,5.0,7.0,,7.553333333,5.0,Fase 3 (7° e 8° ano),-1,2024,2,1,Defasagem moderada,1,5.0,True,,,,,,,,,,,,,,
RA-1076,FASE 2,,Feminino,2023,Pública,Ametista,7.901033333,9.0,9.7,2.52,8.333333333,8.5,9.0,8.0,,8.8775,5.0,Fase 3 (7° e 8° ano),-1,2023,2,0,Defasagem moderada,1,5.0,True,2024.0,0.0,6.333333333333333,7.777033492666668,8.125,7.03125,6.5425,10.0,7.479598365200001,Ametista,0,-2.166666666666667,-1.9229665073333315,-0.4214349677999989
RA-1076,3A,13.0,Feminino,2021,Pública,Ametista,7.479598365200001,8.334,7.777033492666668,8.125,7.03125,6.333333333333333,5.5,6.5,7.0,6.5425,10.0,Fase 3 (7° e 8° ano),0,2024,3,3,Em fase / adiantado,0,10.0,True,,,,,,,,,,,,,,
RA-1077,FASE 2,,Masculino,2023,Pública,Ametista,7.2115,0.0,9.7,2.52,8.75,7.3,6.8,7.8,,8.4225,10.0,Fase 2 (5° e 6° ano),0,2023,2,0,Em fase / adiantado,0,10.0,True,2024.0,0.0,2.0,7.703703703666666,6.885,6.40625,6.37,10.0,5.543865740733334,Quartzo,0,-5.3,-1.996296296333333,-1.6676342592666664
RA-1077,3D,12.0,Masculino,2023,Pública,Quartzo,5.543865740733334,0.0,7.703703703666666,6.885,6.40625,2.0,0.0,6.0,0.0,6.37,10.0,Fase 3 (7° e 8° ano),0,2024,3,1,Em fase / adiantado,0,10.0,True,,,,,,,,,,,,,,
RA-1078,FASE 2,14.0,Masculino,2023,Pública,Ágata,6.472333333,5.3,6.8,2.52,8.958333333,6.4,4.3,8.5,,8.2975,5.0,Fase 4 (9° ano),-2,2023,2,0,Defasagem moderada,1,5.0,True,,,,,,,,,,,,,,
RA-1079,FASE 2,,Masculino,2023,Pública,Ágata,6.916533333,9.0,8.1,2.52,7.083333333,7.6,7.3,7.8,,7.13,5.0,Fase 3 (7° e 8° ano),-1,2023,2,0,Defasagem moderada,1,5.0,True,2024.0,0.0,6.333333333333333,4.516498316333333,2.51,4.21875,4.1625,10.0,5.4253413299333335,Quartzo,0,-1.2666666666666666,-3.5835016836666664,-1.4911920030666668
RA-1079,3B,13.0,Masculino,2023,Pública,Quartzo,5.4253413299333335,7.5,4.516498316333333,2.51,4.21875,6.333333333333333,5.0,7.5,6.5,4.1625,10.0,Fase 3 (7° e 8° ano),0,2024,3,1,Em fase / adiantado,0,10.0,True,,,,,,,,,,,,,,
RA-108,4,17.0,Menina,2019,Escola Pública,Quartzo,5.547,4.6,7.7,5.0,,5.0,3.0,5.8,6.2,6.125,2.5,Fase 7 (3º EM),-3,2022,4,3,Defasagem severa,1,2.5,True,2023.0,-2.0,2.9,7.3,2.52,4.375,5.59,5.0,4.9308,Quartzo,1,-2.1,-0.40000000000000036,-0.6162000000000001
RA-108,FASE 5,,Feminino,2019,Concluiu o 3º EM,Quartzo,4.9308,5.8,7.3,2.52,4.375,2.9,2.7,3.2,2.8,5.59,5.0,Fase 7 (3° EM),-2,2023,5,4,Defasagem moderada,1,5.0,True,,,,,,,,,,,,,,
RA-1080,FASE 2,12.0,Masculino,2023,Pública,Ágata,6.571966667,7.9,10.0,5.0,8.541666667,1.5,0.0,3.0,,8.13,5.0,Fase 3 (7° e 8° ano),-1,2023,2,0,Defasagem moderada,1,5.0,True,,,,,,,,,,,,,,
RA-1081,FASE 2,14.0,Feminino,2023,Pública,Ametista,7.666033333,10.0,10.0,2.52,8.958333333,6.5,8.0,5.0,,8.59,5.0,Fase 4 (9° ano),-2,2023,2,0,Defasagem moderada,1,5.0,True,2024.0,0.0,8.833333333333334,9.523809523666666,5.005,9.166666667,8.95,10.0,8.5452952381,Topázio,0,2.333333333333334,-0.47619047633333444,0.8792619050999999
RA-1081,4C,15.0,Feminino,2023,Privada - Programa de Apadrinhamento,Topázio,8.5452952381,6.667,9.523809523666666,5.005,9.166666667,8.833333333333334,9.5,8.0,9.0,8.95,10.0,Fase 4 (9° ano),0,2024,4,1,Em fase / adiantado,0,10.0,True,,,,,,,,,,,,,,
RA-1082,FASE 2,,Feminino,2023,Pública,Ametista,7.1617,9.5,9.5,2.52,8.75,5.0,3.5,6.5,,8.4225,5.0,Fase 3 (7° e 8° ano),-1,2023,2,0,Defasagem moderada,1,5.0,True,2024.0,-1.0,3.75,7.5714285715,10.0,7.083333333,6.943333333,5.0,6.6114857142,Ágata,1,-1.25,-1.9285714284999997,-0.5502142858000001
RA-1082,2A,13.0,Feminino,2023,Pública,Ágata,6.6114857142,7.502,7.5714285715,10.0,7.083333333,3.75,2.0,5.5,,6.943333333,5.0,Fase 3 (7° e 8° ano),-1,2024,2,1,Defasagem moderada,1,5.0,True,,,,,,,,,,,,,,
RA-1083,FASE 2,10.0,Feminino,2023,Pública,Topázio,8.2345,6.8,10.0,5.0,8.75,7.5,7.0,8.0,,8.38,10.0,Fase 2 (5° e 6° ano),0,2023,2,0,Em fase / adiantado,0,10.0,True,,,,,,,,,,,,,,
RA-1084,FASE 2,11.0,Feminino,2023,Pública,Ametista,7.9948,8.4,10.0,2.52,8.75,6.8,5.0,8.5,,8.38,10.0,Fase 2 (5° e 6° ano),0,2023,2,0,Em fase / adiantado,0,10.0,True,2024.0,0.0,3.6666666666666665,7.705263158,5.63,7.03125,7.4575,10.0,6.9071109649333335,Ágata,0,-3.1333333333333333,-2.294736842,-1.0876890350666661
RA-1084,3A,12.0,Feminino,2023,Pública,Ágata,6.9071109649333335,8.751,7.705263158,5.63,7.03125,3.6666666666666665,1.0,6.0,4.0,7.4575,10.0,Fase 3 (7° e 8° ano),0,2024,3,1,Em fase / adiantado,0,10.0,True,,,,,,,,,,,,,,
RA-1085,FASE 2,12.0,Feminino,2023,Pública,Ágata,6.563833333,0.0,9.8,2.52,8.958333333,6.7,6.0,7.3,,8.13,5.0,Fase 3 (7° e 8° ano),-1,2023,2,0,Defasagem moderada,1,5.0,True,,,,,,,,,,,,,,
RA-1086,FASE 2,12.0,Feminino,2023,Pública,Ametista,7.2382,8.5,9.4,2.52,8.75,5.7,6.0,5.3,,8.755,5.0,Fase 3 (7° e 8° ano),-1,2023,2,0,Defasagem moderada,1,5.0,True,,,,,,,,,,,,,,
RA-1087,FASE 2,12.0,Feminino,2023,Pública,Ametista,7.2067,10.0,9.5,2.52,8.75,5.4,3.7,7.0,,8.0475,5.0,Fase 3 (7° e 8° ano),-1,2023,2,0,Defasagem moderada,1,5.0,True,2024.0,0.0,2.6666666666666665,8.393265993333333,8.755,7.1875,6.58,10.0,6.913936532,Ágata,0,-2.733333333333334,-1.1067340066666667,-0.2927634679999995
RA-1087,3B,13.0,Feminino,2023,Pública,Ágata,6.913936532,7.917,8.393265993333333,8.755,7.1875,2.6666666666666665,2.0,5.0,1.0,6.58,10.0,Fase 3 (7° e 8° ano),0,2024,3,1,Em fase / adiantado,0,10.0,True,,,,,,,,,,,,,,
RA-1088,FASE 2,13.0,Masculino,2023,Pública,Ametista,7.4717,9.5,9.8,2.52,8.75,6.8,6.0,7.5,,7.9225,5.0,Fase 3 (7° e 8° ano),-1,2023,2,0,Defasagem moderada,1,5.0,True,,,,,,,,,,,,,,
RA-1089,FASE 2,,Feminino,2023,Pública,Ametista,7.9947,9.0,9.5,2.52,8.75,7.0,6.0,8.0,,8.3375,10.0,Fase 2 (5° e 6° ano),0,2023,2,0,Em fase / adiantado,0,10.0,True,2024.0,0.0,6.833333333333333,7.039682539666667,8.13,7.1875,6.995,10.0,7.6221531746,Ametista,0,-0.16666666666666696,-2.460317460333333,-0.3725468253999997
RA-1089,3D,12.0,Feminino,2023,Pública,Ametista,7.6221531746,9.168,7.039682539666667,8.13,7.1875,6.833333333333333,6.0,6.0,8.5,6.995,10.0,Fase 3 (7° e 8° ano),0,2024,3,1,Em fase / adiantado,0,10.0,True,,,,,,,,,,,,,,
RA-109,4,16.0,Menino,2021,Rede Decisão,Topázio,8.512,8.8,10.0,8.8,,8.4,7.8,7.5,9.9,8.667,5.0,Fase 6 (2º EM),-2,2022,4,1,Defasagem moderada,1,5.0,True,2023.0,-1.0,8.3,9.9,7.52,8.75,8.59,5.0,8.3184,Topázio,1,-0.09999999999999964,-0.09999999999999964,-0.1936
RA-109,FASE 6,,Masculino,2021,Privada - Programa de Apadrinhamento,Topázio,8.3184,8.3,9.9,7.52,8.75,8.3,7.0,8.2,9.7,8.59,5.0,Fase 7 (3° EM),-1,2023,6,2,Defasagem moderada,1,5.0,True,,,,,,,,,,,,,,
RA-1090,FASE 2,13.0,Masculino,2023,Pública,Ametista,7.844033333,9.0,9.6,2.52,8.958333333,9.0,8.7,9.3,,7.88,5.0,Fase 3 (7° e 8° ano),-1,2023,2,0,Defasagem moderada,1,5.0,True,2024.0,0.0,6.333333333333333,7.621832358666666,7.51,7.8125,7.4175,10.0,7.7652831384,Ametista,0,-2.666666666666667,-1.978167641333334,-0.07875019459999955
RA-1090,3D,14.0,Masculino,2023,Pública,Ametista,7.7652831384,9.585,7.621832358666666,7.51,7.8125,6.333333333333333,3.5,7.5,8.0,7.4175,10.0,Fase 3 (7° e 8° ano),0,2024,3,1,Em fase / adiantado,0,10.0,True,,,,,,,,,,,,,,
RA-1091,FASE 2,12.0,Masculino,2023,Pública,Topázio,8.032533333,8.5,9.0,2.52,8.958333333,9.5,9.3,9.7,,9.1725,5.0,Fase 3 (7° e 8° ano),-1,2023,2,0,Defasagem moderada,1,5.0,True,,,,,,,,,,,,,,
RA-1092,FASE 2,12.0,Masculino,2023,Pública,Ametista,7.41,7.8,9.8,2.52,8.75,6.9,6.0,7.8,,8.2975,5.0,Fase 3 (7° e 8° ano),-1,2023,2,0,Defasagem moderada,1,5.0,True,,,,,,,,,,,,,,
RA-1093,FASE 2,11.0,Masculino,2023,Pública,Topázio,8.197533333,7.0,9.3,2.52,8.958333333,9.2,9.3,9.0,,8.2975,10.0,Fase 2 (5° e 6° ano),0,2023,2,0,Em fase / adiantado,0,10.0,True,2024.0,0.0,8.666666666666666,7.722222222333333,8.13,8.90625,8.8825,10.0,8.5079027778,Topázio,0,-0.5333333333333332,-1.5777777776666673,0.3103694447999992
RA-1093,3D,12.0,Masculino,2023,Pública,Topázio,8.5079027778,7.5,7.722222222333333,8.13,8.90625,8.666666666666666,8.5,8.0,9.5,8.8825,10.0,Fase 3 (7° e 8° ano),0,2024,3,1,Em fase / adiantado,0,10.0,True,,,,,,,,,,,,,,
RA-1094,FASE 2,11.0,Feminino,2023,Pública,Topázio,8.1779,7.8,9.5,2.52,8.75,8.5,7.8,9.2,,8.3375,10.0,Fase 2 (5° e 6° ano),0,2023,2,0,Em fase / adiantado,0,10.0,True,2024.0,0.0,7.333333333333333,9.523809523666666,2.51,8.4375,8.1675,10.0,8.0164785714,Topázio,0,-1.166666666666667,0.023809523666665555,-0.16142142859999886
RA-1094,3D,12.0,Feminino,2023,Pública,Topázio,8.0164785714,9.168,9.523809523666666,2.51,8.4375,7.333333333333333,6.0,7.5,8.5,8.1675,10.0,Fase 3 (7° e 8° ano),0,2024,3,1,Em fase / adiantado,0,10.0,True,,,,,,,,,,,,,,
RA-1095,FASE 2,,Masculino,2023,Pública,Ágata,6.238,0.0,9.8,2.52,8.75,5.3,5.8,4.7,,8.005,5.0,Fase 3 (7° e 8° ano),-1,2023,2,0,Defasagem moderada,1,5.0,True,2024.0,0.0,2.3333333333333335,7.84502924,7.51,5.46875,5.125,10.0,6.108547514666667,Ágata,0,-2.9666666666666663,-1.954970760000001,-0.1294524853333332
RA-1095,3D,14.0,Masculino,2023,Pública,Ágata,6.108547514666667,7.5,7.84502924,7.51,5.46875,2.3333333333333335,3.0,2.0,2.0,5.125,10.0,Fase 3 (7° e 8° ano),0,2024,3,1,Em fase / adiantado,0,10.0,True,,,,,,,,,,,,,,
RA-1096,FASE 2,,Feminino,2023,Pública,Topázio,8.615533333,9.5,9.9,2.52,8.958333333,9.6,9.5,9.7,,8.0875,10.0,Fase 2 (5° e 6° ano),0,2023,2,0,Em fase / adiantado,0,10.0,True,2024.0,1.0,8.5,9.866666666666667,8.755,9.0625,9.09,10.0,9.189883333333334,Topázio,0,-1.0999999999999996,-0.033333333333333215,0.5743500003333342
RA-1096,3B,11.0,Feminino,2023,Pública,Topázio,9.189883333333334,9.168,9.866666666666667,8.755,9.0625,8.5,8.5,7.0,10.0,9.09,10.0,Fase 2 (5° e 6° ano),1,2024,3,1,Em fase / adiantado,0,10.0,True,,,,,,,,,,,,,,
RA-1097,FASE 2,,Masculino,2023,Pública,Ágata,6.9547,9.5,8.6,5.0,8.125,5.4,4.3,6.5,,6.96,5.0,Fase 4 (9° ano),-2,2023,2,0,Defasagem moderada,1,5.0,True,2024.0,-1.0,3.0,4.849791144666667,6.25,6.041666667,5.88,5.0,5.475324895633334,Quartzo,1,-2.4000000000000004,-3.750208855333333,-1.4793751043666656
RA-1097,3C,15.0,Masculino,2023,Pública,Quartzo,5.475324895633334,10.002,4.849791144666667,6.25,6.041666667,3.0,4.5,4.5,0.0,5.88,5.0,Fase 4 (9° ano),-1,2024,3,1,Defasagem moderada,1,5.0,True,,,,,,,,,,,,,,
RA-1098,FASE 2,13.0,Feminino,2023,Pública,Ametista,7.2787,9.5,9.5,2.52,8.125,6.4,6.3,6.5,,7.92,5.0,Fase 3 (7° e 8° ano),-1,2023,2,0,Defasagem moderada,1,5.0,True,2024.0,0.0,3.5,5.822406257,7.51,7.34375,6.7475,10.0,6.5744562514,Ágata,0,-2.9000000000000004,-3.677593743,-0.7042437485999997
RA-1098,3D,14.0,Feminino,2023,Pública,Ágata,6.5744562514,8.751,5.822406257,7.51,7.34375,3.5,1.0,3.5,6.0,6.7475,10.0,Fase 3 (7° e 8° ano),0,2024,3,1,Em fase / adiantado,0,10.0,True,,,,,,,,,,,,,,
RA-1099,FASE 2,13.0,Feminino,2023,Pública,Ametista,7.113533333,9.0,9.6,2.52,8.333333333,5.2,5.7,4.7,,8.34,5.0,Fase 3 (7° e 8° ano),-1,2023,2,0,Defasagem moderada,1,5.0,True,2024.0,0.0,3.8333333333333335,8.133333333333333,10.0,7.8125,6.6225,10.0,7.332483333333334,Ametista,0,-1.3666666666666667,-1.4666666666666668,0.21895000033333378
RA-1099,3G,14.0,Feminino,2023,Pública,Ametista,7.332483333333334,8.334,8.133333333333333,10.0,7.8125,3.8333333333333335,2.5,3.5,5.5,6.6225,10.0,Fase 3 (7° e 8° ano),0,2024,3,1,Em fase / adiantado,0,10.0,True,,,,,,,,,,,,,,
RA-11,7,18.0,Menina,2016,Escola Pública,Quartzo,5.323,9.2,4.2,5.0,,3.0,1.8,2.5,4.5,6.389,5.0,Fase 8 (Universitários),-1,2022,7,6,Defasagem moderada,1,5.0,True,,,,,,,,,,,,,,
RA-110,4,14.0,Menino,2017,Rede Decisão,Topázio,8.15,9.2,9.7,5.6,,6.7,8.3,5.7,6.0,8.0,10.0,Fase 4 (9º ano),0,2022,4,5,Em fase / adiantado,0,10.0,True,2023.0,0.0,7.5,8.6,5.0,8.75,8.2975,10.0,8.0879,Topázio,0,0.7999999999999998,-1.0999999999999996,-0.06210000000000093
RA-110,FASE 5,15.0,Masculino,2017,Privada - Programa de Apadrinhamento,Topázio,8.0879,8.3,8.6,5.0,8.75,7.5,8.3,6.2,8.0,8.2975,10.0,Fase 5 (1° EM),0,2023,5,6,Em fase / adiantado,0,10.0,True,2024.0,0.0,8.5,9.696969697,6.255,7.5,8.504,10.0,8.6324939394,Topázio,0,1.0,1.0969696970000005,0.5445939394000003
RA-110,5A,16.0,Masculino,2021,Privada - Programa de Apadrinhamento,Topázio,8.6324939394,9.168,9.696969697,6.255,7.5,8.5,10.0,7.0,8.5,8.504,10.0,Fase 5 (1° EM),0,2024,5,3,Em fase / adiantado,0,10.0,True,,,,,,,,,,,,,,
RA-1100,FASE 2,,Masculino,2023,Pública,Topázio,8.261033333,10.0,9.2,5.0,8.541666667,7.1,6.3,7.8,,8.283333333,10.0,Fase 2 (5° e 6° ano),0,2023,2,0,Em fase / adiantado,0,10.0,True,2024.0,1.0,4.666666666666667,7.1000000000000005,7.51,6.71875,5.6175,10.0,6.649708333333334,Ágata,0,-2.4333333333333327,-2.0999999999999988,-1.6113249996666665
RA-1100,3G,12.0,Masculino,2023,Pública,Ágata,6.649708333333334,7.5,7.1000000000000005,7.51,6.71875,4.666666666666667,4.0,4.0,6.0,5.6175,10.0,Fase 2 (5° e 6° ano),1,2024,3,1,Em fase / adiantado,0,10.0,True,,,,,,,,,,,,,,
RA-1101,FASE 2,,Masculino,2023,Pública,Ágata,6.446666667,0.0,7.2,5.0,8.333333333,5.3,4.2,6.3,,8.116666667,10.0,Fase 2 (5° e 6° ano),0,2023,2,0,Em fase / adiantado,0,10.0,True,,,,,,,,,,,,,,
RA-1102,FASE 2,,Masculino,2023,Pública,Topázio,8.123033333,9.5,9.5,5.0,7.708333333,7.5,5.7,9.2,,7.56,10.0,Fase 2 (5° e 6° ano),0,2023,2,0,Em fase / adiantado,0,10.0,True,2024.0,1.0,9.333333333333334,9.390476190333333,8.13,5.9375,7.07,10.0,8.440611904733334,Topázio,0,1.833333333333334,-0.1095238096666673,0.3175785717333337
RA-1102,3H,12.0,Masculino,2023,Pública,Topázio,8.440611904733334,8.751,9.390476190333333,8.13,5.9375,9.333333333333334,10.0,8.0,10.0,7.07,10.0,Fase 2 (5° e 6° ano),1,2024,3,1,Em fase / adiantado,0,10.0,True,,,,,,,,,,,,,,
RA-1103,FASE 2,10.0,Masculino,2023,Pública,Ametista,7.574866667,9.0,8.7,5.0,8.333333333,5.0,4.5,5.5,,8.006666667,10.0,Fase 2 (5° e 6° ano),0,2023,2,0,Em fase / adiantado,0,10.0,True,2024.0,0.0,7.25,7.763975155000001,7.51,7.5,7.54,10.0,7.861995031000001,Ametista,0,2.25,-0.9360248449999986,0.28712836400000086
RA-1103,2H,11.0,Masculino,2023,Pública,Ametista,7.861995031000001,8.502,7.763975155000001,7.51,7.5,7.25,6.0,8.5,,7.54,10.0,Fase 2 (5° e 6° ano),0,2024,2,1,Em fase / adiantado,0,10.0,True,,,,,,,,,,,,,,
RA-1104,FASE 2,13.0,Feminino,2023,Pública,Ametista,7.265533333,5.7,10.0,2.52,8.541666667,6.4,5.5,7.3,,9.063333333,5.0,Fase 3 (7° e 8° ano),-1,2023,2,0,Defasagem moderada,1,5.0,True,,,,,,,,,,,,,,
RA-1105,FASE 2,13.0,Feminino,2023,Pública,Ágata,6.299166667,0.0,9.0,2.52,8.125,6.0,5.0,7.0,,8.673333333,5.0,Fase 3 (7° e 8° ano),-1,2023,2,0,Defasagem moderada,1,5.0,True,,,,,,,,,,,,,,
RA-1106,FASE 2,12.0,Masculino,2023,Pública,Ametista,7.1642,8.5,9.3,5.0,8.333333333,5.1,5.2,5.0,,8.003333333,5.0,Fase 3 (7° e 8° ano),-1,2023,2,0,Defasagem moderada,1,5.0,True,2024.0,0.0,0.0,5.4312354313333335,7.51,7.65625,7.5,10.0,5.936272086266667,Quartzo,0,-5.1,-3.868764568666667,-1.2279279137333328
RA-1106,3F,13.0,Masculino,2023,Pública,Quartzo,5.936272086266667,8.334,5.4312354313333335,7.51,7.65625,0.0,0.0,0.0,0.0,7.5,10.0,Fase 3 (7° e 8° ano),0,2024,3,1,Em fase / adiantado,0,10.0,True,,,,,,,,,,,,,,
RA-1107,FASE 2,12.0,Feminino,2023,Pública,Ametista,7.9327,9.0,9.4,5.0,8.958333333,7.5,8.0,7.0,,8.783333333,5.0,Fase 3 (7° e 8° ano),-1,2023,2,0,Defasagem moderada,1,5.0,True,2024.0,0.0,2.5,6.2,2.51,7.5,6.785,10.0,5.9731,Quartzo,0,-5.0,-3.2,-1.9596
RA-1107,3G,13.0,Feminino,2023,Pública,Quartzo,5.9731,8.751,6.2,2.51,7.5,2.5,1.0,3.5,3.0,6.785,10.0,Fase 3 (7° e 8° ano),0,2024,3,1,Em fase / adiantado,0,10.0,True,,,,,,,,,,,,,,
RA-1108,FASE 2,12.0,Masculino,2023,Pública,Ágata,6.310833333,0.0,9.3,5.0,8.541666667,4.7,3.7,5.7,,8.283333333,5.0,Fase 3 (7° e 8° ano),-1,2023,2,0,Defasagem moderada,1,5.0,True,2024.0,0.0,3.6666666666666665,3.7546583853333337,8.13,7.1875,5.422,10.0,6.017215010400001,Ágata,0,-1.0333333333333337,-5.5453416146666665,-0.29361832259999865
RA-1108,3F,13.0,Masculino,2023,Pública,Ágata,6.017215010400001,9.168,3.7546583853333337,8.13,7.1875,3.6666666666666665,3.5,3.5,4.0,5.422,10.0,Fase 3 (7° e 8° ano),0,2024,3,1,Em fase / adiantado,0,10.0,True,,,,,,,,,,,,,,
RA-1109,FASE 2,14.0,Masculino,2023,Pública,Ágata,6.277533333,10.0,6.4,5.0,7.5,3.4,3.5,3.3,,7.836666667,5.0,Fase 4 (9° ano),-2,2023,2,0,Defasagem moderada,1,5.0,True,,,,,,,,,,,,,,
RA-111,4,13.0,Menina,2020,Rede Decisão,Topázio,8.646,7.5,9.4,8.1,,8.0,6.7,7.5,9.7,8.667,10.0,Fase 3 (7º e 8º ano),1,2022,4,2,Em fase / adiantado,0,10.0,True,2023.0,1.0,6.0,8.7,5.0,7.65625,8.0875,10.0,7.566458333,Ametista,0,-2.0,-0.7000000000000011,-1.0795416670000009
RA-111,FASE 5,14.0,Feminino,2020,Privada - Programa de Apadrinhamento,Ametista,7.566458333,7.5,8.7,5.0,7.65625,6.0,6.0,5.2,6.7,8.0875,10.0,Fase 4 (9° ano),1,2023,5,3,Em fase / adiantado,0,10.0,True,2024.0,0.0,8.333333333333334,9.488636363666666,6.26,8.125,8.74,10.0,8.667693939400001,Topázio,0,2.333333333333334,0.7886363636666669,1.1012356064000013
RA-111,5B,15.0,Feminino,2021,Privada - Programa de Apadrinhamento,Topázio,8.667693939400001,9.168,9.488636363666666,6.26,8.125,8.333333333333334,8.0,7.0,10.0,8.74,10.0,Fase 5 (1° EM),0,2024,5,3,Em fase / adiantado,0,10.0,True,,,,,,,,,,,,,,
RA-1110,FASE 2,12.0,Feminino,2023,Pública,Ametista,7.248566667,4.6,9.2,5.0,8.541666667,6.8,6.5,7.0,,8.73,5.0,Fase 3 (7° e 8° ano),-1,2023,2,0,Defasagem moderada,1,5.0,True,,,,,,,,,,,,,,
RA-1111,FASE 2,,Feminino,2023,Pública,Ágata,6.559166667,0.0,8.9,2.52,8.125,5.4,4.8,6.0,,8.173333333,10.0,Fase 2 (5° e 6° ano),0,2023,2,0,Em fase / adiantado,0,10.0,True,2024.0,1.0,5.0,4.600414078666667,7.5,6.5625,5.824,10.0,6.116032815733334,Ágata,0,-0.40000000000000036,-4.299585921333334,-0.4431338512666665
RA-1111,3F,12.0,Feminino,2023,Pública,Ágata,6.116032815733334,6.249,4.600414078666667,7.5,6.5625,5.0,5.0,4.0,6.0,5.824,10.0,Fase 2 (5° e 6° ano),1,2024,3,1,Em fase / adiantado,0,10.0,True,,,,,,,,,,,,,,
RA-1112,FASE 2,12.0,Masculino,2023,Pública,Ametista,7.088866667,9.5,7.9,2.52,8.333333333,6.3,5.2,7.3,,8.616666667,5.0,Fase 3 (7° e 8° ano),-1,2023,2,0,Defasagem moderada,1,5.0,True,2024.0,0.0,4.0,9.02791197,8.135,5.375,4.705,10.0,6.8560823939999995,Ágata,0,-2.3,1.1279119699999995,-0.23278427300000004
RA-1112,3I,13.0,Masculino,2023,Pública,Ágata,6.8560823939999995,9.585,9.02791197,8.135,5.375,4.0,4.0,4.0,4.0,4.705,10.0,Fase 3 (7° e 8° ano),0,2024,3,1,Em fase / adiantado,0,10.0,True,,,,,,,,,,,,,,
RA-1113,FASE 2,,Masculino,2023,Pública,Quartzo,5.636666667,0.0,6.0,7.52,7.5,5.0,5.0,5.0,,7.173333333,5.0,Fase 3 (7° e 8° ano),-1,2023,2,0,Defasagem moderada,1,5.0,True,,,,,,,,,,,,,,
RA-1114,FASE 2,11.0,Feminino,2023,Pública,Ametista,7.5667,8.5,9.8,2.52,8.125,4.9,4.3,5.5,,8.56,10.0,Fase 2 (5° e 6° ano),0,2023,2,0,Em fase / adiantado,0,10.0,True,2024.0,0.0,5.0,9.533333333333333,2.51,8.375,7.836,10.0,7.437466666666667,Ametista,0,0.09999999999999964,-0.2666666666666675,-0.12923333333333265
RA-1114,3M,12.0,Feminino,2023,Pública,Ametista,7.437466666666667,8.751,9.533333333333333,2.51,8.375,5.0,5.0,3.0,7.0,7.836,10.0,Fase 3 (7° e 8° ano),0,2024,3,1,Em fase / adiantado,0,10.0,True,,,,,,,,,,,,,,
RA-1115,FASE 2,,Feminino,2023,Pública,Ágata,6.474,0.0,8.3,7.52,7.5,4.0,6.0,2.0,,7.56,10.0,Fase 2 (5° e 6° ano),0,2023,2,0,Em fase / adiantado,0,10.0,True,2024.0,0.0,6.25,4.2676767675,7.51,7.5,5.826666667,10.0,6.570068686900001,Ágata,0,2.25,-4.0323232325000005,0.0960686869000007
RA-1115,2M,12.0,Feminino,2023,Pública,Ágata,6.570068686900001,8.002,4.2676767675,7.51,7.5,6.25,6.5,6.0,,5.826666667,10.0,Fase 2 (5° e 6° ano),0,2024,2,1,Em fase / adiantado,0,10.0,True,,,,,,,,,,,,,,
RA-1116,FASE 2,13.0,Masculino,2023,Pública,Ágata,6.956533333,9.5,9.2,5.0,7.083333333,4.9,3.8,6.0,,7.39,5.0,Fase 3 (7° e 8° ano),-1,2023,2,0,Defasagem moderada,1,5.0,True,2024.0,-1.0,2.3333333333333335,3.3555555556666667,6.26,5.125,5.066,5.0,3.7894777778,Quartzo,1,-2.566666666666667,-5.844444444333332,-3.1670555552
RA-1116,3M,15.0,Masculino,2023,Pública,Quartzo,3.7894777778,0.0,3.3555555556666667,6.26,5.125,2.3333333333333335,1.0,3.0,3.0,5.066,5.0,Fase 4 (9° ano),-1,2024,3,1,Defasagem moderada,1,5.0,True,,,,,,,,,,,,,,
RA-1117,FASE 2,,Feminino,2023,Pública,Topázio,8.382366667,9.0,9.6,7.52,7.708333333,7.3,6.0,8.5,,7.946666667,10.0,Fase 2 (5° e 6° ano),0,2023,2,0,Em fase / adiantado,0,10.0,True,2024.0,1.0,5.666666666666667,8.314814814666667,7.51,8.125,6.833333333,10.0,7.601562962866668,Ametista,0,-1.6333333333333329,-1.285185185333333,-0.7808037041333318
RA-1117,3K,12.0,Feminino,2023,Pública,Ametista,7.601562962866668,8.751,8.314814814666667,7.51,8.125,5.666666666666667,5.0,5.0,7.0,6.833333333,10.0,Fase 2 (5° e 6° ano),1,2024,3,1,Em fase / adiantado,0,10.0,True,,,,,,,,,,,,,,
RA-1118,FASE 2,,Feminino,2023,Pública,Ametista,7.163833333,5.3,8.8,7.52,7.708333333,6.0,4.8,7.2,,8.28,5.0,Fase 3 (7° e 8° ano),-1,2023,2,0,Defasagem moderada,1,5.0,True,2024.0,0.0,3.8333333333333335,7.846439628666666,9.38,6.75,6.866,10.0,7.0305545924,Ametista,0,-2.1666666666666665,-0.9535603713333343,-0.13327874060000067
RA-1118,3M,14.0,Feminino,2023,Pública,Ametista,7.0305545924,7.084,7.846439628666666,9.38,6.75,3.8333333333333335,3.0,4.5,4.0,6.866,10.0,Fase 3 (7° e 8° ano),0,2024,3,1,Em fase / adiantado,0,10.0,True,,,,,,,,,,,,,,
RA-1119,FASE 2,13.0,Feminino,2023,Pública,Ametista,7.192,7.3,9.7,3.77,7.708333333,5.9,3.0,8.8,,8.453333333,5.0,Fase 3 (7° e 8° ano),-1,2023,2,0,Defasagem moderada,1,5.0,True,2024.0,-1.0,5.666666666666667,8.716666666666667,7.51,7.625,7.698,5.0,7.388266666666667,Ametista,1,-0.2333333333333334,-0.9833333333333325,0.19626666666666726
RA-1119,3M,14.0,Feminino,2023,Pública,Ametista,7.388266666666667,9.585,8.716666666666667,7.51,7.625,5.666666666666667,6.0,3.5,7.5,7.698,5.0,Fase 4 (9° ano),-1,2024,3,1,Defasagem moderada,1,5.0,True,,,,,,,,,,,,,,
RA-112,4,15.0,Menina,2016,Rede Decisão,Ametista,7.836,7.9,7.8,6.3,,8.5,9.0,7.5,9.1,8.833,5.0,Fase 5 (1º EM),-1,2022,4,6,Defasagem moderada,1,5.0,True,2023.0,-1.0,7.4,8.1,5.0,7.96875,7.9225,5.0,7.141308333,Ametista,1,-1.0999999999999996,0.2999999999999998,-0.6946916670000007
RA-112,FASE 5,,Feminino,2016,Privada - Programa de Apadrinhamento,Ametista,7.141308333,6.7,8.1,5.0,7.96875,7.4,7.3,6.5,8.3,7.9225,5.0,Fase 6 (2° EM),-1,2023,5,7,Defasagem moderada,1,5.0,True,2024.0,0.0,8.0,7.978174603333333,7.51,7.96875,8.004,10.0,8.052609920666667,Topázio,0,0.5999999999999996,-0.12182539666666692,0.9113015876666672
RA-112,6A,17.0,Feminino,2021,Privada - Programa de Apadrinhamento,Topázio,8.052609920666667,7.083,7.978174603333333,7.51,7.96875,8.0,9.5,6.0,8.5,8.004,10.0,Fase 6 (2° EM),0,2024,6,3,Em fase / adiantado,0,10.0,True,,,,,,,,,,,,,,
RA-1120,FASE 2,11.0,Feminino,2023,Pública,Topázio,9.103366667,9.5,9.6,7.52,8.958333333,8.3,7.3,9.2,,9.676666667,10.0,Fase 2 (5° e 6° ano),0,2023,2,0,Em fase / adiantado,0,10.0,True,,,,,,,,,,,,,,
RA-1121,FASE 2,,Masculino,2023,Pública,Topázio,8.049,0.0,9.9,6.26,8.75,8.0,6.5,9.5,,9.84,10.0,Fase 2 (5° e 6° ano),0,2023,2,0,Em fase / adiantado,0,10.0,True,2024.0,0.0,6.666666666666667,10.0,7.51,7.083333333,8.28,10.0,8.407166666633334,Topázio,0,-1.333333333333333,0.09999999999999964,0.3581666666333341
RA-1121,3K,12.0,Masculino,2023,Pública,Topázio,8.407166666633334,9.585,10.0,7.51,7.083333333,6.666666666666667,9.0,5.0,6.0,8.28,10.0,Fase 3 (7° e 8° ano),0,2024,3,1,Em fase / adiantado,0,10.0,True,,,,,,,,,,,,,,
RA-1122,FASE 2,11.0,Masculino,2023,Pública,Ametista,7.3715,0.0,9.3,6.89,7.291666667,6.9,5.2,8.5,,8.616666667,10.0,Fase 2 (5° e 6° ano),0,2023,2,0,Em fase / adiantado,0,10.0,True,2024.0,1.0,5.333333333333333,9.861111111,7.51,7.083333333,7.22,10.0,7.817322222166666,Ametista,0,-1.5666666666666673,0.5611111109999989,0.4458222221666661
RA-1122,3K,12.0,Masculino,2023,Pública,Ametista,7.817322222166666,8.751,9.861111111,7.51,7.083333333,5.333333333333333,5.0,4.5,6.5,7.22,10.0,Fase 2 (5° e 6° ano),1,2024,3,1,Em fase / adiantado,0,10.0,True,,,,,,,,,,,,,,
RA-1123,FASE 2,,Masculino,2023,Pública,Ágata,6.9565,7.3,8.9,7.52,7.083333333,5.3,3.8,6.8,,7.113333333,5.0,Fase 3 (7° e 8° ano),-1,2023,2,0,Defasagem moderada,1,5.0,True,,,,,,,,,,,,,,
RA-1124,FASE 2,14.0,Feminino,2023,Pública,Ágata,6.667866667,9.5,8.0,7.52,7.083333333,3.0,1.0,5.0,,7.786666667,5.0,Fase 4 (9° ano),-2,2023,2,0,Defasagem moderada,1,5.0,True,,,,,,,,,,,,,,
RA-1125,FASE 2,,Feminino,2023,Pública,Ágata,6.655366667,4.7,7.9,7.52,6.666666667,4.0,1.0,7.0,,6.95,10.0,Fase 2 (5° e 6° ano),0,2023,2,0,Em fase / adiantado,0,10.0,True,,,,,,,,,,,,,,
RA-1126,FASE 2,12.0,Feminino,2023,Pública,,,0.0,5.2,3.77,7.291666667,,,,,7.06,5.0,Fase 3 (7° e 8° ano),-1,2023,2,0,Defasagem moderada,1,5.0,True,,,,,,,,,,,,,,
RA-1127,FASE 2,,Feminino,2023,Pública,Topázio,8.3167,8.5,9.9,5.02,8.125,6.9,5.0,8.7,,9.01,10.0,Fase 2 (5° e 6° ano),0,2023,2,0,Em fase / adiantado,0,10.0,True,2024.0,0.0,5.833333333333333,10.0,7.51,8.125,7.67,10.0,8.180966666666668,Topázio,0,-1.0666666666666673,0.09999999999999964,-0.1357333333333326
RA-1127,3N,12.0,Feminino,2023,Pública,Topázio,8.180966666666668,9.168,10.0,7.51,8.125,5.833333333333333,8.5,4.5,4.5,7.67,10.0,Fase 3 (7° e 8° ano),0,2024,3,1,Em fase / adiantado,0,10.0,True,,,,,,,,,,,,,,
RA-1128,FASE 2,12.0,Masculino,2023,Pública,Ágata,6.404533333,9.5,7.3,5.02,7.916666667,3.5,3.0,4.0,,7.503333333,5.0,Fase 3 (7° e 8° ano),-1,2023,2,0,Defasagem moderada,1,5.0,True,,,,,,,,,,,,,,
RA-1129,FASE 2,11.0,Masculino,2023,Pública,Ametista,7.309333333,0.0,9.2,6.27,7.916666667,7.8,6.8,8.7,,7.503333333,10.0,Fase 2 (5° e 6° ano),0,2023,2,0,Em fase / adiantado,0,10.0,True,2024.0,0.0,6.833333333333333,7.137254902,8.13,6.875,5.745,10.0,7.360417647066668,Ametista,0,-0.9666666666666668,-2.0627450979999997,0.051084314066668135
RA-1129,3N,12.0,Masculino,2023,Pública,Ametista,7.360417647066668,9.168,7.137254902,8.13,6.875,6.833333333333333,9.0,5.5,6.0,5.745,10.0,Fase 3 (7° e 8° ano),0,2024,3,1,Em fase / adiantado,0,10.0,True,,,,,,,,,,,,,,
RA-113,4,15.0,Menina,2017,Rede Decisão,Quartzo,3.032,0.0,0.0,5.0,,3.7,3.3,5.5,2.3,3.792,5.0,Fase 5 (1º EM),-1,2022,4,5,Defasagem moderada,1,5.0,True,2024.0,,,,,,,,,,,,,
RA-113,5G,16.0,Feminino,2021,Pública,Ametista,7.043536903066667,8.751,7.063851181666667,7.51,7.5,6.666666666666667,7.0,6.0,7.0,7.106666667,5.0,Fase 6 (2° EM),-1,2024,5,3,Defasagem moderada,1,5.0,True,,,,,,,,,,,,,,
RA-1130,FASE 2,11.0,Masculino,2023,Pública,Topázio,8.0037,8.5,8.4,7.52,7.708333333,7.3,6.3,8.2,,7.503333333,10.0,Fase 2 (5° e 6° ano),0,2023,2,0,Em fase / adiantado,0,10.0,True,2024.0,0.0,4.333333333333333,6.278431372666667,8.13,6.875,5.33,10.0,6.563952941199999,Ágata,0,-2.966666666666667,-2.1215686273333336,-1.439747058800001
RA-1130,3N,12.0,Masculino,2023,Pública,Ágata,6.563952941199999,8.751,6.278431372666667,8.13,6.875,4.333333333333333,7.5,3.5,2.0,5.33,10.0,Fase 3 (7° e 8° ano),0,2024,3,1,Em fase / adiantado,0,10.0,True,,,,,,,,,,,,,,
RA-1131,FASE 2,12.0,Feminino,2023,Pública,Topázio,8.316133333,7.9,9.9,5.02,8.75,9.1,8.3,9.8,,9.286666667,5.0,Fase 3 (7° e 8° ano),-1,2023,2,0,Defasagem moderada,1,5.0,True,2024.0,0.0,8.333333333333334,9.277777777666666,6.255,7.291666667,7.893333333,10.0,8.2889555555,Topázio,0,-0.7666666666666657,-0.6222222223333347,-0.02717777750000039
RA-1131,3K,13.0,Feminino,2023,Privada - Programa de Apadrinhamento,Topázio,8.2889555555,8.334,9.277777777666666,6.255,7.291666667,8.333333333333334,8.0,7.0,10.0,7.893333333,10.0,Fase 3 (7° e 8° ano),0,2024,3,1,Em fase / adiantado,0,10.0,True,,,,,,,,,,,,,,
RA-1132,FASE 2,12.0,Masculino,2023,Pública,Ágata,6.829533333,10.0,6.3,6.27,7.916666667,5.8,5.2,6.3,,7.503333333,5.0,Fase 3 (7° e 8° ano),-1,2023,2,0,Defasagem moderada,1,5.0,True,,,,,,,,,,,,,,
RA-1133,FASE 2,10.0,Feminino,2023,Pública,Topázio,8.600033333,9.5,10.0,6.27,8.541666667,6.5,5.0,8.0,,9.343333333,10.0,Fase 2 (5° e 6° ano),0,2023,2,0,Em fase / adiantado,0,10.0,True,2024.0,1.0,4.5,9.841269841333334,8.75,8.125,8.83,10.0,8.238553968266668,Topázio,0,-2.0,-0.15873015866666584,-0.36147936473333253
RA-1133,3U,11.0,Feminino,2023,Pública,Topázio,8.238553968266668,9.168,9.841269841333334,8.75,8.125,4.5,5.0,3.5,5.0,8.83,10.0,Fase 2 (5° e 6° ano),1,2024,3,1,Em fase / adiantado,0,10.0,True,,,,,,,,,,,,,,
RA-1134,FASE 2,11.0,Masculino,2023,Pública,Ametista,7.769866667,8.0,9.7,3.76,7.916666667,6.8,5.5,8.0,,7.56,10.0,Fase 2 (5° e 6° ano),0,2023,2,0,Em fase / adiantado,0,10.0,True,2024.0,0.0,6.0,8.914285714,7.51,7.708333333,6.883333333,10.0,7.7564571427,Ametista,0,-0.7999999999999998,-0.7857142859999993,-0.013409524299999198
RA-1134,3U,12.0,Masculino,2023,Pública,Ametista,7.7564571427,8.751,8.914285714,7.51,7.708333333,6.0,6.0,5.5,6.5,6.883333333,10.0,Fase 3 (7° e 8° ano),0,2024,3,1,Em fase / adiantado,0,10.0,True,,,,,,,,,,,,,,
RA-1135,FASE 2,11.0,Masculino,2023,Pública,Ametista,7.453833333,0.0,9.4,7.52,8.125,7.2,4.8,9.5,,7.896666667,10.0,Fase 2 (5° e 6° ano),0,2023,2,0,Em fase / adiantado,0,10.0,True,,,,,,,,,,,,,,
RA-1136,FASE 2,13.0,Feminino,2023,Pública,Ágata,6.7351,6.8,8.1,2.52,8.333333333,6.6,4.8,8.3,,7.723333333,5.0,Fase 3 (7° e 8° ano),-1,2023,2,0,Defasagem moderada,1,5.0,True,2024.0,-1.0,1.6666666666666667,4.547899159666667,8.135,7.5,6.383333333,5.0,5.458179831866667,Quartzo,1,-4.933333333333333,-3.552100840333333,-1.2769201681333326
RA-1136,3R,14.0,Feminino,2023,Pública,Quartzo,5.458179831866667,8.751,4.547899159666667,8.135,7.5,1.6666666666666667,1.0,2.0,2.0,6.383333333,5.0,Fase 4 (9° ano),-1,2024,3,1,Defasagem moderada,1,5.0,True,,,,,,,,,,,,,,
RA-1137,FASE 2,10.0,Feminino,2023,Pública,Topázio,8.743366667,9.5,9.8,6.27,9.375,6.5,6.0,7.0,,9.843333333,10.0,Fase 2 (5° e 6° ano),0,2023,2,0,Em fase / adiantado,0,10.0,True,2024.0,1.0,3.5,7.588638262333333,8.13,8.28125,7.4575,10.0,7.1837526524666675,Ametista,0,-3.0,-2.2113617376666674,-1.5596140145333326
RA-1137,3P,11.0,Feminino,2023,Pública,Ametista,7.1837526524666675,8.334,7.588638262333333,8.13,8.28125,3.5,1.0,4.5,5.0,7.4575,10.0,Fase 2 (5° e 6° ano),1,2024,3,1,Em fase / adiantado,0,10.0,True,,,,,,,,,,,,,,
RA-1138,FASE 2,12.0,Feminino,2023,Pública,Topázio,8.3472,9.0,9.2,6.27,9.166666667,9.3,9.0,9.5,,8.566666667,5.0,Fase 3 (7° e 8° ano),-1,2023,2,0,Defasagem moderada,1,5.0,True,,,,,,,,,,,,,,
RA-1139,FASE 2,11.0,Masculino,2023,Pública,Ametista,7.6647,8.5,9.1,5.64,8.125,5.3,6.3,4.3,,7.79,10.0,Fase 2 (5° e 6° ano),0,2023,2,0,Em fase / adiantado,0,10.0,True,2024.0,1.0,4.666666666666667,6.152715121333333,7.51,7.5,7.04,10.0,6.906276357600001,Ágata,0,-0.6333333333333329,-2.9472848786666663,-0.7584236423999986
RA-1139,3P,12.0,Masculino,2023,Pública,Ágata,6.906276357600001,8.334,6.152715121333333,7.51,7.5,4.666666666666667,5.0,3.0,6.0,7.04,10.0,Fase 2 (5° e 6° ano),1,2024,3,1,Em fase / adiantado,0,10.0,True,,,,,,,,,,,,,,
RA-114,4,16.0,Menino,2022,Escola Pública,Quartzo,5.894,7.9,6.3,7.5,,5.3,6.0,4.5,,5.0,5.0,Fase 6 (2º EM),-2,2022,4,0,Defasagem moderada,1,5.0,True,2023.0,-2.0,5.6,6.0,3.14,7.5,7.255,5.0,5.335,Quartzo,1,0.2999999999999998,-0.2999999999999998,-0.5590000000000002
RA-114,FASE 5,,Masculino,2022,Pública,Quartzo,5.335,0.0,6.0,3.14,7.5,5.6,4.0,4.5,8.3,7.255,5.0,Fase 7 (3° EM),-2,2023,5,1,Defasagem moderada,1,5.0,True,,,,,,,,,,,,,,
RA-1140,FASE 2,11.0,Feminino,2023,Pública,Ametista,7.703533333,4.7,8.7,7.52,7.708333333,7.3,8.5,6.0,,7.62,10.0,Fase 2 (5° e 6° ano),0,2023,2,0,Em fase / adiantado,0,10.0,True,2024.0,0.0,7.0,6.112440191499999,7.51,8.125,7.39,10.0,7.3473880383,Ametista,0,-0.2999999999999998,-2.5875598085,-0.3561452947000001
RA-1140,2P,12.0,Feminino,2023,Pública,Ametista,7.3473880383,6.834,6.112440191499999,7.51,8.125,7.0,4.5,9.5,,7.39,10.0,Fase 2 (5° e 6° ano),0,2024,2,1,Em fase / adiantado,0,10.0,True,,,,,,,,,,,,,,
RA-1141,FASE 2,12.0,Feminino,2023,Pública,Ametista,7.2757,9.0,8.8,7.52,7.708333333,5.9,5.5,6.2,,7.113333333,5.0,Fase 3 (7° e 8° ano),-1,2023,2,0,Defasagem moderada,1,5.0,True,2024.0,0.0,4.166666666666667,6.191537667666666,7.51,6.5625,6.7825,10.0,6.793890866866667,Ágata,0,-1.7333333333333334,-2.6084623323333345,-0.48180913313333296
RA-1141,3L,13.0,Feminino,2023,Pública,Ágata,6.793890866866667,9.585,6.191537667666666,7.51,6.5625,4.166666666666667,5.0,4.5,3.0,6.7825,10.0,Fase 3 (7° e 8° ano),0,2024,3,1,Em fase / adiantado,0,10.0,True,,,,,,,,,,,,,,
RA-1142,FASE 2,11.0,Feminino,2023,Pública,Topázio,9.175033333,9.0,10.0,7.52,8.541666667,10.0,10.0,10.0,,8.343333333,10.0,Fase 2 (5° e 6° ano),0,2023,2,0,Em fase / adiantado,0,10.0,True,2024.0,0.0,8.5,9.133333333333333,7.51,8.125,7.335,10.0,8.390566666666668,Topázio,0,-1.5,-0.8666666666666671,-0.7844666663333317
RA-1142,3P,12.0,Feminino,2023,Pública,Topázio,8.390566666666668,8.334,9.133333333333333,7.51,8.125,8.5,10.0,8.0,7.5,7.335,10.0,Fase 3 (7° e 8° ano),0,2024,3,1,Em fase / adiantado,0,10.0,True,,,,,,,,,,,,,,
RA-1143,FASE 3,15.0,Feminino,2023,Pública,Ágata,6.445933333,8.8,7.0,6.26,7.5,5.3,6.0,6.3,3.5,6.2075,5.0,Fase 5 (1° EM),-2,2023,3,0,Defasagem moderada,1,5.0,True,2024.0,-3.0,3.1666666666666665,5.201336675,9.38,7.03125,6.79,2.5,5.881225668333334,Quartzo,1,-2.1333333333333333,-1.7986633249999997,-0.564707664666666
RA-1143,3A,16.0,Feminino,2021,Pública,Quartzo,5.881225668333334,9.585,5.201336675,9.38,7.03125,3.1666666666666665,3.0,6.5,0.0,6.79,2.5,Fase 6 (2° EM),-3,2024,3,3,Defasagem severa,1,2.5,True,,,,,,,,,,,,,,
RA-1144,FASE 3,13.0,Feminino,2023,Pública,Ametista,7.410625,0.0,9.4,5.02,8.28125,8.0,7.0,8.2,8.8,8.0025,10.0,Fase 3 (7° e 8° ano),0,2023,3,0,Em fase / adiantado,0,10.0,True,,,,,,,,,,,,,,
RA-1145,FASE 3,11.0,Feminino,2023,Pública,Ametista,7.484375,0.0,9.5,4.39,8.59375,7.8,7.7,7.7,8.0,8.63,10.0,Fase 2 (5° e 6° ano),1,2023,3,0,Em fase / adiantado,0,10.0,True,,,,,,,,,,,,,,
RA-1146,FASE 3,14.0,Feminino,2023,Pública,Ágata,6.689583333,9.6,8.8,6.26,7.1875,3.7,5.0,3.3,2.7,6.965,5.0,Fase 4 (9° ano),-1,2023,3,0,Defasagem moderada,1,5.0,True,2024.0,-2.0,2.0,5.017209691,6.88,6.25,5.883333333,5.0,5.3933086048000005,Quartzo,1,-1.7000000000000002,-3.782790309000001,-1.2962747281999993
RA-1146,3C,15.0,Feminino,2023,Pública,Quartzo,5.3933086048000005,10.002,5.017209691,6.88,6.25,2.0,2.0,0.0,4.0,5.883333333,5.0,Fase 5 (1° EM),-2,2024,3,1,Defasagem moderada,1,5.0,True,,,,,,,,,,,,,,
RA-1147,FASE 3,,Feminino,2023,Pública,Ametista,7.072983333,8.3,8.3,6.26,7.1875,6.7,5.0,7.5,7.5,7.0075,5.0,Fase 4 (9° ano),-1,2023,3,0,Defasagem moderada,1,5.0,True,2024.0,-1.0,3.1666666666666665,6.125925926,8.755,6.25,5.495,5.0,5.833118518533334,Quartzo,1,-3.5333333333333337,-2.174074074000001,-1.2398648144666655
RA-1147,3B,15.0,Feminino,2023,Pública,Quartzo,5.833118518533334,8.751,6.125925926,8.755,6.25,3.1666666666666665,2.0,5.0,2.5,5.495,5.0,Fase 4 (9° ano),-1,2024,3,1,Defasagem moderada,1,5.0,True,,,,,,,,,,,,,,
RA-1148,FASE 3,11.0,Feminino,2023,Pública,Ametista,7.227866667,7.9,8.6,3.77,7.5,5.7,5.7,5.3,6.2,7.2125,10.0,Fase 2 (5° e 6° ano),1,2023,3,0,Em fase / adiantado,0,10.0,True,,,,,,,,,,,,,,
RA-1149,FASE 3,,Feminino,2023,Pública,Ametista,7.410108333,8.3,9.8,2.52,7.96875,7.2,6.0,6.8,8.7,8.1725,5.0,Fase 4 (9° ano),-1,2023,3,0,Defasagem moderada,1,5.0,True,2024.0,-1.0,6.0,10.0,10.0,8.625,8.706,5.0,8.1371,Topázio,1,-1.2000000000000002,0.1999999999999993,0.7269916670000001
RA-1149,4A,15.0,Feminino,2023,Pública,Topázio,8.1371,8.334,10.0,10.0,8.625,6.0,2.0,6.0,10.0,8.706,5.0,Fase 5 (1° EM),-1,2024,4,1,Defasagem moderada,1,5.0,True,,,,,,,,,,,,,,
RA-115,4,16.0,Menina,2019,Escola Pública,Quartzo,5.886,8.3,6.8,6.3,,3.8,3.0,5.7,2.7,5.583,5.0,Fase 6 (2º EM),-2,2022,4,3,Defasagem moderada,1,5.0,True,2023.0,-1.0,4.2,7.1,5.0,7.34375,7.215,5.0,6.319141667,Ágata,1,0.40000000000000036,0.2999999999999998,0.4331416670000001
RA-115,FASE 5,16.0,Feminino,2019,Pública,Ágata,6.319141667,8.8,7.1,5.0,7.34375,4.2,3.7,3.8,5.2,7.215,5.0,Fase 6 (2° EM),-1,2023,5,4,Defasagem moderada,1,5.0,True,2024.0,-2.0,4.166666666666667,4.164756812,6.26,6.75,5.726,5.0,5.404184695733334,Quartzo,1,-0.033333333333333215,-2.9352431879999994,-0.9149569712666663
RA-115,5A,17.0,Feminino,2021,Pública,Quartzo,5.404184695733334,7.917,4.164756812,6.26,6.75,4.166666666666667,6.5,4.5,1.5,5.726,5.0,Fase 7 (3° EM),-2,2024,5,3,Defasagem moderada,1,5.0,True,,,,,,,,,,,,,,
RA-1150,FASE 3,16.0,Masculino,2023,Pública,Ametista,7.076008333,9.2,9.8,2.52,7.96875,6.7,7.0,6.5,6.5,7.835,2.5,Fase 6 (2° EM),-3,2023,3,0,Defasagem severa,1,2.5,True,2024.0,-2.0,6.833333333333333,6.481481481666667,7.51,7.65625,7.946666667,5.0,7.1023212964,Ametista,1,0.13333333333333286,-3.3185185183333337,0.026312963400000555
RA-1150,4C,17.0,Masculino,2023,Pública,Ametista,7.1023212964,8.334,6.481481481666667,7.51,7.65625,6.833333333333333,4.0,6.5,10.0,7.946666667,5.0,Fase 6 (2° EM),-2,2024,4,1,Defasagem moderada,1,5.0,True,,,,,,,,,,,,,,
RA-1151,FASE 3,,Feminino,2023,Pública,Ametista,7.829958333,7.5,9.5,2.52,7.65625,8.3,7.3,8.8,8.7,7.545,10.0,Fase 3 (7° e 8° ano),0,2023,3,0,Em fase / adiantado,0,10.0,True,2024.0,1.0,9.0,9.722222222333334,5.635,8.125,9.393333333,10.0,8.749111111066668,Topázio,0,0.6999999999999993,0.22222222233333433,0.9191527780666675
RA-1151,4C,13.0,Feminino,2023,Pública,Topázio,8.749111111066668,7.5,9.722222222333334,5.635,8.125,9.0,9.0,8.0,10.0,9.393333333,10.0,Fase 3 (7° e 8° ano),1,2024,4,1,Em fase / adiantado,0,10.0,True,,,,,,,,,,,,,,
RA-1152,FASE 3,,Masculino,2023,Pública,Ágata,6.544916667,0.0,9.4,5.0,7.8125,6.8,6.7,6.0,7.8,7.585,5.0,Fase 4 (9° ano),-1,2023,3,0,Defasagem moderada,1,5.0,True,,,,,,,,,,,,,,
RA-1153,FASE 3,14.0,Feminino,2023,Pública,Ametista,7.968658333,7.9,10.0,7.52,7.65625,7.2,6.7,7.8,7.0,8.63,5.0,Fase 4 (9° ano),-1,2023,3,0,Defasagem moderada,1,5.0,True,2024.0,-1.0,8.5,9.702380952333334,5.635,8.75,9.074,5.0,8.268876190466667,Topázio,1,1.2999999999999998,-0.29761904766666625,0.3002178574666674
RA-1153,4A,15.0,Feminino,2021,Privada - Programa de Apadrinhamento,Topázio,8.268876190466667,8.751,9.702380952333334,5.635,8.75,8.5,8.0,8.5,9.0,9.074,5.0,Fase 5 (1° EM),-1,2024,4,3,Defasagem moderada,1,5.0,True,,,,,,,,,,,,,,
RA-1154,FASE 3,13.0,Masculino,2023,Pública,Ametista,7.701125,9.6,9.3,5.63,7.65625,5.1,5.3,5.0,5.0,7.67,10.0,Fase 3 (7° e 8° ano),0,2023,3,0,Em fase / adiantado,0,10.0,True,2024.0,-1.0,8.0,9.200000000000001,7.51,7.34375,6.745,5.0,7.5660750000000005,Ametista,1,2.9000000000000004,-0.09999999999999964,-0.13504999999999967
RA-1154,3G,14.0,Masculino,2023,Pública,Ametista,7.5660750000000005,7.917,9.200000000000001,7.51,7.34375,8.0,7.0,7.0,10.0,6.745,5.0,Fase 4 (9° ano),-1,2024,3,1,Defasagem moderada,1,5.0,True,,,,,,,,,,,,,,
RA-1155,FASE 3,14.0,Feminino,2023,Pública,Ametista,7.821633333,9.2,9.2,5.63,7.5,8.0,6.7,8.2,9.0,8.2925,5.0,Fase 4 (9° ano),-1,2023,3,0,Defasagem moderada,1,5.0,True,2024.0,-1.0,4.666666666666667,8.888888889,5.005,8.0,8.87,5.0,7.119011111133333,Ametista,1,-3.333333333333333,-0.3111111109999989,-0.7026222218666671
RA-1155,4F,15.0,Feminino,2023,Pública,Ametista,7.119011111133333,8.334,8.888888889,5.005,8.0,4.666666666666667,6.0,8.0,0.0,8.87,5.0,Fase 5 (1° EM),-1,2024,4,1,Defasagem moderada,1,5.0,True,,,,,,,,,,,,,,
RA-1156,FASE 3,12.0,Feminino,2023,Pública,Ametista,7.340775,8.3,9.2,2.52,7.96875,5.3,6.2,6.0,3.7,7.7925,10.0,Fase 3 (7° e 8° ano),0,2023,3,0,Em fase / adiantado,0,10.0,True,2024.0,1.0,2.0,7.821067821,7.51,7.125,7.5,10.0,6.6777135642,Ágata,0,-3.3,-1.3789321789999995,-0.6630614357999995
RA-1156,4F,13.0,Feminino,2023,Pública,Ágata,6.6777135642,7.5,7.821067821,7.51,7.125,2.0,6.0,0.0,0.0,7.5,10.0,Fase 3 (7° e 8° ano),1,2024,4,1,Em fase / adiantado,0,10.0,True,,,,,,,,,,,,,,
RA-1157,FASE 3,14.0,Masculino,2023,Pública,Ametista,7.086633333,9.2,8.8,6.26,7.5,5.7,5.0,6.3,5.7,7.0025,5.0,Fase 4 (9° ano),-1,2023,3,0,Defasagem moderada,1,5.0,True,2024.0,-1.0,7.0,9.082539682666665,7.51,7.96875,8.466,5.0,7.916082936533334,Ametista,1,1.2999999999999998,0.2825396826666644,0.8294496035333339
RA-1157,3H,15.0,Masculino,2023,Pública,Ametista,7.916082936533334,9.585,9.082539682666665,7.51,7.96875,7.0,8.0,6.0,7.0,8.466,5.0,Fase 4 (9° ano),-1,2024,3,1,Defasagem moderada,1,5.0,True,,,,,,,,,,,,,,
RA-1158,FASE 3,14.0,Feminino,2023,Pública,Ágata,6.306666667,7.5,8.6,2.52,7.5,4.3,5.3,5.0,2.7,7.34,5.0,Fase 4 (9° ano),-1,2023,3,0,Defasagem moderada,1,5.0,True,,,,,,,,,,,,,,
RA-1159,FASE 3,,Feminino,2023,Pública,Quartzo,5.913883333,5.8,6.6,2.52,7.1875,3.1,5.2,1.5,2.5,7.1325,10.0,Fase 3 (7° e 8° ano),0,2023,3,0,Em fase / adiantado,0,10.0,True,,,,,,,,,,,,,,
RA-116,4,16.0,Menina,2019,Escola Pública,Ágata,6.854,5.8,8.1,6.3,,5.9,5.0,7.2,5.5,7.792,5.0,Fase 6 (2º EM),-2,2022,4,3,Defasagem moderada,1,5.0,True,2023.0,-2.0,4.7,7.6,5.0,7.96875,7.5475,5.0,6.433075,Ágata,1,-1.2000000000000002,-0.5,-0.42092500000000044
RA-116,FASE 5,17.0,Feminino,2019,Pública,Ágata,6.433075,6.7,7.6,5.0,7.96875,4.7,2.3,5.0,6.8,7.5475,5.0,Fase 7 (3° EM),-2,2023,5,4,Defasagem moderada,1,5.0,True,2024.0,-2.0,4.5,7.535353535666666,5.635,6.875,6.73,5.0,6.337470707133334,Ágata,1,-0.20000000000000018,-0.06464646433333332,-0.09560429286666583
RA-116,5A,18.0,Feminino,2021,Pública,Ágata,6.337470707133334,8.334,7.535353535666666,5.635,6.875,4.5,6.5,2.0,5.0,6.73,5.0,Fase 7 (3° EM),-2,2024,5,3,Defasagem moderada,1,5.0,True,,,,,,,,,,,,,,
RA-1160,FASE 3,,Masculino,2023,Pública,Ágata,6.636166667,9.6,8.7,2.52,6.875,2.7,4.8,2.7,0.7,7.2575,10.0,Fase 3 (7° e 8° ano),0,2023,3,0,Em fase / adiantado,0,10.0,True,2024.0,-1.0,3.1666666666666665,8.201288245,7.51,6.25,6.2475,5.0,6.274190982333334,Ágata,1,0.46666666666666634,-0.49871175499999865,-0.36197568466666663
RA-1160,3I,14.0,Masculino,2023,Pública,Ágata,6.274190982333334,8.751,8.201288245,7.51,6.25,3.1666666666666665,5.5,2.0,2.0,6.2475,5.0,Fase 4 (9° ano),-1,2024,3,1,Defasagem moderada,1,5.0,True,,,,,,,,,,,,,,
RA-1161,FASE 3,,Feminino,2023,Pública,Ametista,7.317791667,6.3,8.1,2.52,8.28125,6.3,7.3,6.5,5.2,8.63,10.0,Fase 3 (7° e 8° ano),0,2023,3,0,Em fase / adiantado,0,10.0,True,,,,,,,,,,,,,,
RA-1162,FASE 3,13.0,Feminino,2023,Pública,Ametista,7.44215,8.3,8.5,3.77,7.8125,6.0,7.3,5.5,5.2,7.7525,10.0,Fase 3 (7° e 8° ano),0,2023,3,0,Em fase / adiantado,0,10.0,True,2024.0,0.0,5.666666666666667,9.135672514666666,6.26,6.875,7.0375,10.0,7.473167836266667,Ametista,0,-0.33333333333333304,0.6356725146666662,0.031017836266666876
RA-1162,4M,14.0,Feminino,2023,Pública,Ametista,7.473167836266667,7.917,9.135672514666666,6.26,6.875,5.666666666666667,4.0,7.5,5.5,7.0375,10.0,Fase 4 (9° ano),0,2024,4,1,Em fase / adiantado,0,10.0,True,,,,,,,,,,,,,,
RA-1163,FASE 3,14.0,Masculino,2023,Pública,Ametista,7.749391667,8.8,9.3,7.52,7.65625,7.2,7.0,6.7,8.0,7.75,5.0,Fase 4 (9° ano),-1,2023,3,0,Defasagem moderada,1,5.0,True,2024.0,0.0,7.833333333333333,9.824561403666666,7.51,8.125,8.755,10.0,8.6794789474,Topázio,0,0.6333333333333329,0.5245614036666648,0.9300872803999995
RA-1163,4M,15.0,Masculino,2023,Pública,Topázio,8.6794789474,8.334,9.824561403666666,7.51,8.125,7.833333333333333,9.5,6.5,7.5,8.755,10.0,Fase 4 (9° ano),0,2024,4,1,Em fase / adiantado,0,10.0,True,,,,,,,,,,,,,,
RA-1164,FASE 3,13.0,Masculino,2023,Pública,Ágata,6.910091667,9.2,7.5,2.52,7.65625,4.8,7.0,7.5,0.0,7.545,10.0,Fase 3 (7° e 8° ano),0,2023,3,0,Em fase / adiantado,0,10.0,True,,,,,,,,,,,,,,
RA-1165,FASE 3,12.0,Feminino,2023,Pública,Ametista,7.880716667,9.2,9.1,5.0,7.1875,7.3,7.0,6.0,9.0,7.2925,10.0,Fase 3 (7° e 8° ano),0,2023,3,0,Em fase / adiantado,0,10.0,True,2024.0,0.0,8.0,6.829721362333333,8.135,6.875,7.83,10.0,7.908044272466667,Ametista,0,0.7000000000000002,-2.2702786376666664,0.02732760546666757
RA-1165,3L,13.0,Feminino,2023,Pública,Ametista,7.908044272466667,8.751,6.829721362333333,8.135,6.875,8.0,9.0,7.5,7.5,7.83,10.0,Fase 3 (7° e 8° ano),0,2024,3,1,Em fase / adiantado,0,10.0,True,,,,,,,,,,,,,,
RA-1166,FASE 3,15.0,Feminino,2023,Pública,Ametista,7.307858333,8.3,9.6,7.52,7.65625,4.8,5.3,2.8,6.2,7.9175,5.0,Fase 5 (1° EM),-2,2023,3,0,Defasagem moderada,1,5.0,True,2024.0,-1.0,6.333333333333333,8.498245614,6.26,8.020833333,8.625,5.0,7.452799122766667,Ametista,1,1.5333333333333332,-1.1017543859999996,0.14494078976666636
RA-1166,4M,16.0,Feminino,2023,Pública,Ametista,7.452799122766667,8.334,8.498245614,6.26,8.020833333,6.333333333333333,5.0,7.0,7.0,8.625,5.0,Fase 5 (1° EM),-1,2024,4,1,Defasagem moderada,1,5.0,True,,,,,,,,,,,,,,
RA-1167,FASE 3,16.0,Masculino,2023,Pública,Ágata,6.021891667,8.8,7.6,2.52,7.65625,3.8,6.0,3.7,1.8,7.9625,2.5,Fase 6 (2° EM),-3,2023,3,0,Defasagem severa,1,2.5,True,,,,,,,,,,,,,,
RA-1168,FASE 3,13.0,Feminino,2023,Pública,Quartzo,5.886625,0.0,8.8,2.52,7.65625,3.5,5.0,2.0,3.5,7.045,10.0,Fase 3 (7° e 8° ano),0,2023,3,0,Em fase / adiantado,0,10.0,True,2024.0,-1.0,5.666666666666667,7.682352941333334,7.51,7.1875,6.33,5.0,6.864053921600001,Ágata,1,2.166666666666667,-1.117647058666667,0.9774289216000005
RA-1168,3N,14.0,Feminino,2023,Pública,Ágata,6.864053921600001,9.585,7.682352941333334,7.51,7.1875,5.666666666666667,8.5,3.5,5.0,6.33,5.0,Fase 4 (9° ano),-1,2024,3,1,Defasagem moderada,1,5.0,True,,,,,,,,,,,,,,
RA-1169,FASE 3,,Feminino,2023,Pública,Ametista,7.213625,7.5,9.5,5.0,7.03125,6.3,6.8,7.3,4.8,8.0025,5.0,Fase 4 (9° ano),-1,2023,3,0,Defasagem moderada,1,5.0,True,2024.0,-1.0,6.833333333333333,8.444444444333334,5.635,7.8125,6.8,5.0,6.885305555533334,Ágata,1,0.5333333333333332,-1.0555555556666665,-0.3283194444666666
RA-1169,4N,15.0,Feminino,2023,Pública,Ágata,6.885305555533334,6.25,8.444444444333334,5.635,7.8125,6.833333333333333,6.0,6.5,8.0,6.8,5.0,Fase 5 (1° EM),-1,2024,4,1,Defasagem moderada,1,5.0,True,,,,,,,,,,,,,,
RA-117,4,15.0,Menina,2022,Escola Pública,Ágata,6.685,7.9,6.3,6.9,,6.1,4.7,6.7,7.0,7.417,5.0,Fase 5 (1º EM),-1,2022,4,0,Defasagem moderada,1,5.0,True,,,,,,,,,,,,,,
RA-1170,FASE 3,,Masculino,2023,Pública,Ágata,6.874683333,8.8,7.7,7.52,7.1875,5.9,6.0,6.8,4.8,6.5775,5.0,Fase 4 (9° ano),-1,2023,3,0,Defasagem moderada,1,5.0,True,2024.0,-2.0,3.5,5.565079365,8.13,7.03125,6.7475,5.0,6.095440873,Ágata,1,-2.4000000000000004,-2.1349206350000003,-0.7792424599999999
RA-1170,3P,15.0,Masculino,2023,Pública,Ágata,6.095440873,9.168,5.565079365,8.13,7.03125,3.5,1.0,2.5,7.0,6.7475,5.0,Fase 5 (1° EM),-2,2024,3,1,Defasagem moderada,1,5.0,True,,,,,,,,,,,,,,
RA-1171,FASE 3,14.0,Masculino,2023,Pública,Ametista,7.856033333,7.9,8.4,5.0,8.75,8.7,7.3,9.0,9.7,8.88,5.0,Fase 4 (9° ano),-1,2023,3,0,Defasagem moderada,1,5.0,True,2024.0,-1.0,7.5,7.230158729999999,7.51,8.645833333,8.643333333,5.0,7.6236817459,Ametista,1,-1.1999999999999993,-1.169841270000001,-0.23235158710000015
RA-1171,4R,15.0,Masculino,2023,Pública,Ametista,7.6236817459,8.334,7.230158729999999,7.51,8.645833333,7.5,5.0,9.5,8.0,8.643333333,5.0,Fase 5 (1° EM),-1,2024,4,1,Defasagem moderada,1,5.0,True,,,,,,,,,,,,,,
RA-1172,FASE 4,16.0,Feminino,2023,Pública,Ametista,7.030108333,8.3,7.8,2.52,8.59375,6.7,6.0,5.7,8.3,8.46,5.0,Fase 6 (2° EM),-2,2023,4,0,Defasagem moderada,1,5.0,True,2024.0,-1.0,3.3333333333333335,6.0634920633333325,6.26,7.25,6.196,5.0,5.719565079333334,Quartzo,1,-3.3666666666666667,-1.7365079366666674,-1.3105432536666664
RA-1172,5A,17.0,Feminino,2023,Pública,Quartzo,5.719565079333334,7.5,6.0634920633333325,6.26,7.25,3.3333333333333335,0.0,5.0,5.0,6.196,5.0,Fase 6 (2° EM),-1,2024,5,1,Defasagem moderada,1,5.0,True,,,,,,,,,,,,,,
RA-1173,FASE 4,14.0,Masculino,2023,Pública,Ametista,7.67285,8.8,9.7,2.52,7.8125,6.0,7.0,5.0,6.0,8.1225,10.0,Fase 4 (9° ano),0,2023,4,0,Em fase / adiantado,0,10.0,True,2024.0,0.0,5.833333333333333,9.665831245,7.51,8.125,8.2,10.0,8.220132915666667,Topázio,0,-0.16666666666666696,-0.034168754999999607,0.547282915666667
RA-1173,5D,15.0,Masculino,2023,Pública,Topázio,8.220132915666667,9.168,9.665831245,7.51,8.125,5.833333333333333,6.0,7.5,4.0,8.2,10.0,Fase 5 (1° EM),0,2024,5,1,Em fase / adiantado,0,10.0,True,,,,,,,,,,,,,,
RA-1174,FASE 4,15.0,Feminino,2023,Pública,Ametista,7.333591667,9.2,8.7,2.52,8.90625,6.8,6.5,7.2,6.8,8.3375,5.0,Fase 5 (1° EM),-1,2023,4,0,Defasagem moderada,1,5.0,True,2024.0,0.0,5.0,8.349567099333333,6.26,7.5,7.266,10.0,7.374213419866667,Ametista,0,-1.7999999999999998,-0.3504329006666662,0.04062175286666658
RA-1174,5B,16.0,Feminino,2023,Pública,Ametista,7.374213419866667,8.751,8.349567099333333,6.26,7.5,5.0,5.0,3.0,7.0,7.266,10.0,Fase 5 (1° EM),0,2024,5,1,Em fase / adiantado,0,10.0,True,,,,,,,,,,,,,,
RA-1175,FASE 4,,Feminino,2023,Pública,Quartzo,5.939858333,8.3,5.3,2.52,7.65625,6.3,6.3,6.3,6.2,7.6275,2.5,Fase 7 (3° EM),-3,2023,4,0,Defasagem severa,1,2.5,True,,,,,,,,,,,,,,
RA-1176,FASE 4,13.0,Masculino,2023,Pública,Topázio,8.881483333,8.3,9.3,7.52,9.6875,8.2,8.0,7.8,8.7,9.17,10.0,Fase 3 (7° e 8° ano),1,2023,4,0,Em fase / adiantado,0,10.0,True,2024.0,1.0,9.166666666666666,9.682539682666667,6.26,8.59375,8.9225,10.0,8.914816269866666,Topázio,0,0.9666666666666668,0.3825396826666658,0.03333293686666572
RA-1176,5C,14.0,Masculino,2023,Privada - Programa de Apadrinhamento,Topázio,8.914816269866666,8.751,9.682539682666667,6.26,8.59375,9.166666666666666,10.0,8.0,9.5,8.9225,10.0,Fase 4 (9° ano),1,2024,5,1,Em fase / adiantado,0,10.0,True,,,,,,,,,,,,,,
RA-1177,FASE 4,14.0,Feminino,2023,Pública,Topázio,8.345491667,10.0,9.9,2.52,8.90625,7.2,7.0,6.7,8.0,8.88,10.0,Fase 4 (9° ano),0,2023,4,0,Em fase / adiantado,0,10.0,True,2024.0,0.0,7.333333333333333,9.824561403666666,6.26,7.65625,8.125,10.0,8.3233039474,Topázio,0,0.13333333333333286,-0.07543859633333483,-0.022187719599999767
RA-1177,5C,15.0,Feminino,2023,Pública,Topázio,8.3233039474,8.751,9.824561403666666,6.26,7.65625,7.333333333333333,9.5,5.5,7.0,8.125,10.0,Fase 5 (1° EM),0,2024,5,1,Em fase / adiantado,0,10.0,True,,,,,,,,,,,,,,
RA-1178,FASE 4,,Masculino,2023,Pública,Ametista,7.066475,8.8,9.3,2.52,7.96875,5.7,6.3,4.5,6.3,8.2125,5.0,Fase 6 (2° EM),-2,2023,4,0,Defasagem moderada,1,5.0,True,2024.0,-1.0,8.333333333333334,9.682539682666667,6.26,7.5,8.696,5.0,8.0934746032,Topázio,1,2.6333333333333337,0.3825396826666658,1.026999603200001
RA-1178,5D,17.0,Masculino,2023,Pública,Topázio,8.0934746032,8.751,9.682539682666667,6.26,7.5,8.333333333333334,9.0,8.0,8.0,8.696,5.0,Fase 6 (2° EM),-1,2024,5,1,Defasagem moderada,1,5.0,True,,,,,,,,,,,,,,
RA-1179,FASE 4,,Masculino,2023,Pública,Ágata,6.631333333,9.6,8.1,4.38,6.875,5.0,6.7,3.7,4.5,7.17,5.0,Fase 5 (1° EM),-1,2023,4,0,Defasagem moderada,1,5.0,True,,,,,,,,,,,,,,
RA-118,4,14.0,Menina,2021,Escola Pública,Quartzo,5.597,0.0,5.3,6.3,,3.9,3.7,4.7,3.5,6.958,10.0,Fase 4 (9º ano),0,2022,4,1,Em fase / adiantado,0,10.0,True,,,,,,,,,,,,,,
RA-1180,FASE 4,15.0,Masculino,2023,Pública,Ametista,7.067983333,8.3,9.5,5.0,7.1875,5.4,6.0,4.8,5.3,7.7125,5.0,Fase 5 (1° EM),-1,2023,4,0,Defasagem moderada,1,5.0,True,,,,,,,,,,,,,,
RA-1181,FASE 4,,Feminino,2023,Pública,Ágata,6.971266667,8.8,8.3,2.52,7.5,4.8,5.7,4.3,4.5,7.3375,10.0,Fase 4 (9° ano),0,2023,4,0,Em fase / adiantado,0,10.0,True,2024.0,0.0,3.8333333333333335,5.036075036,6.26,7.125,5.862,10.0,6.2015816738666665,Ágata,0,-0.9666666666666663,-3.263924964000001,-0.7696849931333336
RA-1181,5B,15.0,Feminino,2023,Pública,Ágata,6.2015816738666665,9.168,5.036075036,6.26,7.125,3.8333333333333335,1.0,1.0,9.5,5.862,10.0,Fase 5 (1° EM),0,2024,5,1,Em fase / adiantado,0,10.0,True,,,,,,,,,,,,,,
RA-1182,FASE 4,,Feminino,2023,Pública,Quartzo,5.709808333,7.5,6.3,2.52,6.71875,4.2,5.3,2.0,5.2,7.2125,5.0,Fase 6 (2° EM),-2,2023,4,0,Defasagem moderada,1,5.0,True,,,,,,,,,,,,,,
RA-1183,FASE 4,15.0,Masculino,2023,Pública,Ágata,6.269541667,7.5,8.7,2.52,6.09375,5.3,6.0,4.0,6.0,6.7575,5.0,Fase 5 (1° EM),-1,2023,4,0,Defasagem moderada,1,5.0,True,,,,,,,,,,,,,,
RA-1184,FASE 4,,Masculino,2023,Pública,Ametista,7.381566667,8.3,8.3,5.0,8.125,7.3,8.0,5.5,8.5,8.045,5.0,Fase 6 (2° EM),-2,2023,4,0,Defasagem moderada,1,5.0,True,2024.0,-1.0,7.666666666666667,8.658008657666668,7.51,7.291666667,7.5,5.0,7.411701731566668,Ametista,1,0.36666666666666714,0.3580086576666677,0.030135064566667147
RA-1184,5F,17.0,Masculino,2023,Pública,Ametista,7.411701731566668,6.666,8.658008657666668,7.51,7.291666667,7.666666666666667,6.0,7.0,10.0,7.5,5.0,Fase 6 (2° EM),-1,2024,5,1,Defasagem moderada,1,5.0,True,,,,,,,,,,,,,,
RA-1185,FASE 4,,Feminino,2023,Pública,Topázio,8.02675,7.5,9.1,5.0,7.8125,7.5,6.7,6.3,9.5,8.3775,10.0,Fase 3 (7° e 8° ano),1,2023,4,0,Em fase / adiantado,0,10.0,True,,,,,,,,,,,,,,
RA-1186,FASE 4,,Feminino,2023,Pública,Ametista,7.281433333,8.8,9.8,6.89,6.875,5.5,6.7,5.2,4.5,7.3825,5.0,Fase 6 (2° EM),-2,2023,4,0,Defasagem moderada,1,5.0,True,,,,,,,,,,,,,,
RA-1187,FASE 4,13.0,Feminino,2023,Pública,Ágata,6.644475,8.8,6.9,2.52,7.34375,5.3,4.7,5.0,6.2,6.715,10.0,Fase 3 (7° e 8° ano),1,2023,4,0,Em fase / adiantado,0,10.0,True,,,,,,,,,,,,,,
RA-1188,FASE 4,15.0,Feminino,2023,Pública,,,9.6,9.4,,7.8125,6.4,6.5,7.5,5.2,7.5875,5.0,Fase 5 (1° EM),-1,2023,4,0,Defasagem moderada,1,5.0,True,2024.0,-1.0,7.0,10.0,7.51,8.125,7.106666667,5.0,7.801633333400001,Ametista,1,0.5999999999999996,0.5999999999999996,
RA-1188,5G,16.0,Feminino,2023,Pública,Ametista,7.801633333400001,9.168,10.0,7.51,8.125,7.0,7.0,6.0,8.0,7.106666667,5.0,Fase 6 (2° EM),-1,2024,5,1,Defasagem moderada,1,5.0,True,,,,,,,,,,,,,,
RA-1189,FASE 4,,Feminino,2023,Pública,,,8.8,9.0,,7.8125,6.1,6.3,5.7,6.2,7.3775,5.0,Fase 5 (1° EM),-1,2023,4,0,Defasagem moderada,1,5.0,True,2024.0,-1.0,7.666666666666667,8.672360248333332,7.51,7.5,7.106666667,5.0,7.6486387164,Ametista,1,1.5666666666666673,-0.32763975166666803,
RA-1189,5G,16.0,Feminino,2023,Pública,Ametista,7.6486387164,9.585,8.672360248333332,7.51,7.5,7.666666666666667,7.0,7.0,9.0,7.106666667,5.0,Fase 6 (2° EM),-1,2024,5,1,Defasagem moderada,1,5.0,True,,,,,,,,,,,,,,
RA-119,4,14.0,Menina,2016,Rede Decisão,Ametista,7.501,8.3,8.2,5.6,,5.4,5.7,7.0,3.4,7.875,10.0,Fase 4 (9º ano),0,2022,4,6,Em fase / adiantado,0,10.0,True,2023.0,2.0,,,2.52,,,10.0,,,0,,,
RA-119,FASE 7,15.0,Feminino,2016,Privada - Programa de Apadrinhamento,,,6.7,,2.52,,,,,,,10.0,Fase 5 (1° EM),2,2023,7,7,Em fase / adiantado,0,10.0,True,2024.0,1.0,7.366666666666667,9.983333333,6.57,7.5,7.5,10.0,8.085299999933333,Topázio,0,,,
RA-119,7E,16.0,Feminino,2021,Privada - Programa de Apadrinhamento,Topázio,8.085299999933333,7.083,9.983333333,6.57,7.5,7.366666666666667,6.05,7.5,8.55,7.5,10.0,Fase 6 (2° EM),1,2024,7,3,Em fase / adiantado,0,10.0,True,,,,,,,,,,,,,,
RA-1190,FASE 4,,Masculino,2023,Pública,Ágata,6.330041667,0.0,9.2,5.0,7.34375,4.2,3.0,4.2,5.5,7.045,10.0,Fase 4 (9° ano),0,2023,4,0,Em fase / adiantado,0,10.0,True,,,,,,,,,,,,,,
RA-1191,FASE 4,,Masculino,2023,Pública,Ágata,6.175333333,7.5,7.2,5.0,5.0,3.7,2.3,2.5,6.2,6.26,10.0,Fase 4 (9° ano),0,2023,4,0,Em fase / adiantado,0,10.0,True,,,,,,,,,,,,,,
RA-1192,FASE 4,15.0,Feminino,2023,Pública,Ágata,6.780741667,7.9,8.7,2.52,7.96875,5.8,4.7,6.0,6.8,7.6675,5.0,Fase 5 (1° EM),-1,2023,4,0,Defasagem moderada,1,5.0,True,,,,,,,,,,,,,,
RA-1193,FASE 4,,Feminino,2023,Pública,Ágata,6.018083333,0.0,7.8,5.0,7.1875,4.1,3.7,3.5,5.0,7.13,10.0,Fase 4 (9° ano),0,2023,4,0,Em fase / adiantado,0,10.0,True,2024.0,-1.0,4.0,7.763157895,5.635,7.8125,7.79,5.0,6.6304815790000005,Ágata,1,-0.09999999999999964,-0.03684210499999985,0.6123982460000006
RA-1193,4L,15.0,Feminino,2023,Pública,Ágata,6.6304815790000005,8.751,7.763157895,5.635,7.8125,4.0,3.0,6.0,3.0,7.79,5.0,Fase 5 (1° EM),-1,2024,4,1,Defasagem moderada,1,5.0,True,,,,,,,,,,,,,,
RA-1194,FASE 4,13.0,Masculino,2023,Pública,Ametista,7.671933333,8.8,9.0,5.0,7.5,6.1,6.0,4.2,8.0,7.6675,10.0,Fase 3 (7° e 8° ano),1,2023,4,0,Em fase / adiantado,0,10.0,True,,,,,,,,,,,,,,
RA-1195,FASE 4,,Feminino,2022,Pública,Quartzo,5.677291667,0.0,8.3,2.52,8.28125,5.4,4.3,4.7,7.3,8.0025,2.5,Fase 7 (3° EM),-3,2023,4,1,Defasagem severa,1,2.5,True,2024.0,-2.0,6.166666666666667,9.855072463666666,5.63,7.5,7.663333333,5.0,7.5085144926666665,Ametista,1,0.7666666666666666,1.555072463666665,1.831222825666666
RA-1195,5N,18.0,Feminino,2022,Pública,Ametista,7.5085144926666665,9.585,9.855072463666666,5.63,7.5,6.166666666666667,8.0,5.0,5.5,7.663333333,5.0,Fase 7 (3° EM),-2,2024,5,2,Defasagem moderada,1,5.0,True,,,,,,,,,,,,,,
RA-1196,FASE 5,15.0,Masculino,2023,Privada,Ametista,7.03025,0.0,8.2,5.0,7.8125,7.5,8.0,6.2,8.3,8.045,10.0,Fase 5 (1° EM),0,2023,5,0,Em fase / adiantado,0,10.0,True,,,,,,,,,,,,,,
RA-1197,FASE 5,16.0,Feminino,2023,Pública,Ágata,6.946058333,6.7,8.4,5.0,7.03125,7.3,5.3,7.2,9.3,7.215,5.0,Fase 6 (2° EM),-1,2023,5,0,Defasagem moderada,1,5.0,True,,,,,,,,,,,,,,
RA-1198,FASE 5,,Feminino,2023,Pública,Ametista,7.515233333,8.3,9.4,6.26,7.5,6.7,7.3,3.7,9.0,7.9625,5.0,Fase 6 (2° EM),-1,2023,5,0,Defasagem moderada,1,5.0,True,2024.0,-1.0,3.5,9.458874459,7.51,7.375,7.332,5.0,6.9217748918,Ágata,1,-3.2,0.0588744590000001,-0.5934584412000001
RA-1198,5A,17.0,Feminino,2023,Pública,Ágata,6.9217748918,8.751,9.458874459,7.51,7.375,3.5,0.0,1.0,9.5,7.332,5.0,Fase 6 (2° EM),-1,2024,5,1,Defasagem moderada,1,5.0,True,,,,,,,,,,,,,,
RA-1199,FASE 5,,Masculino,2023,Pública,Ametista,7.024933333,6.7,9.1,5.0,6.875,6.2,6.8,5.0,6.7,8.0875,5.0,Fase 7 (3° EM),-2,2023,5,0,Defasagem moderada,1,5.0,True,2024.0,-2.0,9.0,8.571428571333334,5.005,6.5625,8.466,5.0,7.614235714266666,Ametista,1,2.8,-0.5285714286666661,0.5893023812666662
RA-1199,5D,18.0,Masculino,2023,Concluiu o 3º EM,Ametista,7.614235714266666,7.5,8.571428571333334,5.005,6.5625,9.0,10.0,7.0,10.0,8.466,5.0,Fase 7 (3° EM),-2,2024,5,1,Defasagem moderada,1,5.0,True,,,,,,,,,,,,,,
RA-12,7,17.0,Menina,2020,Escola Pública,Quartzo,4.832,0.0,4.0,6.9,,1.5,2.7,1.1,0.7,6.389,10.0,Fase 7 (3º EM),0,2022,7,2,Em fase / adiantado,0,10.0,True,2023.0,0.0,,,,,,10.0,,,0,,,
RA-12,FASE 8,18.0,Feminino,2020,Privada *Parcerias com Bolsa 100%,,,,,,,,,,,,10.0,Fase 8 (Universitários),0,2023,8,3,Em fase / adiantado,0,10.0,True,2024.0,0.0,,0.0,,,,10.0,,,0,,,
RA-12,8E,19.0,Feminino,2021,Privada *Parcerias com Bolsa 100%,,,,0.0,,,,,,,,10.0,Fase 8 (Universitários),0,2024,8,3,Em fase / adiantado,0,10.0,True,,,,,,,,,,,,,,
RA-120,4,15.0,Menino,2019,Escola Pública,Ágata,6.825,8.3,5.9,7.5,,6.2,3.7,5.2,9.7,7.667,5.0,Fase 5 (1º EM),-1,2022,4,3,Defasagem moderada,1,5.0,True,,,,,,,,,,,,,,
RA-1200,FASE 5,15.0,Feminino,2023,Pública,Quartzo,5.711166667,0.0,6.4,5.0,7.5,4.0,4.3,2.3,5.5,6.8725,10.0,Fase 5 (1° EM),0,2023,5,0,Em fase / adiantado,0,10.0,True,2024.0,-1.0,1.5,7.099419478000001,6.26,7.5,6.27,5.0,5.6415838956,Quartzo,1,-2.5,0.6994194780000003,-0.06958277139999947
RA-1200,5N,16.0,Feminino,2023,Pública,Quartzo,5.6415838956,7.917,7.099419478000001,6.26,7.5,1.5,0.0,4.5,0.0,6.27,5.0,Fase 6 (2° EM),-1,2024,5,1,Defasagem moderada,1,5.0,True,,,,,,,,,,,,,,
RA-1201,FASE 5,15.0,Masculino,2023,Pública,Topázio,8.378008333,9.2,9.6,3.77,8.59375,7.8,8.3,6.5,8.5,8.7575,10.0,Fase 5 (1° EM),0,2023,5,0,Em fase / adiantado,0,10.0,True,2024.0,-1.0,9.0,9.523809523666666,7.51,8.333333333,8.56,5.0,8.376195238033333,Topázio,1,1.2000000000000002,-0.07619047633333409,-0.0018130949666677054
RA-1201,5N,16.0,Masculino,2023,Pública,Topázio,8.376195238033333,8.751,9.523809523666666,7.51,8.333333333,9.0,9.0,8.0,10.0,8.56,5.0,Fase 6 (2° EM),-1,2024,5,1,Defasagem moderada,1,5.0,True,,,,,,,,,,,,,,
RA-1202,FASE 5,16.0,Feminino,2023,Pública,Ágata,6.202008333,7.1,7.6,7.52,7.34375,3.3,4.5,3.3,2.0,6.67,5.0,Fase 6 (2° EM),-1,2023,5,0,Defasagem moderada,1,5.0,True,,,,,,,,,,,,,,
RA-1203,FASE 5,,Feminino,2023,Pública,Ametista,7.487841667,9.2,10.0,2.52,7.96875,7.2,6.7,5.8,9.2,7.8775,5.0,Fase 6 (2° EM),-1,2023,5,0,Defasagem moderada,1,5.0,True,2024.0,0.0,9.0,9.649122807,7.51,8.375,8.572,10.0,8.9495245614,Topázio,0,1.7999999999999998,-0.35087719300000053,1.4616828944000009
RA-1203,6L,17.0,Feminino,2023,Privada - Programa de Apadrinhamento,Topázio,8.9495245614,9.168,9.649122807,7.51,8.375,9.0,8.5,9.0,9.5,8.572,10.0,Fase 6 (2° EM),0,2024,6,1,Em fase / adiantado,0,10.0,True,,,,,,,,,,,,,,
RA-1204,FASE 5,16.0,Masculino,2023,Pública,Ágata,6.940416667,7.5,8.7,5.0,7.8125,6.1,5.0,3.7,9.7,7.2125,5.0,Fase 6 (2° EM),-1,2023,5,0,Defasagem moderada,1,5.0,True,,,,,,,,,,,,,,
RA-1205,FASE 5,18.0,Feminino,2023,Pública,Ágata,6.806466667,9.2,9.2,6.26,7.5,5.0,5.2,3.7,6.2,7.085,2.5,Fase 8 (Universitários),-3,2023,5,0,Defasagem severa,1,2.5,True,,,,,,,,,,,,,,
RA-1206,FASE 5,17.0,Feminino,2023,Pública,Ágata,6.724183333,8.8,8.3,2.52,7.8125,5.6,4.7,3.7,8.3,7.7125,5.0,Fase 7 (3° EM),-2,2023,5,0,Defasagem moderada,1,5.0,True,,,,,,,,,,,,,,
RA-1207,FASE 5,,Feminino,2023,Pública,Ametista,7.58235,8.8,9.0,5.0,7.8125,5.5,5.0,4.0,7.5,7.63,10.0,Fase 5 (1° EM),0,2023,5,0,Em fase / adiantado,0,10.0,True,2024.0,-1.0,5.333333333333333,6.581140350999999,7.51,7.34375,6.5375,5.0,6.509169736866667,Ágata,1,-0.16666666666666696,-2.4188596490000007,-1.0731802631333327
RA-1207,5M,16.0,Feminino,2023,Pública,Ágata,6.509169736866667,8.334,6.581140350999999,7.51,7.34375,5.333333333333333,4.5,1.5,10.0,6.5375,5.0,Fase 6 (2° EM),-1,2024,5,1,Defasagem moderada,1,5.0,True,,,,,,,,,,,,,,
RA-1208,FASE 5,15.0,Masculino,2023,Pública,Ametista,7.0651,8.8,8.8,2.52,6.875,6.2,5.0,4.8,8.8,6.2525,10.0,Fase 5 (1° EM),0,2023,5,0,Em fase / adiantado,0,10.0,True,,,,,,,,,,,,,,
RA-1209,FASE 5,16.0,Feminino,2023,Pública,Ametista,7.43375,7.5,9.4,5.0,7.8125,7.4,7.7,5.7,8.8,7.7125,5.0,Fase 6 (2° EM),-1,2023,5,0,Defasagem moderada,1,5.0,True,,,,,,,,,,,,,,
RA-121,4,16.0,Menina,2021,Escola Pública,Ametista,7.245,7.1,8.4,6.3,,7.2,5.7,6.8,9.0,7.625,5.0,Fase 6 (2º EM),-2,2022,4,1,Defasagem moderada,1,5.0,True,2023.0,-1.0,6.0,8.8,5.0,7.34375,7.4625,5.0,6.811875,Ágata,1,-1.2000000000000002,0.40000000000000036,-0.4331250000000004
RA-121,FASE 5,,Feminino,2021,Pública,Ágata,6.811875,6.3,8.8,5.0,7.34375,6.0,5.0,5.7,7.3,7.4625,5.0,Fase 6 (2° EM),-1,2023,5,2,Defasagem moderada,1,5.0,True,2024.0,-2.0,8.833333333333334,8.152958153,6.26,7.25,6.764,5.0,7.476158297266668,Ametista,1,2.833333333333334,-0.6470418470000006,0.6642832972666683
RA-121,5A,17.0,Feminino,2021,Pública,Ametista,7.476158297266668,8.751,8.152958153,6.26,7.25,8.833333333333334,7.5,9.0,10.0,6.764,5.0,Fase 7 (3° EM),-2,2024,5,3,Defasagem moderada,1,5.0,True,,,,,,,,,,,,,,
RA-1210,FASE 5,16.0,Feminino,2023,Pública,Ametista,7.171083333,9.6,9.4,5.0,7.8125,4.7,5.0,2.0,7.0,8.09,5.0,Fase 6 (2° EM),-1,2023,5,0,Defasagem moderada,1,5.0,True,2024.0,0.0,5.5,10.0,7.51,7.875,8.166,10.0,8.2302,Topázio,0,0.7999999999999998,0.5999999999999996,1.0591166669999996
RA-1210,6L,17.0,Feminino,2023,Pública,Topázio,8.2302,9.585,10.0,7.51,7.875,5.5,5.0,6.5,5.0,8.166,10.0,Fase 6 (2° EM),0,2024,6,1,Em fase / adiantado,0,10.0,True,,,,,,,,,,,,,,
RA-1211,FASE 5,16.0,Feminino,2023,Pública,Ametista,7.09205,7.1,9.1,5.0,7.8125,6.2,6.3,4.5,7.8,7.7125,5.0,Fase 6 (2° EM),-1,2023,5,0,Defasagem moderada,1,5.0,True,,,,,,,,,,,,,,
RA-1212,FASE 5,16.0,Feminino,2023,Pública,Ágata,6.755358333,8.3,8.9,5.0,7.65625,4.2,0.0,3.5,9.0,7.715,5.0,Fase 6 (2° EM),-1,2023,5,0,Defasagem moderada,1,5.0,True,,,,,,,,,,,,,,
RA-1213,FASE 5,,Feminino,2023,Pública,Quartzo,5.95625,0.0,8.4,2.52,7.8125,6.0,6.7,4.8,6.5,7.715,5.0,Fase 7 (3° EM),-2,2023,5,0,Defasagem moderada,1,5.0,True,,,,,,,,,,,,,,
RA-1214,FASE 6,16.0,Masculino,2023,Pública,Topázio,8.378666667,9.6,9.8,6.89,7.5,7.4,8.0,5.0,9.3,7.6725,10.0,Fase 6 (2° EM),0,2023,6,0,Em fase / adiantado,0,10.0,True,2024.0,0.0,8.0,9.081527348,8.13,8.28125,7.663333333,10.0,8.5902971362,Topázio,0,0.5999999999999996,-0.7184726520000009,0.21163046920000106
RA-1214,7A,17.0,Masculino,2023,Pública,Topázio,8.5902971362,10.002,9.081527348,8.13,8.28125,8.0,8.0,6.0,10.0,7.663333333,10.0,Fase 7 (3° EM),0,2024,7,1,Em fase / adiantado,0,10.0,True,,,,,,,,,,,,,,
RA-1215,FASE 6,16.0,Feminino,2023,Pública,Ágata,6.339466667,7.1,5.6,5.0,7.5,4.1,5.0,2.7,4.7,7.1725,10.0,Fase 6 (2° EM),0,2023,6,0,Em fase / adiantado,0,10.0,True,,,,,,,,,,,,,,
RA-1216,FASE 6,19.0,Feminino,2023,Concluiu o 3º EM,Ametista,7.7105,9.6,9.0,5.63,7.5,7.9,8.7,5.3,9.7,7.795,5.0,Fase 8 (Universitários),-2,2023,6,0,Defasagem moderada,1,5.0,True,2024.0,0.0,,0.0,,,,10.0,,,0,,-9.0,
RA-1216,8F,20.0,Feminino,2023,Privada *Parcerias com Bolsa 100%,,,,0.0,,,,,,,,10.0,Fase 8 (Universitários),0,2024,8,1,Em fase / adiantado,0,10.0,True,,,,,,,,,,,,,,
RA-1217,FASE 6,17.0,Feminino,2023,Pública,Ágata,6.064625,0.0,7.9,5.63,7.65625,5.9,7.0,4.0,6.7,7.38,5.0,Fase 7 (3° EM),-1,2023,6,0,Defasagem moderada,1,5.0,True,,,,,,,,,,,,,,
RA-1218,FASE 6,17.0,Masculino,2023,Pública,Ágata,6.8265,7.5,9.2,5.0,7.5,5.3,6.7,3.5,5.7,7.1325,5.0,Fase 7 (3° EM),-1,2023,6,0,Defasagem moderada,1,5.0,True,,,,,,,,,,,,,,
RA-1219,FASE 6,,Feminino,2023,Pública,Ametista,7.215141667,8.8,6.5,5.63,7.34375,6.3,7.2,5.5,6.3,7.38,10.0,Fase 6 (2° EM),0,2023,6,0,Em fase / adiantado,0,10.0,True,,,,,,,,,,,,,,
RA-122,4,14.0,Menina,2019,Escola Pública,Quartzo,5.061,7.9,3.4,7.5,,1.8,1.7,3.7,0.0,4.958,10.0,Fase 4 (9º ano),0,2022,4,3,Em fase / adiantado,0,10.0,True,,,,,,,,,,,,,,
RA-1220,FASE 6,17.0,Feminino,2023,Pública,Ágata,6.46725,0.0,9.0,5.0,7.8125,6.8,8.8,5.3,6.3,7.63,5.0,Fase 7 (3° EM),-1,2023,6,0,Defasagem moderada,1,5.0,True,2024.0,-1.0,7.666666666666667,8.555555555666666,6.885,7.5,6.26,5.0,7.143244444466667,Ametista,1,0.8666666666666671,-0.4444444443333335,0.6759944444666672
RA-1220,6L,18.0,Feminino,2023,Concluiu o 3º EM,Ametista,7.143244444466667,7.083,8.555555555666666,6.885,7.5,7.666666666666667,9.0,7.0,7.0,6.26,5.0,Fase 7 (3° EM),-1,2024,6,1,Defasagem moderada,1,5.0,True,,,,,,,,,,,,,,
RA-1221,FASE 7,22.0,Feminino,2023,Concluiu o 3º EM,Topázio,8.027466667,9.2,9.1,6.26,8.0,8.7,8.2,8.0,10.0,8.09,5.0,Fase 8 (Universitários),-1,2023,7,0,Defasagem moderada,1,5.0,True,2024.0,0.0,8.0,0.0,,,,10.0,,,0,-0.6999999999999993,-9.1,
RA-1221,8F,23.0,Feminino,2023,Concluiu o 3º EM,,,,0.0,,,8.0,7.0,7.0,10.0,,10.0,Fase 8 (Universitários),0,2024,8,1,Em fase / adiantado,0,10.0,True,,,,,,,,,,,,,,
RA-1222,FASE 7,,Feminino,2023,Nenhuma das opções acima,Ametista,7.026466667,7.1,10.0,5.63,6.875,6.8,5.0,6.5,9.0,6.005,5.0,Fase 8 (Universitários),-1,2023,7,0,Defasagem moderada,1,5.0,True,,,,,,,,,,,,,,
RA-1223,FASE 7,,Masculino,2023,Pública,Topázio,8.187766667,8.8,9.3,5.0,6.875,9.0,9.5,8.3,9.3,7.2925,10.0,Fase 7 (3° EM),0,2023,7,0,Em fase / adiantado,0,10.0,True,,,,,,,,,,,,,,
RA-1224,FASE 7,,Masculino,2023,Concluiu o 3º EM,Ametista,7.5524,8.3,9.4,5.0,7.125,8.0,8.2,6.3,9.5,7.6325,5.0,Fase 8 (Universitários),-1,2023,7,0,Defasagem moderada,1,5.0,True,2024.0,0.0,,0.0,,,,10.0,,,0,,-9.4,
RA-1224,8F,21.0,Masculino,2023,Concluiu o 3º EM,,,,0.0,,,,,,,,10.0,Fase 8 (Universitários),0,2024,8,1,Em fase / adiantado,0,10.0,True,,,,,,,,,,,,,,
RA-1225,FASE 7,18.0,Feminino,2023,Concluiu o 3º EM,,,7.5,,2.52,,,,,,,5.0,Fase 8 (Universitários),-1,2023,7,0,Defasagem moderada,1,5.0,True,2024.0,0.0,,0.0,,,,10.0,,,0,,,
RA-1225,8F,19.0,Feminino,2021,Privada *Parcerias com Bolsa 100%,,,,0.0,,,,,,,,10.0,Fase 8 (Universitários),0,2024,8,3,Em fase / adiantado,0,10.0,True,,,,,,,,,,,,,,
RA-1226,FASE 7,,Feminino,2023,Privada *Parcerias com Bolsa 100%,,,9.2,,7.52,,,,,,,10.0,Fase 6 (2° EM),1,2023,7,0,Em fase / adiantado,0,10.0,True,2024.0,0.0,6.066666666666666,9.0,6.885,7.5,7.5,10.0,7.785233333333334,Ametista,0,,,
RA-1226,7E,17.0,Feminino,2021,Privada *Parcerias com Bolsa 100%,Ametista,7.785233333333334,8.334,9.0,6.885,7.5,6.066666666666666,6.0,6.2,6.0,7.5,10.0,Fase 7 (3° EM),0,2024,7,3,Em fase / adiantado,0,10.0,True,,,,,,,,,,,,,,
RA-1227,FASE 7,16.0,Feminino,2023,Privada - Programa de Apadrinhamento,,,9.2,,2.52,,,,,,,10.0,Fase 6 (2° EM),1,2023,7,0,Em fase / adiantado,0,10.0,True,2024.0,0.0,0.0,0.0,7.195,7.5,7.5,10.0,4.8446,Quartzo,0,,,
RA-1227,7E,17.0,Feminino,2021,Privada - Programa de Apadrinhamento,Quartzo,4.8446,8.751,0.0,7.195,7.5,0.0,0.0,0.0,0.0,7.5,10.0,Fase 7 (3° EM),0,2024,7,3,Em fase / adiantado,0,10.0,True,,,,,,,,,,,,,,
RA-1228,FASE 7,17.0,Feminino,2023,Privada - Programa de Apadrinhamento,,,7.5,,2.52,,,,,,,10.0,Fase 7 (3° EM),0,2023,7,0,Em fase / adiantado,0,10.0,True,2024.0,0.0,0.0,0.0,7.51,7.5,7.5,10.0,4.8761,Quartzo,0,,,
RA-1228,7E,18.0,Feminino,2021,Privada - Programa de Apadrinhamento,Quartzo,4.8761,8.751,0.0,7.51,7.5,0.0,0.0,0.0,0.0,7.5,10.0,Fase 7 (3° EM),0,2024,7,3,Em fase / adiantado,0,10.0,True,,,,,,,,,,,,,,
RA-1229,FASE 7,,Feminino,2023,Privada - Programa de Apadrinhamento,,,8.3,,7.52,,,,,,,10.0,Fase 6 (2° EM),1,2023,7,0,Em fase / adiantado,0,10.0,True,2024.0,0.0,0.0,0.0,6.57,7.5,7.5,10.0,4.8238,Quartzo,0,,,
RA-1229,7E,17.0,Feminino,2021,Privada - Programa de Apadrinhamento,Quartzo,4.8238,9.168,0.0,6.57,7.5,0.0,0.0,0.0,0.0,7.5,10.0,Fase 7 (3° EM),0,2024,7,3,Em fase / adiantado,0,10.0,True,,,,,,,,,,,,,,
RA-123,4,16.0,Menino,2017,Rede Decisão,Ametista,7.084,7.9,8.6,5.6,,6.5,7.3,6.3,5.9,7.292,5.0,Fase 6 (2º EM),-2,2022,4,5,Defasagem moderada,1,5.0,True,2023.0,-2.0,5.7,9.4,5.0,6.875,6.8375,5.0,6.068333333,Ágata,1,-0.7999999999999998,0.8000000000000007,-1.0156666669999996
RA-123,FASE 5,17.0,Masculino,2017,Privada - Programa de Apadrinhamento,Ágata,6.068333333,0.0,9.4,5.0,6.875,5.7,5.0,5.3,6.7,6.8375,5.0,Fase 7 (3° EM),-2,2023,5,6,Defasagem moderada,1,5.0,True,2024.0,-1.0,7.166666666666667,8.412698412666666,5.635,6.71875,6.43,5.0,6.887248015866668,Ágata,1,1.4666666666666668,-0.9873015873333344,0.8189146828666676
RA-123,6A,18.0,Masculino,2021,Privada - Programa de Apadrinhamento,Ágata,6.887248015866668,7.5,8.412698412666666,5.635,6.71875,7.166666666666667,6.5,5.5,9.5,6.43,5.0,Fase 7 (3° EM),-1,2024,6,3,Defasagem moderada,1,5.0,True,,,,,,,,,,,,,,
RA-1230,FASE 7,16.0,Feminino,2021,Privada - Programa de Apadrinhamento,,,0.0,,2.52,,,,,,,10.0,Fase 6 (2° EM),1,2023,7,2,Em fase / adiantado,0,10.0,True,2024.0,0.0,0.0,0.0,7.195,7.5,7.5,10.0,4.7612000000000005,Quartzo,0,,,
RA-1230,7E,17.0,Feminino,2021,Privada - Programa de Apadrinhamento,Quartzo,4.7612000000000005,7.917,0.0,7.195,7.5,0.0,0.0,0.0,0.0,7.5,10.0,Fase 7 (3° EM),0,2024,7,3,Em fase / adiantado,0,10.0,True,,,,,,,,,,,,,,
RA-1231,FASE 8,22.0,Masculino,2021,Privada *Parcerias com Bolsa 100%,,,,,,,,,,,,10.0,Fase 8 (Universitários),0,2023,8,2,Em fase / adiantado,0,10.0,True,2024.0,1.0,,0.0,,,,10.0,,,0,,,
RA-1231,9,23.0,Masculino,2021,Privada,,,,0.0,,,,,,,,10.0,Fase 8 (Universitários),1,2024,9,3,Em fase / adiantado,0,10.0,True,,,,,,,,,,,,,,
RA-1232,FASE 8,21.0,Masculino,2021,Privada *Parcerias com Bolsa 100%,,,,,,,,,,,,10.0,Fase 8 (Universitários),0,2023,8,2,Em fase / adiantado,0,10.0,True,2024.0,1.0,,0.0,,,,10.0,,,0,,,
RA-1232,9,22.0,Masculino,2021,Privada,,,,0.0,,,,,,,,10.0,Fase 8 (Universitários),1,2024,9,3,Em fase / adiantado,0,10.0,True,,,,,,,,,,,,,,
RA-1233,FASE 8,22.0,Feminino,2021,Privada *Parcerias com Bolsa 100%,,,,,,,,,,,,10.0,Fase 8 (Universitários),0,2023,8,2,Em fase / adiantado,0,10.0,True,2024.0,1.0,,0.0,,,,10.0,,,0,,,
RA-1233,9,23.0,Feminino,2021,Privada,,,,0.0,,,,,,,,10.0,Fase 8 (Universitários),1,2024,9,3,Em fase / adiantado,0,10.0,True,,,,,,,,,,,,,,
RA-1234,FASE 8,,Feminino,2021,Privada *Parcerias com Bolsa 100%,,,,,,,,,,,,10.0,Fase 8 (Universitários),0,2023,8,2,Em fase / adiantado,0,10.0,True,2024.0,0.0,,0.0,,,,10.0,,,0,,,
RA-1234,8A,21.0,Feminino,2021,Privada,,,,0.0,,,,,,,,10.0,Fase 8 (Universitários),0,2024,8,3,Em fase / adiantado,0,10.0,True,,,,,,,,,,,,,,
RA-1235,FASE 8,21.0,Masculino,2021,Privada *Parcerias com Bolsa 100%,,,,,,,,,,,,10.0,Fase 8 (Universitários),0,2023,8,2,Em fase / adiantado,0,10.0,True,2024.0,1.0,,0.0,,,,10.0,,,0,,,
RA-1235,9,22.0,Masculino,2021,Privada,,,,0.0,,,,,,,,10.0,Fase 8 (Universitários),1,2024,9,3,Em fase / adiantado,0,10.0,True,,,,,,,,,,,,,,
RA-1236,FASE 8,21.0,Feminino,2021,Privada *Parcerias com Bolsa 100%,,,,,,,,,,,,10.0,Fase 8 (Universitários),0,2023,8,2,Em fase / adiantado,0,10.0,True,2024.0,0.0,,0.0,,,,10.0,,,0,,,
RA-1236,8A,22.0,Feminino,2021,Privada,,,,0.0,,,,,,,,10.0,Fase 8 (Universitários),0,2024,8,3,Em fase / adiantado,0,10.0,True,,,,,,,,,,,,,,
RA-1237,FASE 8,,Feminino,2021,Privada *Parcerias com Bolsa 100%,,,,,,,,,,,,10.0,Fase 8 (Universitários),0,2023,8,2,Em fase / adiantado,0,10.0,True,2024.0,1.0,,0.0,,,,10.0,,,0,,,
RA-1237,9,22.0,Feminino,2021,Privada *Parcerias com Bolsa 100%,,,,0.0,,,,,,,,10.0,Fase 8 (Universitários),1,2024,9,3,Em fase / adiantado,0,10.0,True,,,,,,,,,,,,,,
RA-1238,FASE 8,21.0,Feminino,2021,Privada *Parcerias com Bolsa 100%,,,,,,,,,,,,10.0,Fase 8 (Universitários),0,2023,8,2,Em fase / adiantado,0,10.0,True,2024.0,1.0,,0.0,,,,10.0,,,0,,,
RA-1238,9,22.0,Feminino,2021,Privada,,,,0.0,,,,,,,,10.0,Fase 8 (Universitários),1,2024,9,3,Em fase / adiantado,0,10.0,True,,,,,,,,,,,,,,
RA-1239,FASE 8,,Feminino,2021,Privada *Parcerias com Bolsa 100%,,,,,,,,,,,,10.0,Fase 8 (Universitários),0,2023,8,2,Em fase / adiantado,0,10.0,True,2024.0,0.0,,0.0,,,,10.0,,,0,,,
RA-1239,8B,21.0,Feminino,2021,Privada - Pagamento por *Empresa Parceira,,,,0.0,,,,,,,,10.0,Fase 8 (Universitários),0,2024,8,3,Em fase / adiantado,0,10.0,True,,,,,,,,,,,,,,
RA-124,4,14.0,Menino,2016,Rede Decisão,Ametista,7.388,7.9,7.8,5.0,,6.7,5.7,7.0,7.5,7.167,10.0,Fase 4 (9º ano),0,2022,4,6,Em fase / adiantado,0,10.0,True,,,,,,,,,,,,,,
RA-1240,FASE 8,20.0,Masculino,2021,Privada *Parcerias com Bolsa 100%,,,,,,,,,,,,10.0,Fase 8 (Universitários),0,2023,8,2,Em fase / adiantado,0,10.0,True,2024.0,0.0,,0.0,,,,10.0,,,0,,,
RA-1240,8B,21.0,Masculino,2021,Privada,,,,0.0,,,,,,,,10.0,Fase 8 (Universitários),0,2024,8,3,Em fase / adiantado,0,10.0,True,,,,,,,,,,,,,,
RA-1241,FASE 8,,Feminino,2021,Privada *Parcerias com Bolsa 100%,,,,,,,,,,,,10.0,Fase 8 (Universitários),0,2023,8,2,Em fase / adiantado,0,10.0,True,2024.0,0.0,,0.0,,,,10.0,,,0,,,
RA-1241,8B,21.0,Feminino,2021,Privada,,,,0.0,,,,,,,,10.0,Fase 8 (Universitários),0,2024,8,3,Em fase / adiantado,0,10.0,True,,,,,,,,,,,,,,
RA-1242,FASE 8,19.0,Feminino,2021,Privada *Parcerias com Bolsa 100%,,,,,,,,,,,,10.0,Fase 8 (Universitários),0,2023,8,2,Em fase / adiantado,0,10.0,True,2024.0,0.0,,0.0,,,,10.0,,,0,,,
RA-1242,8B,20.0,Feminino,2021,Privada,,,,0.0,,,,,,,,10.0,Fase 8 (Universitários),0,2024,8,3,Em fase / adiantado,0,10.0,True,,,,,,,,,,,,,,
RA-1243,FASE 8,,Feminino,2021,Privada *Parcerias com Bolsa 100%,,,,,,,,,,,,10.0,Fase 8 (Universitários),0,2023,8,2,Em fase / adiantado,0,10.0,True,,,,,,,,,,,,,,
RA-1244,FASE 8,20.0,Feminino,2021,Privada *Parcerias com Bolsa 100%,,,,,,,,,,,,10.0,Fase 8 (Universitários),0,2023,8,2,Em fase / adiantado,0,10.0,True,2024.0,0.0,,0.0,,,,10.0,,,0,,,
RA-1244,8B,21.0,Feminino,2021,Privada,,,,0.0,,,,,,,,10.0,Fase 8 (Universitários),0,2024,8,3,Em fase / adiantado,0,10.0,True,,,,,,,,,,,,,,
RA-1245,FASE 8,,Masculino,2021,Privada *Parcerias com Bolsa 100%,,,,,,,,,,,,10.0,Fase 8 (Universitários),0,2023,8,2,Em fase / adiantado,0,10.0,True,2024.0,0.0,,0.0,,,,10.0,,,0,,,
RA-1245,8B,21.0,Masculino,2021,Privada,,,,0.0,,,,,,,,10.0,Fase 8 (Universitários),0,2024,8,3,Em fase / adiantado,0,10.0,True,,,,,,,,,,,,,,
RA-1246,FASE 8,20.0,Feminino,2021,Privada - Pagamento por *Empresa Parceira,,,,,,,,,,,,10.0,Fase 8 (Universitários),0,2023,8,2,Em fase / adiantado,0,10.0,True,2024.0,0.0,,0.0,,,,10.0,,,0,,,
RA-1246,8B,21.0,Feminino,2021,Privada,,,,0.0,,,,,,,,10.0,Fase 8 (Universitários),0,2024,8,3,Em fase / adiantado,0,10.0,True,,,,,,,,,,,,,,
RA-1247,FASE 8,21.0,Feminino,2021,Privada *Parcerias com Bolsa 100%,,,,,,,,,,,,10.0,Fase 8 (Universitários),0,2023,8,2,Em fase / adiantado,0,10.0,True,,,,,,,,,,,,,,
RA-1248,FASE 8,20.0,Masculino,2021,Privada *Parcerias com Bolsa 100%,,,,,,,,,,,,10.0,Fase 8 (Universitários),0,2023,8,2,Em fase / adiantado,0,10.0,True,2024.0,0.0,,0.0,,,,10.0,,,0,,,
RA-1248,8B,21.0,Masculino,2021,Privada,,,,0.0,,,,,,,,10.0,Fase 8 (Universitários),0,2024,8,3,Em fase / adiantado,0,10.0,True,,,,,,,,,,,,,,
RA-1249,FASE 8,,Masculino,2021,Privada *Parcerias com Bolsa 100%,,,,,,,,,,,,10.0,Fase 8 (Universitários),0,2023,8,2,Em fase / adiantado,0,10.0,True,2024.0,0.0,,0.0,,,,10.0,,,0,,,
RA-1249,8B,27.0,Masculino,2021,Privada,,,,0.0,,,,,,,,10.0,Fase 8 (Universitários),0,2024,8,3,Em fase / adiantado,0,10.0,True,,,,,,,,,,,,,,
RA-125,4,15.0,Menina,2022,Escola Pública,Ametista,7.619,8.8,8.5,7.5,,7.1,5.0,7.2,9.2,7.75,5.0,Fase 5 (1º EM),-1,2022,4,0,Defasagem moderada,1,5.0,True,2023.0,-1.0,5.8,7.7,5.0,8.125,7.835,5.0,6.989633333,Ágata,1,-1.2999999999999998,-0.7999999999999998,-0.6293666670000002
RA-125,FASE 5,16.0,Feminino,2022,Privada,Ágata,6.989633333,9.2,7.7,5.0,8.125,5.8,3.3,5.8,8.2,7.835,5.0,Fase 6 (2° EM),-1,2023,5,1,Defasagem moderada,1,5.0,True,2024.0,-1.0,6.166666666666667,5.6428571430000005,7.51,7.34375,7.232,5.0,6.627079761933334,Ágata,1,0.36666666666666714,-2.0571428569999997,-0.3625535710666652
RA-125,6A,17.0,Feminino,2022,Privada,Ágata,6.627079761933334,8.334,5.6428571430000005,7.51,7.34375,6.166666666666667,3.0,7.0,8.5,7.232,5.0,Fase 7 (3° EM),-1,2024,6,2,Defasagem moderada,1,5.0,True,,,,,,,,,,,,,,
RA-1250,FASE 8,,Masculino,2021,Privada - Pagamento por *Empresa Parceira,,,,,,,,,,,,10.0,Fase 8 (Universitários),0,2023,8,2,Em fase / adiantado,0,10.0,True,2024.0,0.0,,0.0,,,,10.0,,,0,,,
RA-1250,8B,21.0,Masculino,2021,Privada - Pagamento por *Empresa Parceira,,,,0.0,,,,,,,,10.0,Fase 8 (Universitários),0,2024,8,3,Em fase / adiantado,0,10.0,True,,,,,,,,,,,,,,
RA-1251,FASE 8,20.0,Feminino,2021,Privada *Parcerias com Bolsa 100%,,,,,,,,,,,,10.0,Fase 8 (Universitários),0,2023,8,2,Em fase / adiantado,0,10.0,True,2024.0,0.0,,0.0,,,,10.0,,,0,,,
RA-1251,8B,21.0,Feminino,2021,Privada,,,,0.0,,,,,,,,10.0,Fase 8 (Universitários),0,2024,8,3,Em fase / adiantado,0,10.0,True,,,,,,,,,,,,,,
RA-1252,FASE 8,,Feminino,2021,Privada *Parcerias com Bolsa 100%,,,,,,,,,,,,10.0,Fase 8 (Universitários),0,2023,8,2,Em fase / adiantado,0,10.0,True,2024.0,1.0,,0.0,,,,10.0,,,0,,,
RA-1252,9,22.0,Feminino,2021,Privada,,,,0.0,,,,,,,,10.0,Fase 8 (Universitários),1,2024,9,3,Em fase / adiantado,0,10.0,True,,,,,,,,,,,,,,
RA-1253,FASE 8,23.0,Feminino,2021,Privada *Parcerias com Bolsa 100%,,,,,,,,,,,,10.0,Fase 8 (Universitários),0,2023,8,2,Em fase / adiantado,0,10.0,True,2024.0,0.0,,0.0,,,,10.0,,,0,,,
RA-1253,8D,24.0,Feminino,2021,Privada,,,,0.0,,,,,,,,10.0,Fase 8 (Universitários),0,2024,8,3,Em fase / adiantado,0,10.0,True,,,,,,,,,,,,,,
RA-1254,FASE 8,19.0,Masculino,2021,Privada *Parcerias com Bolsa 100%,,,,,,,,,,,,10.0,Fase 8 (Universitários),0,2023,8,2,Em fase / adiantado,0,10.0,True,2024.0,1.0,,0.0,,,,10.0,,,0,,,
RA-1254,9,20.0,Masculino,2021,Privada,,,,0.0,,,,,,,,10.0,Fase 8 (Universitários),1,2024,9,3,Em fase / adiantado,0,10.0,True,,,,,,,,,,,,,,
RA-1255,FASE 8,,Masculino,2021,Privada *Parcerias com Bolsa 100%,,,,,,,,,,,,10.0,Fase 8 (Universitários),0,2023,8,2,Em fase / adiantado,0,10.0,True,2024.0,0.0,,0.0,,,,10.0,,,0,,,
RA-1255,8D,20.0,Masculino,2021,Privada,,,,0.0,,,,,,,,10.0,Fase 8 (Universitários),0,2024,8,3,Em fase / adiantado,0,10.0,True,,,,,,,,,,,,,,
RA-1256,FASE 8,18.0,Feminino,2021,Privada *Parcerias com Bolsa 100%,,,,,,,,,,,,10.0,Fase 8 (Universitários),0,2023,8,2,Em fase / adiantado,0,10.0,True,2024.0,0.0,,0.0,,,,10.0,,,0,,,
RA-1256,8D,19.0,Feminino,2021,Privada,,,,0.0,,,,,,,,10.0,Fase 8 (Universitários),0,2024,8,3,Em fase / adiantado,0,10.0,True,,,,,,,,,,,,,,
RA-1257,FASE 8,18.0,Masculino,2021,Privada *Parcerias com Bolsa 100%,,,,,,,,,,,,10.0,Fase 8 (Universitários),0,2023,8,2,Em fase / adiantado,0,10.0,True,2024.0,0.0,,0.0,,,,10.0,,,0,,,
RA-1257,8D,19.0,Masculino,2021,Privada,,,,0.0,,,,,,,,10.0,Fase 8 (Universitários),0,2024,8,3,Em fase / adiantado,0,10.0,True,,,,,,,,,,,,,,
RA-1258,FASE 8,24.0,Masculino,2021,Privada *Parcerias com Bolsa 100%,,,,,,,,,,,,10.0,Fase 8 (Universitários),0,2023,8,2,Em fase / adiantado,0,10.0,True,2024.0,1.0,,0.0,,,,10.0,,,0,,,
RA-1258,9,25.0,Masculino,2021,Privada,,,,0.0,,,,,,,,10.0,Fase 8 (Universitários),1,2024,9,3,Em fase / adiantado,0,10.0,True,,,,,,,,,,,,,,
RA-1259,FASE 8,,Feminino,2021,Privada *Parcerias com Bolsa 100%,,,,,,,,,,,,10.0,Fase 8 (Universitários),0,2023,8,2,Em fase / adiantado,0,10.0,True,2024.0,0.0,,0.0,,,,10.0,,,0,,,
RA-1259,8D,20.0,Feminino,2021,Privada,,,,0.0,,,,,,,,10.0,Fase 8 (Universitários),0,2024,8,3,Em fase / adiantado,0,10.0,True,,,,,,,,,,,,,,
RA-126,4,15.0,Menino,2018,Escola Pública,Ágata,6.289,7.1,5.8,7.5,,4.4,4.0,5.0,4.2,7.417,5.0,Fase 5 (1º EM),-1,2022,4,4,Defasagem moderada,1,5.0,True,,,,,,,,,,,,,,
RA-1260,FASE 8,,Masculino,2021,Privada *Parcerias com Bolsa 100%,,,,,,,,,,,,10.0,Fase 8 (Universitários),0,2023,8,2,Em fase / adiantado,0,10.0,True,2024.0,1.0,,0.0,,,,10.0,,,0,,,
RA-1260,9,20.0,Masculino,2021,Privada,,,,0.0,,,,,,,,10.0,Fase 8 (Universitários),1,2024,9,3,Em fase / adiantado,0,10.0,True,,,,,,,,,,,,,,
RA-1261,FASE 8,,Feminino,2021,Privada *Parcerias com Bolsa 100%,,,,,,,,,,,,10.0,Fase 8 (Universitários),0,2023,8,2,Em fase / adiantado,0,10.0,True,2024.0,0.0,,0.0,,,,10.0,,,0,,,
RA-1261,8D,20.0,Feminino,2021,Privada,,,,0.0,,,,,,,,10.0,Fase 8 (Universitários),0,2024,8,3,Em fase / adiantado,0,10.0,True,,,,,,,,,,,,,,
RA-1262,FASE 8,19.0,Feminino,2021,Privada *Parcerias com Bolsa 100%,,,,,,,,,,,,10.0,Fase 8 (Universitários),0,2023,8,2,Em fase / adiantado,0,10.0,True,2024.0,0.0,,0.0,,,,10.0,,,0,,,
RA-1262,8D,20.0,Feminino,2021,Privada,,,,0.0,,,,,,,,10.0,Fase 8 (Universitários),0,2024,8,3,Em fase / adiantado,0,10.0,True,,,,,,,,,,,,,,
RA-1263,FASE 8,,Feminino,2021,Privada *Parcerias com Bolsa 100%,,,,,,,,,,,,10.0,Fase 8 (Universitários),0,2023,8,2,Em fase / adiantado,0,10.0,True,2024.0,0.0,,0.0,,,,10.0,,,0,,,
RA-1263,8D,21.0,Feminino,2021,Privada *Parcerias com Bolsa 100%,,,,0.0,,,,,,,,10.0,Fase 8 (Universitários),0,2024,8,3,Em fase / adiantado,0,10.0,True,,,,,,,,,,,,,,
RA-1264,FASE 8,,Feminino,2021,Privada *Parcerias com Bolsa 100%,,,,,,,,,,,,10.0,Fase 8 (Universitários),0,2023,8,2,Em fase / adiantado,0,10.0,True,2024.0,0.0,,0.0,,,,10.0,,,0,,,
RA-1264,8D,21.0,Feminino,2021,Privada,,,,0.0,,,,,,,,10.0,Fase 8 (Universitários),0,2024,8,3,Em fase / adiantado,0,10.0,True,,,,,,,,,,,,,,
RA-1265,FASE 8,,Masculino,2022,Privada *Parcerias com Bolsa 100%,,,,,,,,,,,,10.0,Fase 8 (Universitários),0,2023,8,1,Em fase / adiantado,0,10.0,True,2024.0,0.0,,0.0,,,,10.0,,,0,,,
RA-1265,8D,21.0,Masculino,2022,Pública,,,,0.0,,,,,,,,10.0,Fase 8 (Universitários),0,2024,8,2,Em fase / adiantado,0,10.0,True,,,,,,,,,,,,,,
RA-1266,FASE 8,,Feminino,2021,Privada *Parcerias com Bolsa 100%,,,,,,,,,,,,10.0,Fase 8 (Universitários),0,2023,8,2,Em fase / adiantado,0,10.0,True,2024.0,1.0,,0.0,,,,10.0,,,0,,,
RA-1266,9,20.0,Feminino,2021,Privada,,,,0.0,,,,,,,,10.0,Fase 8 (Universitários),1,2024,9,3,Em fase / adiantado,0,10.0,True,,,,,,,,,,,,,,
RA-1267,FASE 8,22.0,Feminino,2021,Privada *Parcerias com Bolsa 100%,,,,,,,,,,,,10.0,Fase 8 (Universitários),0,2023,8,2,Em fase / adiantado,0,10.0,True,2024.0,1.0,,0.0,,,,10.0,,,0,,,
RA-1267,9,23.0,Feminino,2021,Privada,,,,0.0,,,,,,,,10.0,Fase 8 (Universitários),1,2024,9,3,Em fase / adiantado,0,10.0,True,,,,,,,,,,,,,,
RA-1268,FASE 8,19.0,Masculino,2021,Privada *Parcerias com Bolsa 100%,,,,,,,,,,,,10.0,Fase 8 (Universitários),0,2023,8,2,Em fase / adiantado,0,10.0,True,2024.0,1.0,,0.0,,,,10.0,,,0,,,
RA-1268,9,20.0,Masculino,2021,Privada,,,,0.0,,,,,,,,10.0,Fase 8 (Universitários),1,2024,9,3,Em fase / adiantado,0,10.0,True,,,,,,,,,,,,,,
RA-1269,FASE 8,18.0,Feminino,2021,Privada - Pagamento por *Empresa Parceira,,,,,,,,,,,,10.0,Fase 8 (Universitários),0,2023,8,2,Em fase / adiantado,0,10.0,True,2024.0,0.0,,0.0,,,,10.0,,,0,,,
RA-1269,8E,19.0,Feminino,2021,Privada - Pagamento por *Empresa Parceira,,,,0.0,,,,,,,,10.0,Fase 8 (Universitários),0,2024,8,3,Em fase / adiantado,0,10.0,True,,,,,,,,,,,,,,
RA-127,4,14.0,Menina,2022,Escola Pública,Topázio,8.283,7.5,8.7,7.5,,7.9,7.7,7.7,8.3,8.125,10.0,Fase 4 (9º ano),0,2022,4,0,Em fase / adiantado,0,10.0,True,2023.0,0.0,6.4,7.8,6.26,8.4375,8.6725,10.0,7.91935,Ametista,0,-1.5,-0.8999999999999995,-0.3636499999999998
RA-127,FASE 5,15.0,Feminino,2022,Pública,Ametista,7.91935,8.8,7.8,6.26,8.4375,6.4,4.7,6.3,8.2,8.6725,10.0,Fase 5 (1° EM),0,2023,5,1,Em fase / adiantado,0,10.0,True,2024.0,0.0,7.833333333333333,9.488636363666666,7.51,7.625,8.538,10.0,8.5605939394,Topázio,0,1.4333333333333327,1.6886363636666664,0.6412439394000007
RA-127,5A,16.0,Feminino,2022,Privada - Programa de Apadrinhamento,Topázio,8.5605939394,8.751,9.488636363666666,7.51,7.625,7.833333333333333,10.0,3.5,10.0,8.538,10.0,Fase 5 (1° EM),0,2024,5,2,Em fase / adiantado,0,10.0,True,,,,,,,,,,,,,,
RA-1270,FASE 8,19.0,Feminino,2021,Privada *Parcerias com Bolsa 100%,,,,,,,,,,,,10.0,Fase 8 (Universitários),0,2023,8,2,Em fase / adiantado,0,10.0,True,2024.0,0.0,,0.0,,,,10.0,,,0,,,
RA-1270,8E,20.0,Feminino,2021,Privada - Pagamento por *Empresa Parceira,,,,0.0,,,,,,,,10.0,Fase 8 (Universitários),0,2024,8,3,Em fase / adiantado,0,10.0,True,,,,,,,,,,,,,,
RA-1271,FASE 8,18.0,Feminino,2021,Privada *Parcerias com Bolsa 100%,,,,,,,,,,,,10.0,Fase 8 (Universitários),0,2023,8,2,Em fase / adiantado,0,10.0,True,2024.0,0.0,,0.0,,,,10.0,,,0,,,
RA-1271,8E,19.0,Feminino,2021,Privada *Parcerias com Bolsa 100%,,,,0.0,,,,,,,,10.0,Fase 8 (Universitários),0,2024,8,3,Em fase / adiantado,0,10.0,True,,,,,,,,,,,,,,
RA-1272,FASE 8,,Feminino,2021,Privada *Parcerias com Bolsa 100%,,,,,,,,,,,,10.0,Fase 8 (Universitários),0,2023,8,2,Em fase / adiantado,0,10.0,True,2024.0,0.0,,0.0,,,,10.0,,,0,,,
RA-1272,8E,20.0,Feminino,2021,Privada *Parcerias com Bolsa 100%,,,,0.0,,,,,,,,10.0,Fase 8 (Universitários),0,2024,8,3,Em fase / adiantado,0,10.0,True,,,,,,,,,,,,,,
RA-1273,FASE 8,17.0,Feminino,2023,Privada - Pagamento por *Empresa Parceira,,,,,,,,,,,,10.0,Fase 7 (3° EM),1,2023,8,0,Em fase / adiantado,0,10.0,True,2024.0,0.0,,0.0,,,,10.0,,,0,,,
RA-1273,8E,18.0,Feminino,2023,Privada *Parcerias com Bolsa 100%,,,,0.0,,,,,,,,10.0,Fase 8 (Universitários),0,2024,8,1,Em fase / adiantado,0,10.0,True,,,,,,,,,,,,,,
RA-1274,FASE 8,,Feminino,2021,Privada - Pagamento por *Empresa Parceira,,,,,,,,,,,,10.0,Fase 8 (Universitários),0,2023,8,2,Em fase / adiantado,0,10.0,True,2024.0,0.0,,0.0,,,,10.0,,,0,,,
RA-1274,8E,19.0,Feminino,2021,Privada - Pagamento por *Empresa Parceira,,,,0.0,,,,,,,,10.0,Fase 8 (Universitários),0,2024,8,3,Em fase / adiantado,0,10.0,True,,,,,,,,,,,,,,
RA-1275,ALFA,8.0,Masculino,2024,Pública,Ametista,7.611366666700001,10.002,8.6666666665,6.26,5.625,8.0,10.0,6.0,,5.446666667,10.0,ALFA (1° e 2° ano),0,2024,0,0,Em fase / adiantado,0,10.0,True,,,,,,,,,,,,,,
RA-1276,ALFA,8.0,Feminino,2024,Pública,Topázio,8.002866666700001,10.002,9.3333333335,3.76,7.5,8.0,10.0,6.0,,7.05,10.0,ALFA (1° e 2° ano),0,2024,0,0,Em fase / adiantado,0,10.0,True,,,,,,,,,,,,,,
RA-1277,ALFA,8.0,Masculino,2024,Pública,Ametista,7.952200000100001,10.002,9.0833333335,3.76,7.5,8.0,10.0,6.0,,7.046666667,10.0,ALFA (1° e 2° ano),0,2024,0,0,Em fase / adiantado,0,10.0,True,,,,,,,,,,,,,,
RA-1278,ALFA,9.0,Masculino,2024,Pública,Quartzo,5.444199999900001,9.002,4.1666666665,3.76,5.0,7.5,8.0,7.0,,4.173333333,5.0,Fase 1 (3° e 4° ano),-1,2024,0,0,Defasagem moderada,1,5.0,True,,,,,,,,,,,,,,
RA-1279,ALFA,9.0,Feminino,2024,Pública,Topázio,8.0822,10.002,10.0,6.26,7.5,8.25,9.0,7.5,,7.78,5.0,Fase 1 (3° e 4° ano),-1,2024,0,0,Defasagem moderada,1,5.0,True,,,,,,,,,,,,,,
RA-128,4,15.0,Menino,2019,Escola Pública,Quartzo,5.563,0.0,6.2,7.5,,5.6,6.7,6.8,3.2,6.167,5.0,Fase 5 (1º EM),-1,2022,4,3,Defasagem moderada,1,5.0,True,2023.0,-1.0,5.7,7.3,5.0,7.34375,7.5475,5.0,6.503908333,Ágata,1,0.10000000000000053,1.0999999999999996,0.9409083330000003
RA-128,FASE 5,16.0,Masculino,2019,Privada,Ágata,6.503908333,6.7,7.3,5.0,7.34375,5.7,6.3,4.0,6.7,7.5475,5.0,Fase 6 (2° EM),-1,2023,5,4,Defasagem moderada,1,5.0,True,,,,,,,,,,,,,,
RA-1280,ALFA,9.0,Masculino,2024,Pública,Topázio,8.152624242500002,10.002,9.5454545455,6.26,7.5,8.5,10.0,7.0,,8.336666667,5.0,Fase 1 (3° e 4° ano),-1,2024,0,0,Defasagem moderada,1,5.0,True,,,,,,,,,,,,,,
RA-1281,ALFA,9.0,Feminino,2024,Pública,Ametista,7.982890909100001,7.918,9.5454545455,6.26,7.5,9.25,10.0,8.5,,7.78,5.0,Fase 1 (3° e 4° ano),-1,2024,0,0,Defasagem moderada,1,5.0,True,,,,,,,,,,,,,,
RA-1282,ALFA,9.0,Feminino,2024,Pública,Ametista,7.8769272727000015,9.502,8.1136363635,6.26,7.5,9.25,10.0,8.5,,7.89,5.0,Fase 1 (3° e 4° ano),-1,2024,0,0,Defasagem moderada,1,5.0,True,,,,,,,,,,,,,,
RA-1283,ALFA,10.0,Masculino,2024,Pública,Topázio,8.3033538462,10.002,9.230769231,7.51,7.5,9.0,10.0,8.0,,8.28,5.0,Fase 2 (5° e 6° ano),-2,2024,0,0,Defasagem moderada,1,5.0,True,,,,,,,,,,,,,,
RA-1284,ALFA,8.0,Feminino,2024,Pública,Topázio,8.3800152174,9.002,9.347826087,2.51,7.8125,10.0,10.0,10.0,,7.89,10.0,ALFA (1° e 2° ano),0,2024,0,0,Em fase / adiantado,0,10.0,True,,,,,,,,,,,,,,
RA-1285,ALFA,7.0,Feminino,2024,Pública,Topázio,8.156578882000002,10.002,8.830227742999998,2.51,7.5,8.0,8.0,8.0,,8.946666667,10.0,ALFA (1° e 2° ano),0,2024,0,0,Em fase / adiantado,0,10.0,True,,,,,,,,,,,,,,
RA-1286,ALFA,7.0,Masculino,2024,Pública,Quartzo,5.914801966800001,8.002,5.051759834,2.51,5.3125,7.0,8.0,6.0,,4.61,10.0,ALFA (1° e 2° ano),0,2024,0,0,Em fase / adiantado,0,10.0,True,,,,,,,,,,,,,,
RA-1287,ALFA,8.0,Feminino,2024,Pública,Ametista,7.619650310500001,10.002,9.3064182195,2.51,8.125,7.75,8.0,7.5,,8.223333333,5.0,Fase 1 (3° e 4° ano),-1,2024,0,0,Defasagem moderada,1,5.0,True,,,,,,,,,,,,,,
RA-1288,ALFA,7.0,Feminino,2024,Pública,Ametista,7.9208899585,9.002,7.9813664595,2.51,7.1875,10.0,10.0,10.0,,7.273333333,10.0,ALFA (1° e 2° ano),0,2024,0,0,Em fase / adiantado,0,10.0,True,,,,,,,,,,,,,,
RA-1289,ALFA,10.0,Feminino,2024,Pública,Ametista,7.2171722223,7.002,9.4444444445,7.51,5.9375,7.75,9.0,6.5,,6.166666667,5.0,Fase 1 (3° e 4° ano),-1,2024,0,0,Defasagem moderada,1,5.0,True,,,,,,,,,,,,,,
RA-129,4,15.0,Menino,2019,Escola Pública,Ágata,6.926,6.7,6.4,7.5,,6.7,6.0,5.3,8.7,7.792,5.0,Fase 5 (1º EM),-1,2022,4,3,Defasagem moderada,1,5.0,True,,,,,,,,,,,,,,
RA-1290,ALFA,9.0,Masculino,2024,Pública,Topázio,8.407200000000001,10.002,10.0,7.51,7.5,8.75,10.0,7.5,,8.28,5.0,Fase 1 (3° e 4° ano),-1,2024,0,0,Defasagem moderada,1,5.0,True,,,,,,,,,,,,,,
RA-1291,ALFA,9.0,Masculino,2024,Pública,Topázio,8.079200000000002,9.502,9.5,7.51,7.5,8.25,10.0,6.5,,7.89,5.0,Fase 1 (3° e 4° ano),-1,2024,0,0,Defasagem moderada,1,5.0,True,,,,,,,,,,,,,,
RA-1292,ALFA,9.0,Feminino,2024,Pública,Ágata,6.9031621211,7.502,4.7727272725,7.51,7.1875,8.25,10.0,6.5,,7.893333333,5.0,Fase 1 (3° e 4° ano),-1,2024,0,0,Defasagem moderada,1,5.0,True,,,,,,,,,,,,,,
RA-1293,ALFA,9.0,Feminino,2024,Pública,Topázio,8.005023232300001,8.002,9.4949494945,7.51,6.875,8.5,8.5,8.5,,8.336666667,5.0,Fase 1 (3° e 4° ano),-1,2024,0,0,Defasagem moderada,1,5.0,True,,,,,,,,,,,,,,
RA-1294,ALFA,10.0,Masculino,2024,Pública,Ametista,7.9493666666,9.502,10.0,7.51,6.875,7.75,9.0,6.5,,7.553333333,5.0,Fase 2 (5° e 6° ano),-2,2024,0,0,Defasagem moderada,1,5.0,True,,,,,,,,,,,,,,
RA-1295,ALFA,8.0,Feminino,2024,Pública,Topázio,8.0617454545,10.002,9.5227272725,2.51,7.5,7.5,7.0,8.0,,8.28,10.0,ALFA (1° e 2° ano),0,2024,0,0,Em fase / adiantado,0,10.0,True,,,,,,,,,,,,,,
RA-1296,ALFA,9.0,Feminino,2024,Pública,Ametista,7.0574222223000005,9.002,8.4444444445,2.51,7.5,6.5,7.5,5.5,,8.336666667,5.0,Fase 1 (3° e 4° ano),-1,2024,0,0,Defasagem moderada,1,5.0,True,,,,,,,,,,,,,,
RA-1297,ALFA,8.0,Masculino,2024,Pública,Ametista,7.620247619000001,9.502,9.761904762,2.51,7.5,9.25,10.0,8.5,,6.833333333,5.0,Fase 1 (3° e 4° ano),-1,2024,0,0,Defasagem moderada,1,5.0,True,,,,,,,,,,,,,,
RA-1298,ALFA,8.0,Masculino,2024,Pública,Ametista,7.577287995300001,9.502,6.643356643500001,7.51,7.1875,6.75,7.0,6.5,,7.393333333,10.0,ALFA (1° e 2° ano),0,2024,0,0,Em fase / adiantado,0,10.0,True,,,,,,,,,,,,,,
RA-1299,ALFA,10.0,Masculino,2024,Pública,Ametista,7.069727777800001,8.502,7.638888889,7.51,7.1875,6.5,7.0,6.0,,7.11,5.0,Fase 2 (5° e 6° ano),-2,2024,0,0,Defasagem moderada,1,5.0,True,,,,,,,,,,,,,,
RA-13,7,18.0,Menino,2016,Escola Pública,Ágata,6.902,7.9,7.4,7.5,,4.7,3.5,5.5,5.2,8.056,5.0,Fase 8 (Universitários),-1,2022,7,6,Defasagem moderada,1,5.0,True,2023.0,0.0,,,,,,10.0,,,0,,,
RA-13,FASE 8,18.0,Masculino,2016,Privada *Parcerias com Bolsa 100%,,,,,,,,,,,,10.0,Fase 8 (Universitários),0,2023,8,7,Em fase / adiantado,0,10.0,True,2024.0,0.0,,0.0,,,,10.0,,,0,,,
RA-13,8D,19.0,Masculino,2021,Privada *Parcerias com Bolsa 100%,,,,0.0,,,,,,,,10.0,Fase 8 (Universitários),0,2024,8,3,Em fase / adiantado,0,10.0,True,,,,,,,,,,,,,,
RA-130,4,16.0,Menina,2018,Escola Pública,Quartzo,5.624,8.3,4.7,5.0,,4.1,3.7,5.2,3.5,6.5,5.0,Fase 6 (2º EM),-2,2022,4,4,Defasagem moderada,1,5.0,True,,,,,,,,,,,,,,
RA-1300,ALFA,8.0,Feminino,2024,Pública,Ametista,7.623866666600001,8.502,8.75,2.51,7.5,9.0,10.0,8.0,,8.613333333,5.0,Fase 1 (3° e 4° ano),-1,2024,0,0,Defasagem moderada,1,5.0,True,,,,,,,,,,,,,,
RA-1301,ALFA,8.0,Masculino,2024,Pública,Quartzo,5.6345333333,9.502,2.9166666665000003,2.51,7.5,7.0,10.0,4.0,,6.0,5.0,Fase 1 (3° e 4° ano),-1,2024,0,0,Defasagem moderada,1,5.0,True,,,,,,,,,,,,,,
RA-1302,ALFA,8.0,Masculino,2024,Pública,Quartzo,5.758866666800001,10.002,5.416666667,2.51,6.25,4.0,4.0,4.0,,4.996666667,10.0,ALFA (1° e 2° ano),0,2024,0,0,Em fase / adiantado,0,10.0,True,,,,,,,,,,,,,,
RA-1303,ALFA,8.0,Feminino,2024,Pública,Topázio,8.8352,10.002,10.0,2.51,7.5,10.0,10.0,10.0,,9.17,10.0,ALFA (1° e 2° ano),0,2024,0,0,Em fase / adiantado,0,10.0,True,,,,,,,,,,,,,,
RA-1304,ALFA,10.0,Feminino,2024,Pública,Ametista,7.085119934500001,9.002,7.9575163395,8.135,7.8125,6.0,6.0,6.0,,6.493333333,5.0,Fase 2 (5° e 6° ano),-2,2024,0,0,Defasagem moderada,1,5.0,True,,,,,,,,,,,,,,
RA-1305,ALFA,10.0,Feminino,2024,Pública,Ágata,6.685221929800001,8.502,8.710526316,2.51,7.8125,4.75,2.0,7.5,,8.053333333,5.0,Fase 1 (3° e 4° ano),-1,2024,0,0,Defasagem moderada,1,5.0,True,,,,,,,,,,,,,,
RA-1306,ALFA,8.0,Feminino,2024,Pública,Topázio,8.503033333400001,9.002,10.0,8.135,7.5,9.75,10.0,9.5,,7.946666667,5.0,Fase 1 (3° e 4° ano),-1,2024,0,0,Defasagem moderada,1,5.0,True,,,,,,,,,,,,,,
RA-1307,ALFA,8.0,Masculino,2024,Pública,Ágata,6.5940333333000005,10.002,5.833333333500001,6.255,6.25,5.5,7.0,4.0,,5.383333333,10.0,ALFA (1° e 2° ano),0,2024,0,0,Em fase / adiantado,0,10.0,True,,,,,,,,,,,,,,
RA-1308,ALFA,9.0,Feminino,2024,Pública,Ágata,6.876997101400001,10.002,7.445652174,7.51,7.5,6.0,8.0,4.0,,5.933333333,5.0,Fase 1 (3° e 4° ano),-1,2024,0,0,Defasagem moderada,1,5.0,True,,,,,,,,,,,,,,
RA-1309,ALFA,7.0,Feminino,2024,Pública,Topázio,8.379199999899999,9.002,9.1666666665,7.51,7.5,7.5,8.0,7.0,,8.223333333,10.0,ALFA (1° e 2° ano),0,2024,0,0,Em fase / adiantado,0,10.0,True,,,,,,,,,,,,,,
RA-131,4,15.0,Menina,2016,Escola Pública,Ametista,7.174,8.8,9.0,5.6,,5.6,6.0,6.5,4.2,7.75,5.0,Fase 5 (1º EM),-1,2022,4,6,Defasagem moderada,1,5.0,True,2023.0,-1.0,2.2,7.8,5.0,7.65625,6.8,5.0,5.952358333,Quartzo,1,-3.3999999999999995,-1.2000000000000002,-1.221641667
RA-131,FASE 5,16.0,Feminino,2016,Pública,Quartzo,5.952358333,8.3,7.8,5.0,7.65625,2.2,0.0,3.0,3.5,6.8,5.0,Fase 6 (2° EM),-1,2023,5,7,Defasagem moderada,1,5.0,True,2024.0,-2.0,5.0,9.444444444666667,7.51,7.708333333,7.386666667,5.0,7.263155555633333,Ametista,1,2.8,1.644444444666667,1.310797222633333
RA-131,5F,17.0,Feminino,2021,Pública,Ametista,7.263155555633333,8.751,9.444444444666667,7.51,7.708333333,5.0,4.0,5.0,6.0,7.386666667,5.0,Fase 7 (3° EM),-2,2024,5,3,Defasagem moderada,1,5.0,True,,,,,,,,,,,,,,
RA-1310,ALFA,7.0,Feminino,2024,Pública,Topázio,8.3907833334,8.502,9.375,2.51,7.8125,10.0,10.0,10.0,,8.166666667,10.0,ALFA (1° e 2° ano),0,2024,0,0,Em fase / adiantado,0,10.0,True,,,,,,,,,,,,,,
RA-1311,ALFA,8.0,Masculino,2024,Pública,Ágata,6.4118666668,9.002,9.166666667,2.51,7.5,0.0,0.0,0.0,,8.386666667,10.0,ALFA (1° e 2° ano),0,2024,0,0,Em fase / adiantado,0,10.0,True,,,,,,,,,,,,,,
RA-1312,ALFA,9.0,Masculino,2024,Pública,Ametista,7.510200000000001,10.002,8.333333333,7.51,6.25,6.5,8.0,5.0,,8.336666667,5.0,Fase 1 (3° e 4° ano),-1,2024,0,0,Defasagem moderada,1,5.0,True,,,,,,,,,,,,,,
RA-1313,ALFA,8.0,Masculino,2024,Pública,Topázio,8.0155333334,9.502,8.125,7.51,7.5,6.25,4.0,8.5,,8.446666667,10.0,ALFA (1° e 2° ano),0,2024,0,0,Em fase / adiantado,0,10.0,True,,,,,,,,,,,,,,
RA-1314,ALFA,7.0,Feminino,2024,Pública,Topázio,8.239799999999999,7.418,8.541666667,7.51,7.5,9.0,8.0,10.0,,7.443333333,10.0,ALFA (1° e 2° ano),0,2024,0,0,Em fase / adiantado,0,10.0,True,,,,,,,,,,,,,,
RA-1315,ALFA,7.0,Masculino,2024,Pública,Topázio,8.3510666667,6.834,8.3333333335,7.51,7.5,9.0,10.0,8.0,,8.5,10.0,ALFA (1° e 2° ano),0,2024,0,0,Em fase / adiantado,0,10.0,True,,,,,,,,,,,,,,
RA-1316,ALFA,9.0,Feminino,2024,Pública,Ametista,7.59291123,9.002,8.20855615,7.51,7.5,7.75,9.0,6.5,,7.5,5.0,Fase 1 (3° e 4° ano),-1,2024,0,0,Defasagem moderada,1,5.0,True,,,,,,,,,,,,,,
RA-1317,ALFA,9.0,Feminino,2024,Pública,Ametista,7.665638502700001,7.502,7.0721925135,7.51,7.5,10.0,10.0,10.0,,7.5,5.0,Fase 1 (3° e 4° ano),-1,2024,0,0,Defasagem moderada,1,5.0,True,,,,,,,,,,,,,,
RA-1318,ALFA,8.0,Feminino,2024,Pública,Ágata,6.823383155100001,8.502,7.6871657755000005,7.51,7.1875,5.0,4.0,6.0,,7.33,5.0,Fase 1 (3° e 4° ano),-1,2024,0,0,Defasagem moderada,1,5.0,True,,,,,,,,,,,,,,
RA-1319,ALFA,9.0,Masculino,2024,Pública,Ametista,7.201526797300001,8.502,5.7516339865,7.51,7.5,8.5,10.0,7.0,,7.5,5.0,Fase 1 (3° e 4° ano),-1,2024,0,0,Defasagem moderada,1,5.0,True,,,,,,,,,,,,,,
RA-132,4,14.0,Menina,2019,Rede Decisão,Topázio,8.355,10.0,8.8,5.6,,7.7,6.5,7.5,9.1,8.458,10.0,Fase 4 (9º ano),0,2022,4,3,Em fase / adiantado,0,10.0,True,2023.0,0.0,6.5,8.7,2.52,7.65625,7.715,10.0,7.350625,Ametista,0,-1.2000000000000002,-0.10000000000000142,-1.0043750000000005
RA-132,FASE 5,15.0,Feminino,2019,Privada - Programa de Apadrinhamento,Ametista,7.350625,7.5,8.7,2.52,7.65625,6.5,6.3,6.5,6.7,7.715,10.0,Fase 5 (1° EM),0,2023,5,4,Em fase / adiantado,0,10.0,True,2024.0,0.0,8.333333333333334,8.380952380666665,7.51,8.59375,8.44,10.0,8.4746321428,Topázio,0,1.833333333333334,-0.31904761933333425,1.124007142800001
RA-132,6A,16.0,Feminino,2021,Privada - Programa de Apadrinhamento,Topázio,8.4746321428,8.334,8.380952380666665,7.51,8.59375,8.333333333333334,7.0,8.0,10.0,8.44,10.0,Fase 6 (2° EM),0,2024,6,3,Em fase / adiantado,0,10.0,True,,,,,,,,,,,,,,
RA-1320,ALFA,10.0,Masculino,2024,Pública,Ametista,7.8845333333,9.002,9.1666666665,7.51,7.5,8.25,9.0,7.5,,7.5,5.0,Fase 1 (3° e 4° ano),-1,2024,0,0,Defasagem moderada,1,5.0,True,,,,,,,,,,,,,,
RA-1321,ALFA,7.0,Masculino,2024,Pública,Ametista,7.95295,9.002,8.875,6.885,6.5625,8.75,10.0,7.5,,5.915,10.0,ALFA (1° e 2° ano),0,2024,0,0,Em fase / adiantado,0,10.0,True,,,,,,,,,,,,,,
RA-1322,ALFA,8.0,Feminino,2024,Pública,Topázio,8.47795,9.502,9.0,7.51,8.4375,7.5,8.5,6.5,,8.165,10.0,ALFA (1° e 2° ano),0,2024,0,0,Em fase / adiantado,0,10.0,True,,,,,,,,,,,,,,
RA-1323,ALFA,9.0,Masculino,2024,Pública,Ametista,7.487366666700001,10.002,9.0833333335,7.51,6.875,7.0,10.0,4.0,,6.66,5.0,Fase 1 (3° e 4° ano),-1,2024,0,0,Defasagem moderada,1,5.0,True,,,,,,,,,,,,,,
RA-1324,ALFA,9.0,Masculino,2024,Pública,Topázio,8.332450000000001,10.002,10.0,7.51,7.8125,8.5,10.0,7.0,,8.0,5.0,Fase 1 (3° e 4° ano),-1,2024,0,0,Defasagem moderada,1,5.0,True,,,,,,,,,,,,,,
RA-1325,ALFA,8.0,Masculino,2024,Pública,Topázio,8.9824954545,9.002,9.5227272725,7.51,8.4375,10.0,10.0,10.0,,7.915,10.0,ALFA (1° e 2° ano),0,2024,0,0,Em fase / adiantado,0,10.0,True,,,,,,,,,,,,,,
RA-1326,ALFA,8.0,Feminino,2024,Pública,Ametista,7.6397833333000005,9.002,9.2916666665,7.51,7.8125,4.5,0.0,9.0,,7.245,10.0,ALFA (1° e 2° ano),0,2024,0,0,Em fase / adiantado,0,10.0,True,,,,,,,,,,,,,,
RA-1327,ALFA,7.0,Feminino,2024,Pública,Topázio,8.264116666700001,9.002,9.3333333335,7.51,7.8125,7.5,10.0,5.0,,7.325,10.0,ALFA (1° e 2° ano),0,2024,0,0,Em fase / adiantado,0,10.0,True,,,,,,,,,,,,,,
RA-1328,ALFA,8.0,Feminino,2024,Pública,Topázio,8.0588666667,8.502,8.2083333335,7.51,7.5,10.0,10.0,10.0,,7.83,5.0,Fase 1 (3° e 4° ano),-1,2024,0,0,Defasagem moderada,1,5.0,True,,,,,,,,,,,,,,
RA-1329,ALFA,8.0,Masculino,2024,Pública,Ametista,7.98945,9.502,10.0,7.51,6.5625,6.5,10.0,3.0,,6.66,10.0,ALFA (1° e 2° ano),0,2024,0,0,Em fase / adiantado,0,10.0,True,,,,,,,,,,,,,,
RA-133,4,15.0,Menina,2016,Escola Pública,Ágata,6.875,7.9,7.1,7.5,,5.6,4.7,7.2,5.0,7.625,5.0,Fase 5 (1º EM),-1,2022,4,6,Defasagem moderada,1,5.0,True,2023.0,-1.0,5.3,7.9,2.52,7.1875,6.505,5.0,6.168416667,Ágata,1,-0.2999999999999998,0.8000000000000007,-0.7065833330000002
RA-133,FASE 5,16.0,Feminino,2016,Pública,Ágata,6.168416667,7.5,7.9,2.52,7.1875,5.3,5.0,4.3,6.7,6.505,5.0,Fase 6 (2° EM),-1,2023,5,7,Defasagem moderada,1,5.0,True,,,,,,,,,,,,,,
RA-1330,ALFA,8.0,Feminino,2024,Pública,Topázio,8.944616666700002,10.002,9.3333333335,7.51,8.4375,9.5,10.0,9.0,,7.915,10.0,ALFA (1° e 2° ano),0,2024,0,0,Em fase / adiantado,0,10.0,True,,,,,,,,,,,,,,
RA-1331,ALFA,7.0,Feminino,2024,Pública,Ametista,7.8522833333,9.002,7.291666666499999,7.51,8.4375,7.25,8.0,6.5,,7.245,10.0,ALFA (1° e 2° ano),0,2024,0,0,Em fase / adiantado,0,10.0,True,,,,,,,,,,,,,,
RA-1332,ALFA,10.0,Masculino,2024,Pública,Topázio,8.1040529412,8.502,9.411764706,7.51,9.375,8.25,10.0,6.5,,7.665,5.0,Fase 2 (5° e 6° ano),-2,2024,0,0,Defasagem moderada,1,5.0,True,,,,,,,,,,,,,,
RA-1333,ALFA,9.0,Masculino,2024,Pública,Topázio,8.213199999999999,7.502,10.0,6.255,9.375,9.25,10.0,8.5,,7.75,5.0,Fase 1 (3° e 4° ano),-1,2024,0,0,Defasagem moderada,1,5.0,True,,,,,,,,,,,,,,
RA-1334,ALFA,9.0,Masculino,2024,Pública,Topázio,8.350200000000001,10.002,10.0,5.625,9.375,9.0,10.0,8.0,,7.75,5.0,Fase 1 (3° e 4° ano),-1,2024,0,0,Defasagem moderada,1,5.0,True,,,,,,,,,,,,,,
RA-1335,ALFA,10.0,Masculino,2024,Pública,Topázio,8.3217,9.002,9.75,7.51,9.375,8.75,10.0,7.5,,7.665,5.0,Fase 2 (5° e 6° ano),-2,2024,0,0,Defasagem moderada,1,5.0,True,,,,,,,,,,,,,,
RA-1336,ALFA,8.0,Feminino,2024,Pública,Ametista,7.141365631500001,9.502,6.2008281575,2.51,7.5,9.5,10.0,9.0,,7.75,5.0,Fase 1 (3° e 4° ano),-1,2024,0,0,Defasagem moderada,1,5.0,True,,,,,,,,,,,,,,
RA-1337,ALFA,10.0,Masculino,2024,Pública,Ágata,6.015144444400001,8.002,4.722222222,7.51,6.875,6.0,6.0,6.0,,5.66,5.0,Fase 2 (5° e 6° ano),-2,2024,0,0,Defasagem moderada,1,5.0,True,,,,,,,,,,,,,,
RA-1338,ALFA,8.0,Masculino,2024,Pública,Ágata,6.1368428571,8.002,8.6607142855,7.51,6.875,3.0,2.0,4.0,,5.33,5.0,Fase 1 (3° e 4° ano),-1,2024,0,0,Defasagem moderada,1,5.0,True,,,,,,,,,,,,,,
RA-1339,ALFA,8.0,Feminino,2024,Pública,Ametista,7.3547,8.502,10.0,6.885,5.0,8.75,10.0,7.5,,5.33,5.0,Fase 1 (3° e 4° ano),-1,2024,0,0,Defasagem moderada,1,5.0,True,,,,,,,,,,,,,,
RA-134,4,15.0,Menina,2021,Escola Pública,Ágata,6.607,8.8,6.8,7.5,,4.7,4.7,6.8,2.5,7.375,5.0,Fase 5 (1º EM),-1,2022,4,1,Defasagem moderada,1,5.0,True,,,,,,,,,,,,,,
RA-1340,ALFA,8.0,Feminino,2024,Pública,Topázio,8.3422714286,9.502,8.392857143,7.51,5.625,10.0,10.0,10.0,,7.0,10.0,ALFA (1° e 2° ano),0,2024,0,0,Em fase / adiantado,0,10.0,True,,,,,,,,,,,,,,
RA-1341,ALFA,9.0,Masculino,2024,Pública,Ametista,7.862906349200001,10.002,9.246031746,7.51,5.625,10.0,10.0,10.0,,6.0,5.0,Fase 1 (3° e 4° ano),-1,2024,0,0,Defasagem moderada,1,5.0,True,,,,,,,,,,,,,,
RA-1342,ALFA,8.0,Masculino,2024,Pública,Ametista,7.8185809524000005,9.502,9.761904762,7.51,7.5,9.0,10.0,8.0,,5.575,5.0,Fase 1 (3° e 4° ano),-1,2024,0,0,Defasagem moderada,1,5.0,True,,,,,,,,,,,,,,
RA-1343,ALFA,7.0,Feminino,2024,Pública,Topázio,8.8262,8.002,10.0,7.51,6.25,9.75,10.0,9.5,,8.5,10.0,ALFA (1° e 2° ano),0,2024,0,0,Em fase / adiantado,0,10.0,True,,,,,,,,,,,,,,
RA-1344,ALFA,8.0,Feminino,2024,Pública,Topázio,9.3612,8.502,10.0,7.51,8.75,10.0,10.0,10.0,,9.425,10.0,ALFA (1° e 2° ano),0,2024,0,0,Em fase / adiantado,0,10.0,True,,,,,,,,,,,,,,
RA-1345,ALFA,9.0,Masculino,2023,Pública,Ametista,7.2340128655000004,8.502,9.4590643275,7.51,6.25,6.25,6.0,6.5,,6.83,5.0,Fase 1 (3° e 4° ano),-1,2024,0,1,Defasagem moderada,1,5.0,True,,,,,,,,,,,,,,
RA-1346,ALFA,8.0,Masculino,2024,Pública,Ametista,7.3701047619,9.502,8.0595238095,7.51,6.25,5.5,5.0,6.0,,6.66,10.0,ALFA (1° e 2° ano),0,2024,0,0,Em fase / adiantado,0,10.0,True,,,,,,,,,,,,,,
RA-1347,ALFA,9.0,Masculino,2024,Pública,Ágata,6.153842857100001,8.502,8.7857142855,2.51,5.625,5.0,5.0,5.0,,6.165,5.0,Fase 1 (3° e 4° ano),-1,2024,0,0,Defasagem moderada,1,5.0,True,,,,,,,,,,,,,,
RA-1348,ALFA,8.0,Masculino,2024,Pública,Ametista,7.9604662539,7.502,8.5913312695,7.51,8.75,9.0,10.0,8.0,,7.83,5.0,Fase 1 (3° e 4° ano),-1,2024,0,0,Defasagem moderada,1,5.0,True,,,,,,,,,,,,,,
RA-1349,ALFA,10.0,Masculino,2024,Pública,Ametista,7.855727777800001,8.002,8.388888889,7.51,8.4375,8.5,10.0,7.0,,7.915,5.0,Fase 1 (3° e 4° ano),-1,2024,0,0,Defasagem moderada,1,5.0,True,,,,,,,,,,,,,,
RA-135,4,15.0,Menina,2019,Escola Pública,Ametista,7.692,8.3,7.8,5.6,,8.6,8.0,8.2,9.5,8.583,5.0,Fase 5 (1º EM),-1,2022,4,3,Defasagem moderada,1,5.0,True,,,,,,,,,,,,,,
RA-1350,ALFA,10.0,Feminino,2024,Pública,Topázio,8.335450000000002,8.502,10.0,8.755,8.4375,8.5,10.0,7.0,,7.83,5.0,Fase 2 (5° e 6° ano),-2,2024,0,0,Defasagem moderada,1,5.0,True,,,,,,,,,,,,,,
RA-1351,ALFA,9.0,Masculino,2024,Pública,Topázio,8.1861038462,9.002,9.230769231,8.13,8.4375,8.75,10.0,7.5,,7.665,5.0,Fase 1 (3° e 4° ano),-1,2024,0,0,Defasagem moderada,1,5.0,True,,,,,,,,,,,,,,
RA-1352,ALFA,9.0,Masculino,2024,Pública,Topázio,8.289950000000001,10.002,9.5,8.13,8.4375,8.5,8.0,9.0,,7.665,5.0,Fase 1 (3° e 4° ano),-1,2024,0,0,Defasagem moderada,1,5.0,True,,,,,,,,,,,,,,
RA-1353,ALFA,10.0,Feminino,2024,Pública,Ágata,6.454700000000001,8.002,9.5,7.51,6.875,3.0,3.5,2.5,,6.08,5.0,Fase 1 (3° e 4° ano),-1,2024,0,0,Defasagem moderada,1,5.0,True,,,,,,,,,,,,,,
RA-1354,ALFA,10.0,Feminino,2024,Pública,Ametista,7.353427272700001,9.502,8.3636363635,7.51,8.125,6.0,6.5,5.5,,7.335,5.0,Fase 1 (3° e 4° ano),-1,2024,0,0,Defasagem moderada,1,5.0,True,,,,,,,,,,,,,,
RA-1355,ALFA,10.0,Masculino,2024,Pública,Ametista,7.202245454500001,10.002,6.5227272725,7.51,8.125,7.0,8.0,6.0,,7.17,5.0,Fase 1 (3° e 4° ano),-1,2024,0,0,Defasagem moderada,1,5.0,True,,,,,,,,,,,,,,
RA-1356,ALFA,8.0,Feminino,2024,Pública,Ametista,7.8695888889,9.002,9.4444444445,7.51,8.125,5.5,5.5,5.5,,7.085,10.0,ALFA (1° e 2° ano),0,2024,0,0,Em fase / adiantado,0,10.0,True,,,,,,,,,,,,,,
RA-1357,ALFA,9.0,Masculino,2024,Pública,Ametista,7.1807,8.002,7.5,7.51,8.125,6.75,8.0,5.5,,7.335,5.0,Fase 1 (3° e 4° ano),-1,2024,0,0,Defasagem moderada,1,5.0,True,,,,,,,,,,,,,,
RA-1358,ALFA,7.0,Feminino,2024,Pública,Ágata,6.552990476200001,9.168,7.380952381,5.01,6.25,4.0,4.0,4.0,,6.17,10.0,ALFA (1° e 2° ano),0,2024,0,0,Em fase / adiantado,0,10.0,True,,,,,,,,,,,,,,
RA-1359,ALFA,7.0,Feminino,2024,Pública,Ametista,7.2102,8.502,9.0,5.635,5.625,6.0,4.0,8.0,,6.17,10.0,ALFA (1° e 2° ano),0,2024,0,0,Em fase / adiantado,0,10.0,True,,,,,,,,,,,,,,
RA-136,4,15.0,Menino,2019,Escola Pública,Ágata,6.478,10.0,6.3,7.5,,4.6,5.3,5.7,2.8,6.667,5.0,Fase 5 (1º EM),-1,2022,4,3,Defasagem moderada,1,5.0,True,,,,,,,,,,,,,,
RA-1360,ALFA,8.0,Masculino,2024,Pública,Ágata,6.8480623189,8.502,7.0018115945,7.51,5.625,5.0,0.0,10.0,,6.42,10.0,ALFA (1° e 2° ano),0,2024,0,0,Em fase / adiantado,0,10.0,True,,,,,,,,,,,,,,
RA-1361,ALFA,8.0,Feminino,2024,Pública,Topázio,8.738700000000001,9.502,9.375,5.635,7.5,10.0,10.0,10.0,,8.0,10.0,ALFA (1° e 2° ano),0,2024,0,0,Em fase / adiantado,0,10.0,True,,,,,,,,,,,,,,
RA-1362,ALFA,7.0,Masculino,2024,Pública,Ametista,7.709200000000001,10.002,6.875,5.635,6.875,8.5,8.0,9.0,,6.915,10.0,ALFA (1° e 2° ano),0,2024,0,0,Em fase / adiantado,0,10.0,True,,,,,,,,,,,,,,
RA-1363,ALFA,7.0,Feminino,2024,Pública,Ametista,7.690800000000001,7.418,10.0,5.635,6.875,6.5,6.5,6.5,,6.99,10.0,ALFA (1° e 2° ano),0,2024,0,0,Em fase / adiantado,0,10.0,True,,,,,,,,,,,,,,
RA-1364,ALFA,9.0,Masculino,2024,Pública,Ametista,7.570033333300001,8.002,8.4166666665,7.51,6.875,8.75,9.5,8.0,,6.99,5.0,Fase 1 (3° e 4° ano),-1,2024,0,0,Defasagem moderada,1,5.0,True,,,,,,,,,,,,,,
RA-1365,ALFA,9.0,Masculino,2024,Pública,Ametista,7.3700333333,9.002,9.7916666665,6.26,6.875,6.5,5.5,7.5,,6.99,5.0,Fase 1 (3° e 4° ano),-1,2024,0,0,Defasagem moderada,1,5.0,True,,,,,,,,,,,,,,
RA-1366,ALFA,8.0,Feminino,2024,Pública,Ágata,6.919852173900001,9.002,6.6032608695,7.51,7.5,6.5,6.5,6.5,,6.99,5.0,Fase 1 (3° e 4° ano),-1,2024,0,0,Defasagem moderada,1,5.0,True,,,,,,,,,,,,,,
RA-1367,ALFA,8.0,Feminino,2024,Pública,Topázio,8.427286956500001,10.002,8.3804347825,7.51,7.5,8.75,9.0,8.5,,7.5,10.0,ALFA (1° e 2° ano),0,2024,0,0,Em fase / adiantado,0,10.0,True,,,,,,,,,,,,,,
RA-1368,ALFA,8.0,Masculino,2024,Pública,Topázio,8.6012,7.002,10.0,7.51,7.5,9.5,10.0,9.0,,7.5,10.0,ALFA (1° e 2° ano),0,2024,0,0,Em fase / adiantado,0,10.0,True,,,,,,,,,,,,,,
RA-1369,ALFA,7.0,Feminino,2024,Pública,Topázio,8.052286956500001,8.502,8.6304347825,6.26,7.5,8.0,8.0,8.0,,7.5,10.0,ALFA (1° e 2° ano),0,2024,0,0,Em fase / adiantado,0,10.0,True,,,,,,,,,,,,,,
RA-137,4,17.0,Menina,2016,Rede Decisão,Ametista,7.056,7.5,8.9,5.0,,7.3,6.0,7.3,8.5,7.792,2.5,Fase 7 (3º EM),-3,2022,4,6,Defasagem severa,1,2.5,True,2023.0,-2.0,6.0,6.3,2.52,6.40625,6.88,5.0,5.937025,Quartzo,1,-1.2999999999999998,-2.6000000000000005,-1.1189749999999998
RA-137,FASE 5,17.0,Feminino,2016,Privada - Programa de Apadrinhamento,Quartzo,5.937025,7.1,6.3,2.52,6.40625,6.0,7.3,4.5,6.2,6.88,5.0,Fase 7 (3° EM),-2,2023,5,7,Defasagem moderada,1,5.0,True,2024.0,-2.0,6.833333333333333,7.582972583,5.005,4.791666667,6.276666667,5.0,6.576761183366667,Ágata,1,0.833333333333333,1.2829725830000003,0.6397361833666668
RA-137,5F,18.0,Feminino,2021,Concluiu o 3º EM,Ágata,6.576761183366667,9.585,7.582972583,5.005,4.791666667,6.833333333333333,2.0,8.5,10.0,6.276666667,5.0,Fase 7 (3° EM),-2,2024,5,3,Defasagem moderada,1,5.0,True,,,,,,,,,,,,,,
RA-1370,ALFA,9.0,Masculino,2024,Pública,Topázio,8.0456444444,10.002,8.722222222,7.51,7.5,9.0,10.0,8.0,,7.5,5.0,Fase 1 (3° e 4° ano),-1,2024,0,0,Defasagem moderada,1,5.0,True,,,,,,,,,,,,,,
RA-1371,ALFA,11.0,Feminino,2024,Pública,Ágata,6.4843521739,7.502,6.9782608695,7.51,6.875,4.5,3.0,6.0,,7.5,5.0,Fase 1 (3° e 4° ano),-1,2024,0,0,Defasagem moderada,1,5.0,True,,,,,,,,,,,,,,
RA-1372,ALFA,8.0,Feminino,2024,Pública,Ametista,7.9632000000000005,9.502,10.0,8.13,7.5,4.75,3.0,6.5,,7.5,10.0,ALFA (1° e 2° ano),0,2024,0,0,Em fase / adiantado,0,10.0,True,,,,,,,,,,,,,,
RA-1373,ALFA,9.0,Feminino,2024,Pública,Ametista,7.577286956500001,9.502,8.8804347825,7.51,7.5,6.75,6.0,7.5,,7.5,5.0,Fase 1 (3° e 4° ano),-1,2024,0,0,Defasagem moderada,1,5.0,True,,,,,,,,,,,,,,
RA-1374,ALFA,9.0,Masculino,2024,Pública,Ametista,7.3707652174,9.502,9.347826087,7.51,7.5,5.25,5.0,5.5,,7.5,5.0,Fase 1 (3° e 4° ano),-1,2024,0,0,Defasagem moderada,1,5.0,True,,,,,,,,,,,,,,
RA-1375,ALFA,9.0,Masculino,2024,Pública,Topázio,8.101200000000002,9.502,10.0,7.51,7.5,8.25,10.0,6.5,,7.5,5.0,Fase 1 (3° e 4° ano),-1,2024,0,0,Defasagem moderada,1,5.0,True,,,,,,,,,,,,,,
RA-1376,ALFA,9.0,Masculino,2024,Pública,Topázio,8.2742769231,9.002,9.6153846155,7.51,7.5,9.75,10.0,9.5,,7.5,5.0,Fase 1 (3° e 4° ano),-1,2024,0,0,Defasagem moderada,1,5.0,True,,,,,,,,,,,,,,
RA-1377,ALFA,8.0,Masculino,2024,Pública,Ametista,7.8987,9.002,10.0,8.13,6.875,5.5,5.0,6.0,,6.99,10.0,ALFA (1° e 2° ano),0,2024,0,0,Em fase / adiantado,0,10.0,True,,,,,,,,,,,,,,
RA-1378,ALFA,10.0,Feminino,2024,Pública,Ametista,7.6703428571,9.002,9.2857142855,8.13,7.5,6.75,7.5,6.0,,7.5,5.0,Fase 1 (3° e 4° ano),-1,2024,0,0,Defasagem moderada,1,5.0,True,,,,,,,,,,,,,,
RA-1379,ALFA,8.0,Masculino,2024,Pública,Ágata,6.638292105300001,9.502,8.6842105265,3.755,5.9375,7.25,8.5,6.0,,5.16,5.0,Fase 1 (3° e 4° ano),-1,2024,0,0,Defasagem moderada,1,5.0,True,,,,,,,,,,,,,,
RA-138,4,15.0,Menino,2016,Escola Pública,Ágata,6.738,9.6,8.0,5.6,,5.6,5.0,6.5,5.2,6.375,5.0,Fase 5 (1º EM),-1,2022,4,6,Defasagem moderada,1,5.0,True,2023.0,-2.0,4.3,7.9,6.26,7.34375,7.4175,5.0,6.784075,Ágata,1,-1.2999999999999998,-0.09999999999999964,0.0460749999999992
RA-138,FASE 4,16.0,Masculino,2016,Pública,Ágata,6.784075,10.0,7.9,6.26,7.34375,4.3,4.0,3.7,5.2,7.4175,5.0,Fase 6 (2° EM),-2,2023,4,7,Defasagem moderada,1,5.0,True,2024.0,-2.0,5.833333333333333,8.751803751666666,7.51,7.708333333,7.443333333,5.0,7.3860274169,Ametista,1,1.5333333333333332,0.8518037516666652,0.6019524169000006
RA-138,5F,17.0,Masculino,2021,Pública,Ametista,7.3860274169,9.585,8.751803751666666,7.51,7.708333333,5.833333333333333,7.5,5.0,5.0,7.443333333,5.0,Fase 7 (3° EM),-2,2024,5,3,Defasagem moderada,1,5.0,True,,,,,,,,,,,,,,
RA-1380,ALFA,8.0,Masculino,2024,Pública,Ametista,7.964342230600001,9.502,8.784461152999999,4.385,7.1875,8.0,10.0,6.0,,7.5,10.0,ALFA (1° e 2° ano),0,2024,0,0,Em fase / adiantado,0,10.0,True,,,,,,,,,,,,,,
RA-1381,ALFA,8.0,Feminino,2024,Pública,Topázio,9.038200000000002,9.502,10.0,8.13,8.75,9.5,10.0,9.0,,7.5,10.0,ALFA (1° e 2° ano),0,2024,0,0,Em fase / adiantado,0,10.0,True,,,,,,,,,,,,,,
RA-1382,ALFA,9.0,Feminino,2024,Pública,Ametista,7.834830952400001,8.502,9.761904762,7.51,7.8125,7.5,8.0,7.0,,7.5,5.0,Fase 1 (3° e 4° ano),-1,2024,0,0,Defasagem moderada,1,5.0,True,,,,,,,,,,,,,,
RA-1383,ALFA,8.0,Feminino,2024,Pública,Topázio,8.3720803259,8.502,9.2606516295,7.51,7.1875,8.5,10.0,7.0,,7.5,10.0,ALFA (1° e 2° ano),0,2024,0,0,Em fase / adiantado,0,10.0,True,,,,,,,,,,,,,,
RA-1384,ALFA,10.0,Masculino,2024,Pública,Ágata,6.221984461100001,8.002,7.5689223055,7.51,6.25,5.0,5.0,5.0,,5.16,5.0,Fase 2 (5° e 6° ano),-2,2024,0,0,Defasagem moderada,1,5.0,True,,,,,,,,,,,,,,
RA-1385,ALFA,8.0,Masculino,2024,Pública,Ametista,7.7262,10.002,10.0,4.385,6.875,8.0,9.0,7.0,,7.5,5.0,Fase 1 (3° e 4° ano),-1,2024,0,0,Defasagem moderada,1,5.0,True,,,,,,,,,,,,,,
RA-1386,ALFA,8.0,Feminino,2024,Pública,Ametista,7.803580952400001,9.002,9.761904762,7.51,7.5,7.25,8.5,6.0,,7.5,5.0,Fase 1 (3° e 4° ano),-1,2024,0,0,Defasagem moderada,1,5.0,True,,,,,,,,,,,,,,
RA-1387,ALFA,8.0,Feminino,2024,Pública,Ametista,7.8030796992,9.502,8.759398496,7.51,7.5,8.0,9.0,7.0,,7.5,5.0,Fase 1 (3° e 4° ano),-1,2024,0,0,Defasagem moderada,1,5.0,True,,,,,,,,,,,,,,
RA-1388,ALFA,8.0,Feminino,2024,Pública,Ametista,7.015057142799999,9.002,8.214285713999999,6.88,7.5,5.0,4.0,6.0,,7.67,5.0,Fase 1 (3° e 4° ano),-1,2024,0,0,Defasagem moderada,1,5.0,True,,,,,,,,,,,,,,
RA-1389,ALFA,7.0,Feminino,2024,Pública,Topázio,8.980533333299999,9.002,9.7916666665,6.88,7.5,10.0,10.0,10.0,,8.42,10.0,ALFA (1° e 2° ano),0,2024,0,0,Em fase / adiantado,0,10.0,True,,,,,,,,,,,,,,
RA-139,4,17.0,Menino,2019,Escola Pública,Quartzo,3.738,7.1,3.5,5.0,,1.4,1.7,2.7,0.0,3.917,2.5,Fase 7 (3º EM),-3,2022,4,3,Defasagem severa,1,2.5,True,,,,,,,,,,,,,,
RA-1390,ALFA,7.0,Feminino,2024,Pública,Topázio,8.4930333333,9.502,9.7916666665,5.005,7.5,8.25,8.0,8.5,,8.42,10.0,ALFA (1° e 2° ano),0,2024,0,0,Em fase / adiantado,0,10.0,True,,,,,,,,,,,,,,
RA-1391,ALFA,7.0,Masculino,2024,Pública,Topázio,8.8435333333,8.502,9.2916666665,7.51,7.5,10.0,10.0,10.0,,8.17,10.0,ALFA (1° e 2° ano),0,2024,0,0,Em fase / adiantado,0,10.0,True,,,,,,,,,,,,,,
RA-1392,ALFA,9.0,Masculino,2024,Pública,Quartzo,5.4262,9.002,5.625,7.51,7.5,0.0,0.0,0.0,,7.0,5.0,Fase 1 (3° e 4° ano),-1,2024,0,0,Defasagem moderada,1,5.0,True,,,,,,,,,,,,,,
RA-1393,ALFA,7.0,Feminino,2024,Pública,Ametista,7.2597000000000005,9.502,7.5,3.755,7.5,5.0,10.0,0.0,,8.42,10.0,ALFA (1° e 2° ano),0,2024,0,0,Em fase / adiantado,0,10.0,True,,,,,,,,,,,,,,
RA-1394,1A,10.0,Feminino,2024,Pública,Ametista,7.503255555500002,9.502,8.6944444445,7.51,8.125,5.75,5.5,6.0,,8.003333333,5.0,Fase 2 (5° e 6° ano),-1,2024,1,0,Defasagem moderada,1,5.0,True,,,,,,,,,,,,,,
RA-1395,1A,9.0,Feminino,2024,Pública,Topázio,8.5997833334,9.502,10.0,7.51,7.8125,7.75,7.5,8.0,,7.836666667,10.0,Fase 1 (3° e 4° ano),0,2024,1,0,Em fase / adiantado,0,10.0,True,,,,,,,,,,,,,,
RA-1396,1A,11.0,Feminino,2024,Pública,Ametista,7.8477,9.502,10.0,7.51,8.125,6.5,6.0,7.0,,7.67,5.0,Fase 2 (5° e 6° ano),-1,2024,1,0,Defasagem moderada,1,5.0,True,,,,,,,,,,,,,,
RA-1397,1A,10.0,Feminino,2024,Pública,Ametista,7.8280333334000005,9.002,10.0,6.26,8.125,7.0,7.0,7.0,,7.946666667,5.0,Fase 2 (5° e 6° ano),-1,2024,1,0,Defasagem moderada,1,5.0,True,,,,,,,,,,,,,,
RA-1398,1B,11.0,Feminino,2024,Pública,Ametista,7.989700527000001,6.918,9.555335968,7.51,8.125,8.0,8.0,8.0,,8.616666667,5.0,Fase 2 (5° e 6° ano),-1,2024,1,0,Defasagem moderada,1,5.0,True,,,,,,,,,,,,,,
RA-1399,1B,11.0,Feminino,2024,Pública,Ametista,7.438578787899999,9.002,9.7727272725,5.005,7.5,6.0,6.0,6.0,,8.166666667,5.0,Fase 2 (5° e 6° ano),-1,2024,1,0,Defasagem moderada,1,5.0,True,,,,,,,,,,,,,,
RA-14,7,21.0,Menino,2022,Escola Pública,Ágata,6.793,7.9,8.3,7.5,,4.0,8.0,0.0,,7.75,5.0,Fase 8 (Universitários),-1,2022,7,0,Defasagem moderada,1,5.0,True,2023.0,0.0,,,,,,10.0,,,0,,,
RA-14,FASE 8,21.0,Masculino,2022,Privada *Parcerias com Bolsa 100%,,,,,,,,,,,,10.0,Fase 8 (Universitários),0,2023,8,1,Em fase / adiantado,0,10.0,True,2024.0,0.0,,0.0,,,,10.0,,,0,,,
RA-14,8E,22.0,Masculino,2022,Privada *Parcerias com Bolsa 100%,,,,0.0,,,,,,,,10.0,Fase 8 (Universitários),0,2024,8,2,Em fase / adiantado,0,10.0,True,,,,,,,,,,,,,,
RA-140,4,14.0,Menina,2021,Escola Pública,Ametista,7.407,7.9,7.6,6.9,,5.7,5.0,6.5,5.6,7.667,10.0,Fase 4 (9º ano),0,2022,4,1,Em fase / adiantado,0,10.0,True,,,,,,,,,,,,,,
RA-1400,1B,9.0,Masculino,2024,Pública,Ametista,7.622839525700001,8.418,6.6501976285,7.51,7.5,7.25,6.5,8.0,,7.5,10.0,Fase 1 (3° e 4° ano),0,2024,1,0,Em fase / adiantado,0,10.0,True,,,,,,,,,,,,,,
RA-1401,1C,13.0,Masculino,2024,Pública,Topázio,8.1188277778,6.918,8.888888889,7.51,7.8125,10.0,10.0,10.0,,8.085,5.0,Fase 3 (7° e 8° ano),-2,2024,1,0,Defasagem moderada,1,5.0,True,,,,,,,,,,,,,,
RA-1402,1D,10.0,Feminino,2024,Pública,Topázio,8.588040909100002,10.002,9.5454545455,7.51,8.4375,7.25,7.0,7.5,,8.17,10.0,Fase 1 (3° e 4° ano),0,2024,1,0,Em fase / adiantado,0,10.0,True,,,,,,,,,,,,,,
RA-1403,1D,11.0,Feminino,2024,Pública,Topázio,8.257421861500001,9.002,9.3073593075,7.51,8.4375,8.75,7.5,10.0,,8.255,5.0,Fase 2 (5° e 6° ano),-1,2024,1,0,Defasagem moderada,1,5.0,True,,,,,,,,,,,,,,
RA-1404,1D,9.0,Feminino,2024,Pública,Topázio,8.3971318182,8.502,9.090909091,7.51,8.4375,7.5,6.0,9.0,,8.17,10.0,Fase 1 (3° e 4° ano),0,2024,1,0,Em fase / adiantado,0,10.0,True,,,,,,,,,,,,,,
RA-1405,1D,10.0,Feminino,2024,Pública,Topázio,8.4749727273,8.002,8.6363636365,7.51,8.125,8.75,8.0,9.5,,8.17,10.0,Fase 1 (3° e 4° ano),0,2024,1,0,Em fase / adiantado,0,10.0,True,,,,,,,,,,,,,,
RA-1406,1D,10.0,Feminino,2024,Pública,Ametista,7.8186772727000005,8.002,8.8636363635,7.51,8.4375,7.5,5.5,9.5,,8.255,5.0,Fase 2 (5° e 6° ano),-1,2024,1,0,Defasagem moderada,1,5.0,True,,,,,,,,,,,,,,
RA-1407,1D,10.0,Masculino,2024,Pública,Ametista,7.546086363600001,10.002,9.318181818,7.51,7.8125,5.75,5.5,6.0,,7.5,5.0,Fase 2 (5° e 6° ano),-1,2024,1,0,Defasagem moderada,1,5.0,True,,,,,,,,,,,,,,
RA-1408,1D,11.0,Masculino,2024,Pública,Ametista,7.626768181800001,10.002,8.409090909,7.51,8.4375,6.75,5.5,8.0,,7.5,5.0,Fase 2 (5° e 6° ano),-1,2024,1,0,Defasagem moderada,1,5.0,True,,,,,,,,,,,,,,
RA-1409,1D,10.0,Masculino,2024,Pública,Ametista,7.863131818100001,10.002,9.0909090905,7.51,8.4375,7.25,7.5,7.0,,7.5,5.0,Fase 2 (5° e 6° ano),-1,2024,1,0,Defasagem moderada,1,5.0,True,,,,,,,,,,,,,,
RA-141,4,14.0,Menino,2017,Escola Pública,Ametista,7.118,9.2,8.2,5.6,,5.7,5.8,6.2,5.0,5.917,10.0,Fase 4 (9º ano),0,2022,4,5,Em fase / adiantado,0,10.0,True,2023.0,-1.0,4.5,8.4,5.63,7.03125,7.0425,5.0,6.719791667,Ágata,1,-1.2000000000000002,0.20000000000000107,-0.39820833300000036
RA-141,FASE 4,15.0,Masculino,2017,Pública,Ágata,6.719791667,9.6,8.4,5.63,7.03125,4.5,6.0,5.3,2.3,7.0425,5.0,Fase 5 (1° EM),-1,2023,4,6,Defasagem moderada,1,5.0,True,,,,,,,,,,,,,,
RA-1410,1E,11.0,Masculino,2024,Pública,Ametista,7.5319272727,9.002,8.1136363635,7.51,8.75,6.25,6.5,6.0,,8.165,5.0,Fase 2 (5° e 6° ano),-1,2024,1,0,Defasagem moderada,1,5.0,True,,,,,,,,,,,,,,
RA-1411,1E,11.0,Masculino,2024,Pública,Ágata,6.886950000000001,9.002,9.5,6.26,8.4375,2.75,5.5,0.0,,7.835,5.0,Fase 2 (5° e 6° ano),-1,2024,1,0,Defasagem moderada,1,5.0,True,,,,,,,,,,,,,,
RA-1412,1E,10.0,Masculino,2024,Pública,Topázio,9.204671861500001,10.002,9.3073593075,7.51,8.75,9.75,10.0,9.5,,8.835,10.0,Fase 1 (3° e 4° ano),0,2024,1,0,Em fase / adiantado,0,10.0,True,,,,,,,,,,,,,,
RA-1413,1E,12.0,Masculino,2024,Pública,Ametista,7.747564718600001,9.002,8.593073593,7.51,8.4375,7.25,7.5,7.0,,7.92,5.0,Fase 3 (7° e 8° ano),-2,2024,1,0,Defasagem moderada,1,5.0,True,,,,,,,,,,,,,,
RA-1414,1E,10.0,Feminino,2024,Pública,Topázio,8.840007359300001,9.502,9.2965367965,6.885,8.75,8.5,10.0,7.0,,8.835,10.0,Fase 1 (3° e 4° ano),0,2024,1,0,Em fase / adiantado,0,10.0,True,,,,,,,,,,,,,,
RA-1415,1G,10.0,Feminino,2024,Pública,Ametista,7.3712454546,8.002,9.7727272725,6.26,7.291666667,6.75,6.5,7.0,,7.056666667,5.0,Fase 2 (5° e 6° ano),-1,2024,1,0,Defasagem moderada,1,5.0,True,,,,,,,,,,,,,,
RA-1416,1G,12.0,Feminino,2024,Pública,Ametista,7.375503030400001,8.502,8.2765151515,7.51,7.916666667,7.75,6.5,9.0,,6.386666667,5.0,Fase 2 (5° e 6° ano),-1,2024,1,0,Defasagem moderada,1,5.0,True,,,,,,,,,,,,,,
RA-1417,1G,10.0,Masculino,2024,Pública,Ametista,7.7436242424,9.002,9.337121212,7.51,6.25,9.0,10.0,8.0,,6.5,5.0,Fase 2 (5° e 6° ano),-1,2024,1,0,Defasagem moderada,1,5.0,True,,,,,,,,,,,,,,
RA-1418,1G,11.0,Masculino,2024,Pública,Ametista,7.7352909091000015,8.502,9.128787879,7.51,7.916666667,8.25,8.5,8.0,,6.833333333,5.0,Fase 2 (5° e 6° ano),-1,2024,1,0,Defasagem moderada,1,5.0,True,,,,,,,,,,,,,,
RA-1419,1H,10.0,Feminino,2024,Pública,Topázio,8.7536999999,8.502,10.0,7.51,8.958333333,7.5,6.0,9.0,,8.783333333,10.0,Fase 1 (3° e 4° ano),0,2024,1,0,Em fase / adiantado,0,10.0,True,,,,,,,,,,,,,,
RA-142,4,14.0,Menina,2021,Escola Pública,Ametista,7.457,6.7,8.6,5.6,,6.3,6.0,6.8,6.0,7.583,10.0,Fase 4 (9º ano),0,2022,4,1,Em fase / adiantado,0,10.0,True,,,,,,,,,,,,,,
RA-1420,1H,12.0,Masculino,2024,Pública,Quartzo,5.6558,7.918,5.520833333500001,6.26,6.458333333,4.5,5.0,4.0,,5.44,5.0,Fase 3 (7° e 8° ano),-2,2024,1,0,Defasagem moderada,1,5.0,True,,,,,,,,,,,,,,
RA-1421,1H,11.0,Masculino,2024,Pública,Ametista,7.126922222200001,9.002,6.777777778,7.51,6.875,7.5,8.0,7.0,,7.163333333,5.0,Fase 2 (5° e 6° ano),-1,2024,1,0,Defasagem moderada,1,5.0,True,,,,,,,,,,,,,,
RA-1422,1J,11.0,Feminino,2024,Pública,Ametista,7.0132,9.502,7.5,7.51,8.125,4.75,0.0,9.5,,7.7475,5.0,Fase 2 (5° e 6° ano),-1,2024,1,0,Defasagem moderada,1,5.0,True,,,,,,,,,,,,,,
RA-1423,1J,11.0,Masculino,2024,Pública,Ágata,6.403450000000001,8.502,5.3125,7.51,7.8125,5.75,4.0,7.5,,6.5425,5.0,Fase 2 (5° e 6° ano),-1,2024,1,0,Defasagem moderada,1,5.0,True,,,,,,,,,,,,,,
RA-1424,1J,12.0,Feminino,2024,Pública,Ametista,7.5543388889,9.002,8.9444444445,7.51,7.8125,7.25,7.5,7.0,,6.915,5.0,Fase 2 (5° e 6° ano),-1,2024,1,0,Defasagem moderada,1,5.0,True,,,,,,,,,,,,,,
RA-1425,1J,12.0,Masculino,2024,Pública,Ágata,6.8290988095000005,9.002,6.7976190475,7.51,7.34375,7.0,6.0,8.0,,5.92,5.0,Fase 2 (5° e 6° ano),-1,2024,1,0,Defasagem moderada,1,5.0,True,,,,,,,,,,,,,,
RA-1426,1J,11.0,Feminino,2023,Pública,Quartzo,5.8367476190000005,9.502,5.845238095,7.51,7.5,2.75,5.5,0.0,,5.8325,5.0,Fase 2 (5° e 6° ano),-1,2024,1,1,Defasagem moderada,1,5.0,True,,,,,,,,,,,,,,
RA-1427,1J,11.0,Feminino,2024,Pública,Topázio,8.425325,9.502,10.0,7.51,8.90625,8.0,6.5,9.5,,8.6675,5.0,Fase 2 (5° e 6° ano),-1,2024,1,0,Defasagem moderada,1,5.0,True,,,,,,,,,,,,,,
RA-1428,1L,10.0,Masculino,2024,Pública,Topázio,8.006108496800001,8.502,8.8562091505,7.51,9.166666667,8.0,7.0,9.0,,8.085,5.0,Fase 2 (5° e 6° ano),-1,2024,1,0,Defasagem moderada,1,5.0,True,,,,,,,,,,,,,,
RA-1429,1L,11.0,Masculino,2024,Pública,Topázio,8.041811111100001,9.502,8.888888889,7.51,8.958333333,7.75,8.5,7.0,,8.085,5.0,Fase 2 (5° e 6° ano),-1,2024,1,0,Defasagem moderada,1,5.0,True,,,,,,,,,,,,,,
RA-143,4,13.0,Menino,2019,Rede Decisão,Topázio,8.638,8.3,9.9,5.6,,7.9,9.7,7.7,6.4,9.5,10.0,Fase 3 (7º e 8º ano),1,2022,4,3,Em fase / adiantado,0,10.0,True,2023.0,1.0,6.5,9.6,2.52,8.28125,8.3375,10.0,7.794358333,Ametista,0,-1.4000000000000004,-0.3000000000000007,-0.843641667
RA-143,FASE 5,,Masculino,2019,Privada - Programa de Apadrinhamento,Ametista,7.794358333,8.3,9.6,2.52,8.28125,6.5,9.2,5.0,5.2,8.3375,10.0,Fase 4 (9° ano),1,2023,5,4,Em fase / adiantado,0,10.0,True,2024.0,2.0,2.6333333333333333,9.92,6.885,7.5,7.5,10.0,7.449366666666667,Ametista,0,-3.8666666666666667,0.3200000000000003,-0.3449916663333328
RA-143,7E,15.0,Masculino,2021,Privada - Programa de Apadrinhamento,Ametista,7.449366666666667,10.002,9.92,6.885,7.5,2.6333333333333333,0.0,0.0,7.9,7.5,10.0,Fase 5 (1° EM),2,2024,7,3,Em fase / adiantado,0,10.0,True,,,,,,,,,,,,,,
RA-1430,1L,11.0,Masculino,2024,Pública,Ametista,7.864033333300001,8.502,10.0,7.51,8.958333333,6.25,6.0,6.5,,8.085,5.0,Fase 2 (5° e 6° ano),-1,2024,1,0,Defasagem moderada,1,5.0,True,,,,,,,,,,,,,,
RA-1431,1M,11.0,Feminino,2024,Pública,Ametista,7.9147292443,9.002,7.7432712215,7.51,7.96875,8.0,8.0,8.0,,9.09,5.0,Fase 2 (5° e 6° ano),-1,2024,1,0,Defasagem moderada,1,5.0,True,,,,,,,,,,,,,,
RA-1432,1M,10.0,Feminino,2024,Pública,Topázio,8.774075000000002,10.002,10.0,7.51,9.21875,9.5,10.0,9.0,,8.505,5.0,Fase 2 (5° e 6° ano),-1,2024,1,0,Defasagem moderada,1,5.0,True,,,,,,,,,,,,,,
RA-1433,1M,10.0,Feminino,2024,Pública,Topázio,8.1939895962,8.502,9.068322981,7.51,8.28125,8.75,8.0,9.5,,8.505,5.0,Fase 2 (5° e 6° ano),-1,2024,1,0,Defasagem moderada,1,5.0,True,,,,,,,,,,,,,,
RA-1434,1M,10.0,Masculino,2024,Pública,Topázio,8.2775982919,8.502,7.9813664595,6.26,9.53125,9.0,10.0,8.0,,9.76,5.0,Fase 2 (5° e 6° ano),-1,2024,1,0,Defasagem moderada,1,5.0,True,,,,,,,,,,,,,,
RA-1435,1M,10.0,Masculino,2024,Pública,Ametista,7.7196166667,9.502,7.833333333500001,7.51,7.1875,7.5,7.5,7.5,,6.165,10.0,Fase 1 (3° e 4° ano),0,2024,1,0,Em fase / adiantado,0,10.0,True,,,,,,,,,,,,,,
RA-1436,1M,11.0,Feminino,2024,Pública,Ametista,7.589914648100001,7.418,8.674948240500001,7.51,8.28125,8.0,8.0,8.0,,7.17,5.0,Fase 2 (5° e 6° ano),-1,2024,1,0,Defasagem moderada,1,5.0,True,,,,,,,,,,,,,,
RA-1437,1M,11.0,Feminino,2024,Pública,Ametista,7.982890217400001,8.502,9.347826087,7.51,8.28125,8.0,8.0,8.0,,7.92,5.0,Fase 2 (5° e 6° ano),-1,2024,1,0,Defasagem moderada,1,5.0,True,,,,,,,,,,,,,,
RA-1438,1M,10.0,Feminino,2024,Pública,Topázio,8.176825000000001,10.002,9.0,7.51,8.90625,7.0,6.0,8.0,,9.175,5.0,Fase 2 (5° e 6° ano),-1,2024,1,0,Defasagem moderada,1,5.0,True,,,,,,,,,,,,,,
RA-1439,1M,11.0,Feminino,2024,Pública,Topázio,8.507700000000002,7.502,10.0,7.51,9.375,8.5,9.0,8.0,,9.345,5.0,Fase 2 (5° e 6° ano),-1,2024,1,0,Defasagem moderada,1,5.0,True,,,,,,,,,,,,,,
RA-144,4,14.0,Menina,2017,Rede Decisão,Topázio,8.181,7.5,9.3,5.0,,7.9,7.5,7.2,9.0,8.292,10.0,Fase 4 (9º ano),0,2022,4,5,Em fase / adiantado,0,10.0,True,2023.0,1.0,4.4,5.2,2.52,6.25,6.0,10.0,4.990333333,Quartzo,0,-3.5,-4.1000000000000005,-3.1906666669999995
RA-144,FASE 5,14.0,Feminino,2017,Privada - Programa de Apadrinhamento,Quartzo,4.990333333,0.0,5.2,2.52,6.25,4.4,3.3,2.5,7.3,6.0,10.0,Fase 4 (9° ano),1,2023,5,6,Em fase / adiantado,0,10.0,True,,,,,,,,,,,,,,
RA-1440,1M,10.0,Feminino,2024,Pública,Ametista,7.469102691500001,9.002,9.544513457499999,7.51,8.75,4.5,9.0,0.0,,8.17,5.0,Fase 2 (5° e 6° ano),-1,2024,1,0,Defasagem moderada,1,5.0,True,,,,,,,,,,,,,,
RA-1441,1M,9.0,Masculino,2024,Pública,Topázio,8.961646169800002,9.502,9.109730849,7.51,9.375,8.5,9.0,8.0,,9.005,10.0,Fase 1 (3° e 4° ano),0,2024,1,0,Em fase / adiantado,0,10.0,True,,,,,,,,,,,,,,
RA-1442,1M,13.0,Masculino,2024,Pública,Ametista,7.135189648100001,8.002,8.674948240500001,7.51,7.5,7.25,8.5,6.0,,5.745,5.0,Fase 3 (7° e 8° ano),-2,2024,1,0,Defasagem moderada,1,5.0,True,,,,,,,,,,,,,,
RA-1443,1N,13.0,Feminino,2024,Pública,Ágata,6.921633333300001,6.918,7.5,6.26,7.708333333,6.75,6.5,7.0,,7.415,5.0,Fase 3 (7° e 8° ano),-2,2024,1,0,Defasagem moderada,1,5.0,True,,,,,,,,,,,,,,
RA-1444,1N,11.0,Masculino,2024,Pública,Ágata,6.610588888900001,8.502,5.277777778,7.51,7.708333333,6.0,8.0,4.0,,7.415,5.0,Fase 2 (5° e 6° ano),-1,2024,1,0,Defasagem moderada,1,5.0,True,,,,,,,,,,,,,,
RA-1445,1N,10.0,Feminino,2024,Pública,Ametista,7.842866666700001,9.502,9.5,7.51,7.916666667,7.25,6.5,8.0,,7.5,5.0,Fase 2 (5° e 6° ano),-1,2024,1,0,Defasagem moderada,1,5.0,True,,,,,,,,,,,,,,
RA-1446,1N,9.0,Masculino,2024,Pública,Quartzo,5.9004061924,8.002,6.6501976285,6.26,7.291666667,0.0,0.0,0.0,,7.075,10.0,Fase 1 (3° e 4° ano),0,2024,1,0,Em fase / adiantado,0,10.0,True,,,,,,,,,,,,,,
RA-1447,1N,11.0,Feminino,2024,Pública,Ametista,7.5402350878,9.502,9.7368421055,7.51,7.916666667,5.25,6.5,4.0,,7.75,5.0,Fase 2 (5° e 6° ano),-1,2024,1,0,Defasagem moderada,1,5.0,True,,,,,,,,,,,,,,
RA-1448,1P,13.0,Feminino,2024,Pública,Ametista,7.466126406900001,9.002,9.5346320345,7.51,7.5,6.0,6.0,6.0,,7.29,5.0,Fase 3 (7° e 8° ano),-2,2024,1,0,Defasagem moderada,1,5.0,True,,,,,,,,,,,,,,
RA-1449,1R,10.0,Feminino,2024,Pública,Ametista,7.214341666700001,7.418,8.3333333335,7.51,7.96875,6.75,6.5,7.0,,7.04,5.0,Fase 2 (5° e 6° ano),-1,2024,1,0,Defasagem moderada,1,5.0,True,,,,,,,,,,,,,,
RA-145,4,16.0,Menino,2017,Escola Pública,Quartzo,5.846,0.0,6.3,8.1,,5.2,3.0,4.8,7.8,7.25,5.0,Fase 6 (2º EM),-2,2022,4,5,Defasagem moderada,1,5.0,True,2023.0,-3.0,6.2,9.0,,7.96875,7.4625,2.5,,,1,1.0,2.7,
RA-145,FASE 4,17.0,Masculino,2017,Pública,,,7.9,9.0,,7.96875,6.2,5.3,6.0,7.2,7.4625,2.5,Fase 7 (3° EM),-3,2023,4,6,Defasagem severa,1,2.5,True,,,,,,,,,,,,,,
RA-1450,1R,9.0,Masculino,2024,Pública,Ametista,7.405235714200002,9.502,8.571428571,7.51,7.8125,3.5,0.0,7.0,,7.5425,10.0,Fase 1 (3° e 4° ano),0,2024,1,0,Em fase / adiantado,0,10.0,True,,,,,,,,,,,,,,
RA-1451,1R,11.0,Feminino,2024,Pública,Ametista,7.560479761900002,10.002,8.8095238095,7.51,7.96875,6.0,6.0,6.0,,7.7525,5.0,Fase 2 (5° e 6° ano),-1,2024,1,0,Defasagem moderada,1,5.0,True,,,,,,,,,,,,,,
RA-1452,2A,12.0,Masculino,2024,Pública,Topázio,8.6268666667,9.002,10.0,7.51,7.916666667,7.75,7.0,8.5,,8.17,10.0,Fase 2 (5° e 6° ano),0,2024,2,0,Em fase / adiantado,0,10.0,True,,,,,,,,,,,,,,
RA-1453,2A,12.0,Feminino,2021,Pública,Ametista,7.1234857143,8.502,7.8214285715,6.25,7.5,6.5,4.5,8.5,,7.67,5.0,Fase 3 (7° e 8° ano),-1,2024,2,3,Defasagem moderada,1,5.0,True,,,,,,,,,,,,,,
RA-1454,2A,10.0,Feminino,2023,Pública,Ametista,7.7042238095,8.002,5.880952381,7.51,7.708333333,7.75,7.5,8.0,,8.28,10.0,Fase 2 (5° e 6° ano),0,2024,2,1,Em fase / adiantado,0,10.0,True,,,,,,,,,,,,,,
RA-1455,2A,12.0,Feminino,2024,Pública,Ágata,6.6442555555,8.002,7.777777778,7.51,7.708333333,3.5,,3.5,,7.833333333,5.0,Fase 3 (7° e 8° ano),-1,2024,2,0,Defasagem moderada,1,5.0,True,,,,,,,,,,,,,,
RA-1456,2A,11.0,Masculino,2024,Pública,Topázio,8.492914285800001,9.502,9.511904762,7.51,7.5,7.75,5.5,10.0,,7.946666667,10.0,Fase 2 (5° e 6° ano),0,2024,2,0,Em fase / adiantado,0,10.0,True,,,,,,,,,,,,,,
RA-1457,2B,12.0,Feminino,2024,Pública,Ágata,6.0197761904,3.498,8.0357142855,7.51,7.291666667,2.75,2.5,3.0,,7.663333333,5.0,Fase 3 (7° e 8° ano),-1,2024,2,0,Defasagem moderada,1,5.0,True,,,,,,,,,,,,,,
RA-1458,2B,12.0,Feminino,2024,Pública,Quartzo,5.879073684200001,8.751,7.280701754500001,7.51,6.041666667,3.25,0.5,6.0,,5.213333333,5.0,Fase 3 (7° e 8° ano),-1,2024,2,0,Defasagem moderada,1,5.0,True,,,,,,,,,,,,,,
RA-1459,2C,12.0,Masculino,2024,Pública,Ágata,6.665390476100001,8.002,8.2976190475,7.51,7.5,3.75,2.0,5.5,,7.273333333,5.0,Fase 3 (7° e 8° ano),-1,2024,2,0,Defasagem moderada,1,5.0,True,,,,,,,,,,,,,,
RA-146,4,15.0,Menina,2022,Escola Pública,Ametista,7.947,8.3,9.2,7.5,,7.9,6.3,7.3,10.0,8.208,5.0,Fase 5 (1º EM),-1,2022,4,0,Defasagem moderada,1,5.0,True,2023.0,-1.0,7.9,9.5,5.0,8.4375,8.2125,5.0,7.584483333,Ametista,1,0.0,0.3000000000000007,-0.3625166670000004
RA-146,FASE 5,,Feminino,2022,Pública,Ametista,7.584483333,6.2,9.5,5.0,8.4375,7.9,7.8,5.8,10.0,8.2125,5.0,Fase 6 (2° EM),-1,2023,5,1,Defasagem moderada,1,5.0,True,2024.0,-2.0,9.333333333333334,9.514316093333333,5.635,7.65625,8.304,5.0,8.134554885333333,Topázio,1,1.4333333333333336,0.014316093333333058,0.5500715523333337
RA-146,5D,17.0,Feminino,2022,Pública,Topázio,8.134554885333333,8.751,9.514316093333333,5.635,7.65625,9.333333333333334,9.0,9.0,10.0,8.304,5.0,Fase 7 (3° EM),-2,2024,5,2,Defasagem moderada,1,5.0,True,,,,,,,,,,,,,,
RA-1460,2C,12.0,Masculino,2024,Pública,Ágata,6.784805263200001,9.502,7.460526316,7.51,6.875,3.25,2.5,4.0,,6.27,10.0,Fase 2 (5° e 6° ano),0,2024,2,0,Em fase / adiantado,0,10.0,True,,,,,,,,,,,,,,
RA-1461,2C,12.0,Feminino,2024,Pública,Ágata,6.871961904800001,10.002,9.273809524,7.51,7.5,2.75,0.5,5.0,,7.33,5.0,Fase 3 (7° e 8° ano),-1,2024,2,0,Defasagem moderada,1,5.0,True,,,,,,,,,,,,,,
RA-1462,2D,13.0,Feminino,2024,Pública,Ametista,7.6243666666,8.502,10.0,7.51,8.125,6.5,6.0,7.0,,7.053333333,5.0,Fase 3 (7° e 8° ano),-1,2024,2,0,Defasagem moderada,1,5.0,True,,,,,,,,,,,,,,
RA-1463,2D,12.0,Masculino,2024,Pública,Topázio,9.074561111000001,8.502,9.722222222,7.51,9.0625,10.0,10.0,10.0,,8.113333333,10.0,Fase 2 (5° e 6° ano),0,2024,2,0,Em fase / adiantado,0,10.0,True,,,,,,,,,,,,,,
RA-1464,2D,13.0,Feminino,2024,Pública,Ametista,7.288424359,8.002,7.794871795,7.51,9.0625,6.25,4.0,8.5,,7.61,5.0,Fase 3 (7° e 8° ano),-1,2024,2,0,Defasagem moderada,1,5.0,True,,,,,,,,,,,,,,
RA-1465,2D,12.0,Masculino,2024,Pública,Ametista,7.3344666666,7.418,8.75,7.51,8.75,5.75,5.0,6.5,,7.833333333,5.0,Fase 3 (7° e 8° ano),-1,2024,2,0,Defasagem moderada,1,5.0,True,,,,,,,,,,,,,,
RA-1466,2D,12.0,Masculino,2024,Pública,Topázio,8.213723809600001,10.002,7.380952381,7.51,8.75,7.5,7.0,8.0,,8.056666667,10.0,Fase 2 (5° e 6° ano),0,2024,2,0,Em fase / adiantado,0,10.0,True,,,,,,,,,,,,,,
RA-1467,2D,12.0,Masculino,2024,Pública,Topázio,8.836711278200001,9.002,9.022556391,7.51,8.75,9.25,9.0,9.5,,8.28,10.0,Fase 2 (5° e 6° ano),0,2024,2,0,Em fase / adiantado,0,10.0,True,,,,,,,,,,,,,,
RA-1468,2D,12.0,Feminino,2024,Pública,Topázio,8.1281028822,8.502,8.972431078,7.51,8.4375,7.0,4.5,9.5,,7.443333333,10.0,Fase 2 (5° e 6° ano),0,2024,2,0,Em fase / adiantado,0,10.0,True,,,,,,,,,,,,,,
RA-1469,2D,13.0,Masculino,2024,Pública,Ametista,7.459755555500001,8.502,9.4444444445,7.51,8.75,4.75,6.0,3.5,,8.223333333,5.0,Fase 3 (7° e 8° ano),-1,2024,2,0,Defasagem moderada,1,5.0,True,,,,,,,,,,,,,,
RA-147,4,14.0,Menina,2022,Escola Pública,Ametista,7.541,8.3,7.7,7.5,,6.1,5.8,4.8,7.7,7.25,10.0,Fase 4 (9º ano),0,2022,4,0,Em fase / adiantado,0,10.0,True,2023.0,-1.0,4.5,7.0,5.63,6.875,7.46,5.0,5.5425,Quartzo,1,-1.5999999999999996,-0.7000000000000002,-1.9985
RA-147,FASE 4,15.0,Feminino,2022,Pública,Quartzo,5.5425,0.0,7.0,5.63,6.875,4.5,5.0,6.0,2.5,7.46,5.0,Fase 5 (1° EM),-1,2023,4,1,Defasagem moderada,1,5.0,True,2024.0,-1.0,6.166666666666667,9.277056277,7.51,7.5,7.386666667,5.0,7.400477922133334,Ametista,1,1.666666666666667,2.277056277,1.8579779221333332
RA-147,5F,16.0,Feminino,2022,Pública,Ametista,7.400477922133334,8.334,9.277056277,7.51,7.5,6.166666666666667,6.0,2.5,10.0,7.386666667,5.0,Fase 6 (2° EM),-1,2024,5,2,Defasagem moderada,1,5.0,True,,,,,,,,,,,,,,
RA-1470,2G,12.0,Feminino,2024,Pública,Quartzo,5.967421532000001,8.002,6.35610766,6.26,6.875,5.0,5.0,5.0,,5.4125,5.0,Fase 3 (7° e 8° ano),-1,2024,2,0,Defasagem moderada,1,5.0,True,,,,,,,,,,,,,,
RA-1471,2G,13.0,Masculino,2024,Pública,Ametista,7.404455434800001,10.002,7.195652174,7.51,7.65625,7.5,8.0,7.0,,7.2425,5.0,Fase 3 (7° e 8° ano),-1,2024,2,0,Defasagem moderada,1,5.0,True,,,,,,,,,,,,,,
RA-1472,2G,11.0,Masculino,2022,Pública,Topázio,8.773575000000001,8.502,10.0,7.51,7.96875,8.75,9.0,8.5,,8.1275,10.0,Fase 2 (5° e 6° ano),0,2024,2,2,Em fase / adiantado,0,10.0,True,,,,,,,,,,,,,,
RA-1473,2G,13.0,Masculino,2024,Pública,Ágata,6.689320600500001,9.502,8.4368530025,5.625,6.5625,5.25,6.0,4.5,,6.415,5.0,Fase 3 (7° e 8° ano),-1,2024,2,0,Defasagem moderada,1,5.0,True,,,,,,,,,,,,,,
RA-1474,2H,11.0,Feminino,2024,Pública,Ametista,7.384207505200001,8.002,7.960662526,5.625,6.71875,7.5,7.0,8.0,,6.2875,10.0,Fase 2 (5° e 6° ano),0,2024,2,0,Em fase / adiantado,0,10.0,True,,,,,,,,,,,,,,
RA-1475,2I,10.0,Feminino,2024,Pública,Ametista,7.413901754400001,9.002,8.070175439,7.51,7.5,5.0,7.0,3.0,,6.993333333,10.0,Fase 2 (5° e 6° ano),0,2024,2,0,Em fase / adiantado,0,10.0,True,,,,,,,,,,,,,,
RA-1476,2K,11.0,Feminino,2024,Pública,Topázio,8.80795,9.502,10.0,5.635,8.4375,8.5,8.0,9.0,,8.7525,10.0,Fase 2 (5° e 6° ano),0,2024,2,0,Em fase / adiantado,0,10.0,True,,,,,,,,,,,,,,
RA-1477,2K,11.0,Masculino,2024,Pública,Ametista,7.0514989130000005,8.002,8.010869565,7.51,6.40625,5.0,5.0,5.0,,6.2875,10.0,Fase 2 (5° e 6° ano),0,2024,2,0,Em fase / adiantado,0,10.0,True,,,,,,,,,,,,,,
RA-1478,2K,11.0,Masculino,2024,Pública,Ágata,6.7210333334,8.002,6.666666667,6.255,6.875,4.25,4.0,4.5,,7.1225,10.0,Fase 2 (5° e 6° ano),0,2024,2,0,Em fase / adiantado,0,10.0,True,,,,,,,,,,,,,,
RA-1479,2K,12.0,Masculino,2024,Pública,Ágata,6.615766239300001,8.502,6.1965811965,7.51,7.1875,4.25,4.0,4.5,,6.0325,10.0,Fase 2 (5° e 6° ano),0,2024,2,0,Em fase / adiantado,0,10.0,True,,,,,,,,,,,,,,
RA-148,4,14.0,Menino,2022,Escola Pública,Ametista,7.894,9.2,7.9,10.0,,5.3,4.7,6.3,5.0,7.708,10.0,Fase 4 (9º ano),0,2022,4,0,Em fase / adiantado,0,10.0,True,,,,,,,,,,,,,,
RA-1480,2K,12.0,Masculino,2024,Pública,Ametista,7.09445,8.502,8.875,7.51,7.1875,5.5,,5.5,,6.9975,5.0,Fase 3 (7° e 8° ano),-1,2024,2,0,Defasagem moderada,1,5.0,True,,,,,,,,,,,,,,
RA-1481,2K,12.0,Feminino,2024,Pública,Ágata,6.860721739100001,8.502,8.782608695499999,7.51,6.875,4.75,4.0,5.5,,6.8275,5.0,Fase 3 (7° e 8° ano),-1,2024,2,0,Defasagem moderada,1,5.0,True,,,,,,,,,,,,,,
RA-1482,2K,14.0,Masculino,2024,Pública,Quartzo,5.2257,8.502,5.0,7.51,7.5,0.0,0.0,0.0,,6.8725,5.0,Fase 3 (7° e 8° ano),-1,2024,2,0,Defasagem moderada,1,5.0,True,,,,,,,,,,,,,,
RA-1483,2K,11.0,Masculino,2024,Pública,Ametista,7.311433695700001,9.502,7.913043478500001,7.51,5.78125,6.5,6.0,7.0,,5.7475,10.0,Fase 2 (5° e 6° ano),0,2024,2,0,Em fase / adiantado,0,10.0,True,,,,,,,,,,,,,,
RA-1484,2L,14.0,Feminino,2024,Pública,Ametista,7.754200000000001,9.002,10.0,6.26,7.5,7.0,5.0,9.0,,7.89,5.0,Fase 3 (7° e 8° ano),-1,2024,2,0,Defasagem moderada,1,5.0,True,,,,,,,,,,,,,,
RA-1485,2L,13.0,Masculino,2024,Pública,Ágata,6.7386875776999995,9.002,7.7432712215,5.625,7.5,5.0,5.0,5.0,,7.386666667,5.0,Fase 3 (7° e 8° ano),-1,2024,2,0,Defasagem moderada,1,5.0,True,,,,,,,,,,,,,,
RA-1486,2L,11.0,Masculino,2024,Pública,Ágata,6.865474509900001,8.002,5.431372549,6.26,7.916666667,5.75,6.0,5.5,,7.056666667,10.0,Fase 2 (5° e 6° ano),0,2024,2,0,Em fase / adiantado,0,10.0,True,,,,,,,,,,,,,,
RA-1487,2L,13.0,Feminino,2024,Pública,Topázio,8.0267434782,10.002,9.5652173915,6.26,7.708333333,8.25,7.0,9.5,,7.833333333,5.0,Fase 3 (7° e 8° ano),-1,2024,2,0,Defasagem moderada,1,5.0,True,,,,,,,,,,,,,,
RA-1488,2L,11.0,Feminino,2024,Pública,Ágata,6.7668935818000016,8.002,7.111801242,7.51,7.5,3.5,7.0,0.0,,6.716666667,10.0,Fase 2 (5° e 6° ano),0,2024,2,0,Em fase / adiantado,0,10.0,True,,,,,,,,,,,,,,
RA-1489,2L,12.0,Masculino,2024,Pública,Quartzo,5.9842289855000015,9.002,5.793478261000001,6.26,6.666666667,5.0,5.0,5.0,,5.663333333,5.0,Fase 3 (7° e 8° ano),-1,2024,2,0,Defasagem moderada,1,5.0,True,,,,,,,,,,,,,,
RA-149,4,15.0,Menina,2022,Escola Pública,Ágata,6.323,9.2,6.5,7.5,,5.0,4.0,6.0,,6.125,5.0,Fase 5 (1º EM),-1,2022,4,0,Defasagem moderada,1,5.0,True,2023.0,-2.0,4.7,4.2,2.52,7.5,7.2925,5.0,5.622266667,Quartzo,1,-0.2999999999999998,-2.3,-0.7007333330000005
RA-149,FASE 4,,Feminino,2022,Pública,Quartzo,5.622266667,8.8,4.2,2.52,7.5,4.7,5.7,3.5,5.0,7.2925,5.0,Fase 6 (2° EM),-2,2023,4,1,Defasagem moderada,1,5.0,True,2024.0,-2.0,3.8333333333333335,4.104378593666667,6.26,7.34375,6.626,5.0,5.7316173854,Quartzo,1,-0.8666666666666667,-0.0956214063333336,0.10935071839999999
RA-149,5D,17.0,Feminino,2022,Pública,Quartzo,5.7316173854,9.585,4.104378593666667,6.26,7.34375,3.8333333333333335,0.0,6.5,5.0,6.626,5.0,Fase 7 (3° EM),-2,2024,5,2,Defasagem moderada,1,5.0,True,,,,,,,,,,,,,,
RA-1490,2L,12.0,Feminino,2024,Privada,Ametista,7.3725768116,8.502,9.5652173915,6.26,6.666666667,7.75,8.0,7.5,,6.333333333,5.0,Fase 3 (7° e 8° ano),-1,2024,2,0,Defasagem moderada,1,5.0,True,,,,,,,,,,,,,,
RA-1491,2L,12.0,Masculino,2024,Pública,Ametista,7.5072,9.002,6.25,7.51,7.5,6.5,6.0,7.0,,7.78,10.0,Fase 2 (5° e 6° ano),0,2024,2,0,Em fase / adiantado,0,10.0,True,,,,,,,,,,,,,,
RA-1492,2L,9.0,Masculino,2024,Pública,Topázio,8.479020512900002,8.002,8.8141025645,7.51,8.75,8.0,6.0,10.0,,8.45,10.0,Fase 1 (3° e 4° ano),1,2024,2,0,Em fase / adiantado,0,10.0,True,,,,,,,,,,,,,,
RA-1493,2M,12.0,Masculino,2024,Pública,Ágata,6.378661323900001,8.502,7.8468899525,7.51,7.1875,4.0,3.5,4.5,,5.946666667,5.0,Fase 3 (7° e 8° ano),-1,2024,2,0,Defasagem moderada,1,5.0,True,,,,,,,,,,,,,,
RA-1494,2M,11.0,Feminino,2024,Pública,Quartzo,5.8748823529,0.0,6.7794117645,7.51,7.5,4.25,8.5,0.0,,5.84,10.0,Fase 2 (5° e 6° ano),0,2024,2,0,Em fase / adiantado,0,10.0,True,,,,,,,,,,,,,,
RA-1495,2M,11.0,Feminino,2021,Pública,Topázio,8.4845030302,9.002,8.318181818,7.51,8.75,8.25,8.5,8.0,,8.223333333,10.0,Fase 2 (5° e 6° ano),0,2024,2,3,Em fase / adiantado,0,10.0,True,,,,,,,,,,,,,,
RA-1496,2M,12.0,Feminino,2024,Pública,Ágata,6.7799738095,9.002,5.714285714500001,7.51,7.8125,4.25,2.5,6.0,,6.773333333,10.0,Fase 2 (5° e 6° ano),0,2024,2,0,Em fase / adiantado,0,10.0,True,,,,,,,,,,,,,,
RA-1497,2M,12.0,Feminino,2024,Pública,Quartzo,5.2423787879,0.0,5.0227272725,7.51,6.875,2.0,4.0,0.0,,6.996666667,10.0,Fase 2 (5° e 6° ano),0,2024,2,0,Em fase / adiantado,0,10.0,True,,,,,,,,,,,,,,
RA-1498,2M,13.0,Feminino,2024,Pública,Ametista,7.147881818200001,8.502,7.840909091,7.51,8.125,7.0,5.0,9.0,,6.33,5.0,Fase 3 (7° e 8° ano),-1,2024,2,0,Defasagem moderada,1,5.0,True,,,,,,,,,,,,,,
RA-1499,2N,12.0,Feminino,2024,Pública,Ametista,7.914800000000001,8.418,9.25,6.885,8.125,6.5,6.0,7.0,,7.11,10.0,Fase 2 (5° e 6° ano),0,2024,2,0,Em fase / adiantado,0,10.0,True,,,,,,,,,,,,,,
RA-15,7,18.0,Menino,2022,Escola Pública,Ametista,7.783,8.8,10.0,7.5,,7.3,8.0,6.5,,7.292,5.0,Fase 8 (Universitários),-1,2022,7,0,Defasagem moderada,1,5.0,True,,,,,,,,,,,,,,
RA-150,4,16.0,Menina,2020,Escola Pública,Ágata,6.962,9.6,6.3,6.9,,6.9,5.3,6.7,8.6,7.333,5.0,Fase 6 (2º EM),-2,2022,4,2,Defasagem moderada,1,5.0,True,,,,,,,,,,,,,,
RA-1500,2N,11.0,Masculino,2024,Pública,Ametista,7.360450000100002,9.502,8.3333333335,6.885,8.4375,3.5,2.0,5.0,,7.556666667,10.0,Fase 2 (5° e 6° ano),0,2024,2,0,Em fase / adiantado,0,10.0,True,,,,,,,,,,,,,,
RA-1501,2N,11.0,Feminino,2024,Pública,Topázio,8.04495,9.502,10.0,7.51,8.4375,5.0,4.5,5.5,,7.5,10.0,Fase 2 (5° e 6° ano),0,2024,2,0,Em fase / adiantado,0,10.0,True,,,,,,,,,,,,,,
RA-1502,2N,12.0,Feminino,2024,Pública,Ágata,6.886091025600001,8.002,7.628205128,7.51,7.8125,5.25,3.5,7.0,,7.39,5.0,Fase 3 (7° e 8° ano),-1,2024,2,0,Defasagem moderada,1,5.0,True,,,,,,,,,,,,,,
RA-1503,2P,13.0,Feminino,2024,Pública,Ágata,6.991699999900001,7.502,10.0,7.51,8.958333333,2.75,3.0,2.5,,7.723333333,5.0,Fase 3 (7° e 8° ano),-1,2024,2,0,Defasagem moderada,1,5.0,True,,,,,,,,,,,,,,
RA-1504,2P,12.0,Feminino,2024,Pública,Ágata,6.057060605999999,7.5,4.6136363634999995,5.63,5.833333333,6.75,5.0,8.5,,6.94,5.0,Fase 3 (7° e 8° ano),-1,2024,2,0,Defasagem moderada,1,5.0,True,,,,,,,,,,,,,,
RA-1505,2P,13.0,Masculino,2024,Pública,Ágata,6.7199171717,9.502,7.5252525255,7.51,8.75,3.75,3.0,4.5,,6.943333333,5.0,Fase 3 (7° e 8° ano),-1,2024,2,0,Defasagem moderada,1,5.0,True,,,,,,,,,,,,,,
RA-1506,2R,11.0,Feminino,2024,Pública,Ametista,7.151855844200001,8.002,8.3874458875,7.51,6.458333333,3.5,0.0,7.0,,7.886666667,10.0,Fase 2 (5° e 6° ano),0,2024,2,0,Em fase / adiantado,0,10.0,True,,,,,,,,,,,,,,
RA-1507,2R,12.0,Masculino,2024,Pública,Quartzo,5.046077056300001,6.918,4.448051948,7.51,4.583333333,5.0,5.0,5.0,,3.776666667,5.0,Fase 3 (7° e 8° ano),-1,2024,2,0,Defasagem moderada,1,5.0,True,,,,,,,,,,,,,,
RA-1508,2R,10.0,Feminino,2024,Pública,Topázio,8.1804207793,7.502,7.2294372295,7.51,7.5,9.25,10.0,8.5,,8.166666667,10.0,Fase 2 (5° e 6° ano),0,2024,2,0,Em fase / adiantado,0,10.0,True,,,,,,,,,,,,,,
RA-1509,2R,11.0,Masculino,2024,Pública,Ametista,7.560230303200001,8.502,6.5151515155,7.51,6.666666667,7.5,7.0,8.0,,7.446666667,10.0,Fase 2 (5° e 6° ano),0,2024,2,0,Em fase / adiantado,0,10.0,True,,,,,,,,,,,,,,
RA-151,4,16.0,Menina,2020,Escola Pública,Ametista,7.563,8.8,7.5,6.9,,8.3,7.3,8.0,9.5,7.958,5.0,Fase 6 (2º EM),-2,2022,4,2,Defasagem moderada,1,5.0,True,2023.0,-2.0,7.9,7.8,7.52,8.59375,8.1725,5.0,6.892541667,Ágata,1,-0.40000000000000036,0.2999999999999998,-0.670458333
RA-151,FASE 5,17.0,Feminino,2020,Pública,Ágata,6.892541667,0.0,7.8,7.52,8.59375,7.9,6.8,7.0,10.0,8.1725,5.0,Fase 7 (3° EM),-2,2023,5,3,Defasagem moderada,1,5.0,True,,,,,,,,,,,,,,
RA-1510,2R,11.0,Feminino,2024,Pública,Topázio,9.464745454400001,10.002,9.7727272725,7.51,9.583333333,10.0,10.0,10.0,,9.003333333,10.0,Fase 2 (5° e 6° ano),0,2024,2,0,Em fase / adiantado,0,10.0,True,,,,,,,,,,,,,,
RA-1511,2U,11.0,Feminino,2024,Pública,Topázio,8.9217077641,10.002,9.3271221535,7.51,8.4375,8.75,8.0,9.5,,8.556666667,10.0,Fase 2 (5° e 6° ano),0,2024,2,0,Em fase / adiantado,0,10.0,True,,,,,,,,,,,,,,
RA-1512,2U,10.0,Feminino,2024,Pública,Topázio,8.10445,9.502,10.0,7.51,7.8125,5.5,7.0,4.0,,7.61,10.0,Fase 2 (5° e 6° ano),0,2024,2,0,Em fase / adiantado,0,10.0,True,,,,,,,,,,,,,,
RA-1513,2U,12.0,Feminino,2024,Pública,Ágata,6.5509171717,8.502,7.5252525255,7.51,7.5,3.75,4.0,3.5,,7.223333333,5.0,Fase 3 (7° e 8° ano),-1,2024,2,0,Defasagem moderada,1,5.0,True,,,,,,,,,,,,,,
RA-1514,2U,12.0,Feminino,2024,Pública,Ametista,7.520576262600001,9.002,7.979797980000001,7.51,7.1875,5.5,5.0,6.0,,7.273333333,10.0,Fase 2 (5° e 6° ano),0,2024,2,0,Em fase / adiantado,0,10.0,True,,,,,,,,,,,,,,
RA-1515,2U,12.0,Feminino,2024,Pública,Quartzo,5.832133333300001,6.418,6.6666666665,6.255,6.875,3.5,6.0,1.0,,6.72,5.0,Fase 3 (7° e 8° ano),-1,2024,2,0,Defasagem moderada,1,5.0,True,,,,,,,,,,,,,,
RA-1516,3A,13.0,Feminino,2024,Privada,Ametista,7.217066033133334,9.585,5.404288499000001,9.38,7.96875,4.666666666666667,0.0,5.0,9.0,7.5475,10.0,Fase 3 (7° e 8° ano),3,2024,3,0,Em fase / adiantado,0,10.0,True,,,,,,,,,,,,,,
RA-1517,3A,15.0,Masculino,2024,Pública,Ágata,6.240744444466667,9.168,4.305555555666667,9.38,7.5,4.666666666666667,5.0,4.5,4.5,6.7075,5.0,Fase 4 (9° ano),-1,2024,3,0,Defasagem moderada,1,5.0,True,,,,,,,,,,,,,,
RA-1518,3A,15.0,Feminino,2022,Pública,Quartzo,5.721382142866666,7.084,5.714285714333333,9.38,7.65625,1.75,0.0,3.5,,6.5825,5.0,Fase 4 (9° ano),-1,2024,3,2,Defasagem moderada,1,5.0,True,,,,,,,,,,,,,,
RA-1519,3A,15.0,Masculino,2024,,Ametista,7.210222117800001,9.585,5.560902255666666,8.755,7.96875,4.833333333333333,0.0,6.5,8.0,7.5025,10.0,Fase 3 (7° e 8° ano),3,2024,3,0,Em fase / adiantado,0,10.0,True,,,,,,,,,,,,,,
RA-152,4,16.0,Menina,2022,Escola Pública,Ágata,6.712,8.3,7.0,7.5,,6.5,4.0,7.0,8.5,6.292,5.0,Fase 6 (2º EM),-2,2022,4,0,Defasagem moderada,1,5.0,True,2023.0,-2.0,4.5,7.7,2.52,7.8125,7.71,5.0,6.30695,Ágata,1,-2.0,0.7000000000000002,-0.40505000000000013
RA-152,FASE 4,16.0,Feminino,2022,Pública,Ágata,6.30695,7.9,7.7,2.52,7.8125,4.5,4.0,5.0,4.5,7.71,5.0,Fase 6 (2° EM),-2,2023,4,1,Defasagem moderada,1,5.0,True,2024.0,-2.0,5.166666666666667,7.337719298333333,5.63,7.8125,7.443333333,5.0,6.5837938596,Ágata,1,0.666666666666667,-0.36228070166666715,0.27684385960000046
RA-152,5L,17.0,Feminino,2022,Pública,Ágata,6.5837938596,7.5,7.337719298333333,5.63,7.8125,5.166666666666667,0.0,7.5,8.0,7.443333333,5.0,Fase 7 (3° EM),-2,2024,5,2,Defasagem moderada,1,5.0,True,,,,,,,,,,,,,,
RA-1520,3B,14.0,Feminino,2024,Pública,Ametista,7.0026462121333335,8.334,9.060606060666666,8.75,7.65625,3.75,4.0,3.5,,7.3325,5.0,Fase 4 (9° ano),-1,2024,3,0,Defasagem moderada,1,5.0,True,,,,,,,,,,,,,,
RA-1521,3B,14.0,Feminino,2024,Pública,Quartzo,5.065788844333333,7.5,6.157902555,2.51,6.09375,3.1666666666666665,2.0,5.5,2.0,5.4525,5.0,Fase 4 (9° ano),-1,2024,3,0,Defasagem moderada,1,5.0,True,,,,,,,,,,,,,,
RA-1522,3B,13.0,Masculino,2024,Pública,Topázio,8.3261,8.751,10.0,9.38,6.875,7.0,10.0,4.0,,7.1275,10.0,Fase 3 (7° e 8° ano),0,2024,3,0,Em fase / adiantado,0,10.0,True,,,,,,,,,,,,,,
RA-1523,3B,11.0,Masculino,2024,Pública,Topázio,8.67371279,6.666,9.283272283333334,8.755,8.90625,8.166666666666666,8.0,6.5,10.0,8.755,10.0,Fase 2 (5° e 6° ano),1,2024,3,0,Em fase / adiantado,0,10.0,True,,,,,,,,,,,,,,
RA-1524,3B,14.0,Feminino,2024,Pública,Quartzo,5.5473805555333335,7.917,2.777777777666667,7.51,7.65625,4.0,4.0,,,6.9175,5.0,Fase 4 (9° ano),-1,2024,3,0,Defasagem moderada,1,5.0,True,,,,,,,,,,,,,,
RA-1525,3C,13.0,Masculino,2024,Pública,Ametista,7.778263492033334,7.917,8.293650793666666,5.63,8.541666667,7.0,6.5,5.5,9.0,7.553333333,10.0,Fase 3 (7° e 8° ano),0,2024,3,0,Em fase / adiantado,0,10.0,True,,,,,,,,,,,,,,
RA-1526,3D,13.0,Feminino,2024,Pública,Ametista,7.9798,9.168,10.0,8.75,8.125,3.75,2.0,5.5,,8.1275,10.0,Fase 3 (7° e 8° ano),0,2024,3,0,Em fase / adiantado,0,10.0,True,,,,,,,,,,,,,,
RA-1527,3D,13.0,Masculino,2024,Pública,Topázio,8.631675000000001,9.168,10.0,7.51,7.96875,8.0,9.0,7.0,,7.835,10.0,Fase 3 (7° e 8° ano),0,2024,3,0,Em fase / adiantado,0,10.0,True,,,,,,,,,,,,,,
RA-1528,3D,13.0,Masculino,2024,Pública,Ametista,7.622584090933335,9.168,7.787878788,7.51,7.96875,5.666666666666667,3.0,6.0,8.0,7.335,10.0,Fase 3 (7° e 8° ano),0,2024,3,0,Em fase / adiantado,0,10.0,True,,,,,,,,,,,,,,
RA-1529,3F,14.0,Feminino,2024,Pública,Ágata,6.710079487200001,6.666,7.435897436,7.51,8.125,5.5,6.0,5.5,5.0,6.964,5.0,Fase 4 (9° ano),-1,2024,3,0,Defasagem moderada,1,5.0,True,,,,,,,,,,,,,,
RA-153,4,14.0,Menina,2018,Rede Decisão,Ametista,7.535,7.9,8.2,5.0,,6.6,3.3,7.7,8.8,7.708,10.0,Fase 4 (9º ano),0,2022,4,4,Em fase / adiantado,0,10.0,True,2023.0,0.0,6.4,7.4,2.52,8.125,7.71,10.0,7.289966667,Ametista,0,-0.1999999999999993,-0.7999999999999989,-0.2450333330000003
RA-153,FASE 5,15.0,Feminino,2018,Privada - Programa de Apadrinhamento,Ametista,7.289966667,9.2,7.4,2.52,8.125,6.4,6.0,5.3,8.0,7.71,10.0,Fase 5 (1° EM),0,2023,5,5,Em fase / adiantado,0,10.0,True,2024.0,2.0,0.0,0.0,6.5675,7.5,7.5,10.0,4.78185,Quartzo,0,-6.4,-7.4,-2.5081166669999995
RA-153,7E,16.0,Feminino,2021,Privada - Programa de Apadrinhamento,Quartzo,4.78185,8.751,0.0,6.5675,7.5,0.0,0.0,0.0,0.0,7.5,10.0,Fase 5 (1° EM),2,2024,7,3,Em fase / adiantado,0,10.0,True,,,,,,,,,,,,,,
RA-1530,3F,13.0,Masculino,2024,Pública,Quartzo,4.6391535714200005,0.0,2.5238095237666665,8.13,7.03125,2.8333333333333335,1.5,7.0,0.0,5.258,10.0,Fase 3 (7° e 8° ano),0,2024,3,0,Em fase / adiantado,0,10.0,True,,,,,,,,,,,,,,
RA-1531,3F,14.0,Masculino,2024,Pública,Ametista,7.0491790134,8.751,7.9726867336666665,7.505,7.34375,5.833333333333333,4.5,8.0,5.0,7.14,5.0,Fase 4 (9° ano),-1,2024,3,0,Defasagem moderada,1,5.0,True,,,,,,,,,,,,,,
RA-1532,3H,15.0,Masculino,2024,Pública,Quartzo,4.548544781066667,0.0,3.9057239053333332,7.51,7.5,2.0,0.0,6.0,0.0,6.832,5.0,Fase 4 (9° ano),-1,2024,3,0,Defasagem moderada,1,5.0,True,,,,,,,,,,,,,,
RA-1533,3I,14.0,Feminino,2024,Pública,Topázio,9.089828985533336,9.168,9.710144927666667,8.135,8.5,9.5,10.0,8.5,10.0,8.3375,10.0,Fase 3 (7° e 8° ano),0,2024,3,0,Em fase / adiantado,0,10.0,True,,,,,,,,,,,,,,
RA-1534,3I,13.0,Feminino,2024,Pública,Ametista,7.188366666666667,7.917,9.666666666666666,8.135,8.0,1.1666666666666667,2.0,1.5,0.0,8.0825,10.0,Fase 3 (7° e 8° ano),0,2024,3,0,Em fase / adiantado,0,10.0,True,,,,,,,,,,,,,,
RA-1535,3I,13.0,Feminino,2024,Pública,Ametista,7.109390969933334,8.751,5.103121516333333,7.51,7.125,5.833333333333333,7.5,5.5,4.5,7.9175,10.0,Fase 3 (7° e 8° ano),0,2024,3,0,Em fase / adiantado,0,10.0,True,,,,,,,,,,,,,,
RA-1536,3I,15.0,Feminino,2024,Pública,Ametista,7.653744444466668,9.168,8.722222222333334,8.135,7.875,7.0,10.0,3.5,7.5,7.4575,5.0,Fase 4 (9° ano),-1,2024,3,0,Defasagem moderada,1,5.0,True,,,,,,,,,,,,,,
RA-1537,3I,14.0,Feminino,2024,Pública,Topázio,8.176263231333333,9.168,8.33064949,8.135,8.125,8.666666666666666,10.0,6.0,10.0,8.67,5.0,Fase 4 (9° ano),-1,2024,3,0,Defasagem moderada,1,5.0,True,,,,,,,,,,,,,,
RA-1538,3K,13.0,Masculino,2021,Pública,Ametista,7.9631703704333345,9.168,7.935185184999999,8.13,7.916666667,7.166666666666667,7.5,6.0,8.0,7.106666667,10.0,Fase 2 (5° e 6° ano),1,2024,3,3,Em fase / adiantado,0,10.0,True,,,,,,,,,,,,,,
RA-1539,3K,13.0,Feminino,2024,Pública,Ametista,7.709588888900001,6.667,9.027777777666666,6.885,7.708333333,6.833333333333333,6.0,7.0,7.5,7.056666667,10.0,Fase 3 (7° e 8° ano),0,2024,3,0,Em fase / adiantado,0,10.0,True,,,,,,,,,,,,,,
RA-154,4,15.0,Menino,2017,Escola Pública,Ágata,6.073,8.3,6.1,6.3,,4.0,3.7,6.2,2.1,6.833,5.0,Fase 5 (1º EM),-1,2022,4,5,Defasagem moderada,1,5.0,True,,,,,,,,,,,,,,
RA-1540,3M,14.0,Feminino,2024,Pública,Quartzo,5.696233333333334,8.334,5.0,7.51,7.125,2.6666666666666665,2.0,2.0,4.0,6.83,5.0,Fase 4 (9° ano),-1,2024,3,0,Defasagem moderada,1,5.0,True,,,,,,,,,,,,,,
RA-1541,3M,13.0,Masculino,2024,Pública,Topázio,8.337,9.168,8.633333333333333,6.88,8.25,8.166666666666666,9.0,7.0,8.5,7.736,10.0,Fase 3 (7° e 8° ano),0,2024,3,0,Em fase / adiantado,0,10.0,True,,,,,,,,,,,,,,
RA-1542,3M,16.0,Feminino,2024,Pública,Ágata,6.0886079922,7.501,6.304873294333333,8.135,7.375,3.1666666666666665,1.0,3.5,5.0,6.966,5.0,Fase 5 (1° EM),-2,2024,3,0,Defasagem moderada,1,5.0,True,,,,,,,,,,,,,,
RA-1543,3M,14.0,Masculino,2024,Pública,Ágata,6.754584615400001,7.5,8.076923077,7.51,7.25,5.0,6.0,4.0,,7.066,5.0,Fase 4 (9° ano),-1,2024,3,0,Defasagem moderada,1,5.0,True,,,,,,,,,,,,,,
RA-1544,3M,14.0,Feminino,2024,Pública,Ágata,6.905568627466667,8.334,8.674509804,6.885,6.625,5.833333333333333,5.5,5.5,6.5,6.598,5.0,Fase 4 (9° ano),-1,2024,3,0,Defasagem moderada,1,5.0,True,,,,,,,,,,,,,,
RA-1545,3N,12.0,Feminino,2024,Pública,Ametista,7.296598575533334,7.501,6.210826211,8.13,6.25,8.166666666666666,8.0,6.5,10.0,6.165,10.0,Fase 3 (7° e 8° ano),0,2024,3,0,Em fase / adiantado,0,10.0,True,,,,,,,,,,,,,,
RA-1546,3N,14.0,Masculino,2024,Pública,Ágata,6.900662108266667,8.334,6.374643874666667,8.75,7.5,4.666666666666667,5.0,3.0,6.0,6.17,10.0,Fase 3 (7° e 8° ano),0,2024,3,0,Em fase / adiantado,0,10.0,True,,,,,,,,,,,,,,
RA-1547,3N,14.0,Feminino,2024,Pública,Ágata,6.748480626800001,7.917,6.467236467333334,8.13,7.5,6.666666666666667,9.5,6.0,4.5,6.335,5.0,Fase 4 (9° ano),-1,2024,3,0,Defasagem moderada,1,5.0,True,,,,,,,,,,,,,,
RA-1548,3N,13.0,Feminino,2024,Pública,Ágata,6.482499715066667,8.334,5.2421652420000004,7.51,7.5,4.833333333333333,9.0,4.5,1.0,5.665,10.0,Fase 3 (7° e 8° ano),0,2024,3,0,Em fase / adiantado,0,10.0,True,,,,,,,,,,,,,,
RA-1549,3N,15.0,Masculino,2024,Pública,Ágata,6.514862200466668,9.585,7.441394335666668,7.51,7.1875,4.166666666666667,5.5,3.0,4.0,6.325,5.0,Fase 5 (1° EM),-2,2024,3,0,Defasagem moderada,1,5.0,True,,,,,,,,,,,,,,
RA-155,4,16.0,Menino,2022,Escola Pública,Ametista,7.051,10.0,8.3,7.5,,5.2,4.3,6.8,4.3,6.833,5.0,Fase 6 (2º EM),-2,2022,4,0,Defasagem moderada,1,5.0,True,2023.0,-2.0,4.4,8.1,5.0,7.03125,6.5875,5.0,6.318991667,Ágata,1,-0.7999999999999998,-0.20000000000000107,-0.7320083330000005
RA-155,FASE 5,17.0,Masculino,2022,Pública,Ágata,6.318991667,7.9,8.1,5.0,7.03125,4.4,5.3,2.8,5.2,6.5875,5.0,Fase 7 (3° EM),-2,2023,5,1,Defasagem moderada,1,5.0,True,2024.0,0.0,,0.0,,,,10.0,,,0,,-8.1,
RA-155,8F,18.0,Masculino,2022,Privada *Parcerias com Bolsa 100%,,,,0.0,,,,,,,,10.0,Fase 8 (Universitários),0,2024,8,2,Em fase / adiantado,0,10.0,True,,,,,,,,,,,,,,
RA-1550,3P,15.0,Masculino,2024,Pública,Ágata,6.064236111066667,9.585,5.222222222,7.51,7.03125,4.333333333333333,5.0,3.0,5.0,6.2025,5.0,Fase 4 (9° ano),-1,2024,3,0,Defasagem moderada,1,5.0,True,,,,,,,,,,,,,,
RA-1551,3P,15.0,Masculino,2024,Pública,Quartzo,5.9717087542,9.585,4.7710437709999995,7.51,7.5,3.5,1.0,5.5,4.0,6.79,5.0,Fase 5 (1° EM),-2,2024,3,0,Defasagem moderada,1,5.0,True,,,,,,,,,,,,,,
RA-1552,3P,13.0,Masculino,2024,Pública,Ametista,7.443301282066667,9.585,9.743589743666666,7.51,7.1875,3.1666666666666665,1.0,4.5,4.0,7.165,10.0,Fase 3 (7° e 8° ano),0,2024,3,0,Em fase / adiantado,0,10.0,True,,,,,,,,,,,,,,
RA-1553,3R,13.0,Masculino,2024,Pública,Ametista,7.641184313700001,8.334,9.003921568666668,7.51,8.333333333,4.333333333333333,6.0,5.0,2.0,7.78,10.0,Fase 3 (7° e 8° ano),0,2024,3,0,Em fase / adiantado,0,10.0,True,,,,,,,,,,,,,,
RA-1554,3R,15.0,Masculino,2024,Pública,Ágata,6.941692592633334,6.666,9.629629629666667,8.76,7.291666667,4.0,3.0,,5.0,7.22,5.0,Fase 5 (1° EM),-2,2024,3,0,Defasagem moderada,1,5.0,True,,,,,,,,,,,,,,
RA-1555,3R,13.0,Masculino,2024,Pública,Ametista,7.4827333334,8.334,10.0,6.255,8.125,3.0,9.0,0.0,0.0,8.056666667,10.0,Fase 3 (7° e 8° ano),0,2024,3,0,Em fase / adiantado,0,10.0,True,,,,,,,,,,,,,,
RA-1556,3U,14.0,Masculino,2024,Pública,Ágata,6.666811111166668,7.917,5.222222222333333,7.51,7.916666667,4.0,3.5,,4.5,7.44,10.0,Fase 3 (7° e 8° ano),0,2024,3,0,Em fase / adiantado,0,10.0,True,,,,,,,,,,,,,,
RA-1557,3U,14.0,Feminino,2024,Pública,Topázio,8.228500000033334,9.585,8.916666666666666,7.51,7.916666667,7.0,6.0,,8.0,7.72,10.0,Fase 3 (7° e 8° ano),0,2024,3,0,Em fase / adiantado,0,10.0,True,,,,,,,,,,,,,,
RA-1558,4A,16.0,Masculino,2024,Pública,Ametista,7.643772047733333,9.168,8.705360238666666,8.755,8.5,5.5,5.0,5.5,6.0,8.302,5.0,Fase 5 (1° EM),-1,2024,4,0,Defasagem moderada,1,5.0,True,,,,,,,,,,,,,,
RA-1559,4A,15.0,Feminino,2024,Pública,Ágata,6.330428437666668,7.917,5.2929755216666665,6.885,8.375,4.666666666666667,8.0,0.0,6.0,7.604,5.0,Fase 5 (1° EM),-1,2024,4,0,Defasagem moderada,1,5.0,True,,,,,,,,,,,,,,
RA-156,4,15.0,Menino,2018,Escola Pública,Ametista,7.357,10.0,8.3,9.4,,4.4,4.7,6.5,2.1,7.792,5.0,Fase 5 (1º EM),-1,2022,4,4,Defasagem moderada,1,5.0,True,,,,,,,,,,,,,,
RA-1560,4A,14.0,Feminino,2024,Privada,Topázio,8.4721031746,9.168,9.206349206333334,5.635,8.5,8.166666666666666,6.0,8.5,10.0,8.336,10.0,Fase 3 (7° e 8° ano),1,2024,4,0,Em fase / adiantado,0,10.0,True,,,,,,,,,,,,,,
RA-1561,4A,16.0,Masculino,2024,Pública,Ametista,7.9402206349333335,9.585,9.174603174666666,5.0,8.0,9.0,8.5,8.5,10.0,7.734,5.0,Fase 5 (1° EM),-1,2024,4,0,Defasagem moderada,1,5.0,True,,,,,,,,,,,,,,
RA-1562,4B,16.0,Feminino,2024,Pública,Quartzo,5.458833333333334,6.25,8.666666666666666,5.01,6.25,0.5,0.5,,,6.8725,5.0,Fase 6 (2° EM),-2,2024,4,0,Defasagem moderada,1,5.0,True,,,,,,,,,,,,,,
RA-1563,4B,15.0,Feminino,2024,Pública,Ametista,7.604211111133335,8.751,8.305555555666666,7.51,7.25,7.0,5.0,7.5,8.5,8.46,5.0,Fase 5 (1° EM),-1,2024,4,0,Defasagem moderada,1,5.0,True,,,,,,,,,,,,,,
RA-1564,4B,15.0,Masculino,2024,Pública,Quartzo,5.0761468806000005,8.334,4.942067736333334,6.885,5.75,2.1666666666666665,1.0,3.5,2.0,5.2875,5.0,Fase 5 (1° EM),-1,2024,4,0,Defasagem moderada,1,5.0,True,,,,,,,,,,,,,,
RA-1565,4B,16.0,Masculino,2024,Pública,Quartzo,5.816448179266667,0.0,8.102240896333333,7.51,6.375,5.5,7.0,3.0,6.5,6.0375,5.0,Fase 5 (1° EM),-1,2024,4,0,Defasagem moderada,1,5.0,True,,,,,,,,,,,,,,
RA-1566,4B,17.0,Feminino,2024,Pública,Ametista,7.759243871133334,9.168,9.247219355666667,7.51,7.75,6.5,3.0,8.0,8.5,8.335,5.0,Fase 6 (2° EM),-2,2024,4,0,Defasagem moderada,1,5.0,True,,,,,,,,,,,,,,
RA-1567,4B,16.0,Feminino,2024,Pública,Ametista,7.913942087533334,8.334,8.771043771,7.51,7.75,8.166666666666666,5.0,9.5,10.0,8.335,5.0,Fase 6 (2° EM),-2,2024,4,0,Defasagem moderada,1,5.0,True,,,,,,,,,,,,,,
RA-1568,4B,15.0,Feminino,2024,Pública,Ametista,7.8003261438000004,9.168,7.493464052333334,7.51,8.0,8.166666666666666,7.5,7.5,9.5,8.5025,5.0,Fase 5 (1° EM),-1,2024,4,0,Defasagem moderada,1,5.0,True,,,,,,,,,,,,,,
RA-1569,4B,17.0,Feminino,2024,Pública,Quartzo,5.7191555556,6.666,7.111111111333334,6.26,6.875,2.1666666666666665,2.0,3.0,1.5,6.9175,5.0,Fase 6 (2° EM),-2,2024,4,0,Defasagem moderada,1,5.0,True,,,,,,,,,,,,,,
RA-157,4,12.0,Menina,2018,Rede Decisão,Topázio,8.317,7.5,10.0,6.3,,7.7,7.0,7.5,8.7,8.292,10.0,Fase 3 (7º e 8º ano),1,2022,4,4,Em fase / adiantado,0,10.0,True,2023.0,2.0,6.8,9.9,2.52,8.59375,8.63,10.0,7.879008333,Ametista,0,-0.9000000000000004,-0.09999999999999964,-0.43799166700000036
RA-157,FASE 5,13.0,Feminino,2018,Privada - Programa de Apadrinhamento,Ametista,7.879008333,7.1,9.9,2.52,8.59375,6.8,6.0,6.8,7.5,8.63,10.0,Fase 3 (7° e 8° ano),2,2023,5,5,Em fase / adiantado,0,10.0,True,2024.0,1.0,9.666666666666666,10.0,6.26,8.125,8.726666667,10.0,8.950566666733334,Topázio,0,2.8666666666666663,0.09999999999999964,1.0715583337333339
RA-157,5N,14.0,Feminino,2021,Privada - Programa de Apadrinhamento,Topázio,8.950566666733334,8.334,10.0,6.26,8.125,9.666666666666666,10.0,9.0,10.0,8.726666667,10.0,Fase 4 (9° ano),1,2024,5,3,Em fase / adiantado,0,10.0,True,,,,,,,,,,,,,,
RA-1570,4B,16.0,Feminino,2024,Pública,Ametista,7.894084175066667,9.585,7.542087542,7.51,7.75,8.333333333333334,6.5,9.0,9.5,8.6725,5.0,Fase 5 (1° EM),-1,2024,4,0,Defasagem moderada,1,5.0,True,,,,,,,,,,,,,,
RA-1571,4B,16.0,Masculino,2024,Pública,Ametista,7.2484555556,8.334,9.111111111333335,5.005,7.5,5.666666666666667,5.0,6.0,6.0,8.545,5.0,Fase 5 (1° EM),-1,2024,4,0,Defasagem moderada,1,5.0,True,,,,,,,,,,,,,,
RA-1572,4C,15.0,Feminino,2024,Pública,Topázio,8.080345634866667,9.168,9.841269841333334,7.51,7.65625,7.5,7.5,6.5,8.5,8.393333333,5.0,Fase 5 (1° EM),-1,2024,4,0,Defasagem moderada,1,5.0,True,,,,,,,,,,,,,,
RA-1573,4C,16.0,Masculino,2024,Pública,Ágata,6.743847969266667,9.168,6.120448179333334,6.26,7.65625,5.0,0.0,6.0,9.0,8.556666667,5.0,Fase 5 (1° EM),-1,2024,4,0,Defasagem moderada,1,5.0,True,,,,,,,,,,,,,,
RA-1574,4C,16.0,Feminino,2024,Pública,Ametista,7.777244180000001,8.751,8.399470899666667,7.51,7.8125,7.333333333333333,7.0,6.0,9.0,8.616666667,5.0,Fase 5 (1° EM),-1,2024,4,0,Defasagem moderada,1,5.0,True,,,,,,,,,,,,,,
RA-1575,4C,16.0,Feminino,2024,Pública,Ametista,7.318459391466667,9.168,8.624338624,6.885,7.65625,5.333333333333333,0.0,7.5,8.5,8.28,5.0,Fase 5 (1° EM),-1,2024,4,0,Defasagem moderada,1,5.0,True,,,,,,,,,,,,,,
RA-1576,4C,16.0,Feminino,2024,Pública,Ametista,7.4636202380666665,8.334,9.523809523666666,5.635,6.40625,6.666666666666667,7.5,4.5,8.0,8.44,5.0,Fase 5 (1° EM),-1,2024,4,0,Defasagem moderada,1,5.0,True,,,,,,,,,,,,,,
RA-1577,4C,16.0,Masculino,2024,Pública,Ágata,6.305585581933334,10.002,4.993386243333333,7.51,7.34375,4.333333333333333,4.0,7.0,2.0,7.273333333,5.0,Fase 5 (1° EM),-1,2024,4,0,Defasagem moderada,1,5.0,True,,,,,,,,,,,,,,
RA-1578,4F,13.0,Feminino,2024,Pública,Ametista,7.880605848,8.334,6.761695906666667,7.51,7.5,7.333333333333333,6.0,6.0,10.0,8.636,10.0,Fase 3 (7° e 8° ano),1,2024,4,0,Em fase / adiantado,0,10.0,True,,,,,,,,,,,,,,
RA-1579,4F,16.0,Feminino,2022,Pública,Ametista,7.894385710733333,8.751,9.090261886999999,5.635,8.5,7.166666666666667,7.5,6.0,8.0,9.272,5.0,Fase 6 (2° EM),-2,2024,4,2,Defasagem moderada,1,5.0,True,,,,,,,,,,,,,,
RA-158,4,17.0,Menina,2017,Rede Decisão,Ametista,7.302,7.9,9.8,5.6,,6.6,5.0,6.7,8.1,8.125,2.5,Fase 7 (3º EM),-3,2022,4,5,Defasagem severa,1,2.5,True,2023.0,1.0,6.0,9.0,2.52,8.28125,7.545,10.0,7.297425,Ametista,0,-0.5999999999999996,-0.8000000000000007,-0.004574999999999996
RA-158,FASE 5,,Feminino,2017,Privada - Programa de Apadrinhamento,Ametista,7.297425,7.1,9.0,2.52,8.28125,6.0,6.0,5.7,6.3,7.545,10.0,Fase 4 (9° ano),1,2023,5,6,Em fase / adiantado,0,10.0,True,2024.0,0.0,4.0,7.796296296333334,6.26,6.875,6.745,10.0,6.855159259266667,Ágata,0,-2.0,-1.2037037036666662,-0.44226574073333236
RA-158,5M,15.0,Feminino,2021,Privada - Programa de Apadrinhamento,Ágata,6.855159259266667,8.334,7.796296296333334,6.26,6.875,4.0,2.5,1.5,8.0,6.745,10.0,Fase 5 (1° EM),0,2024,5,3,Em fase / adiantado,0,10.0,True,,,,,,,,,,,,,,
RA-1580,4F,16.0,Masculino,2024,Pública,Ametista,7.790523996266667,8.751,9.049953314666666,7.51,7.875,6.166666666666667,5.0,7.5,6.0,9.168,5.0,Fase 5 (1° EM),-1,2024,4,0,Defasagem moderada,1,5.0,True,,,,,,,,,,,,,,
RA-1581,4H,16.0,Masculino,2024,Pública,Ágata,6.9787022855,8.334,7.834844760666667,6.26,7.083333333,6.333333333333333,7.0,4.5,7.5,7.386666667,5.0,Fase 5 (1° EM),-1,2024,4,0,Defasagem moderada,1,5.0,True,,,,,,,,,,,,,,
RA-1582,4H,15.0,Masculino,2024,Pública,Ágata,6.472788888966667,8.334,8.069444444333334,6.255,6.666666667,4.5,7.0,2.0,4.5,6.666666667,5.0,Fase 5 (1° EM),-1,2024,4,0,Defasagem moderada,1,5.0,True,,,,,,,,,,,,,,
RA-1583,4H,15.0,Feminino,2024,Pública,Ametista,7.8197579711000005,7.917,7.753623188333333,6.26,9.166666667,8.166666666666666,8.0,6.5,10.0,9.006666667,5.0,Fase 5 (1° EM),-1,2024,4,0,Defasagem moderada,1,5.0,True,,,,,,,,,,,,,,
RA-1584,4L,15.0,Feminino,2024,Pública,Ametista,7.429837830666667,8.334,9.153439153333332,7.51,7.8125,5.5,6.0,5.5,5.0,8.1675,5.0,Fase 5 (1° EM),-1,2024,4,0,Defasagem moderada,1,5.0,True,,,,,,,,,,,,,,
RA-1585,4L,15.0,Feminino,2024,Pública,Ágata,6.730367016866668,10.002,6.775210084333334,7.51,7.65625,4.0,5.0,3.0,4.0,7.7925,5.0,Fase 5 (1° EM),-1,2024,4,0,Defasagem moderada,1,5.0,True,,,,,,,,,,,,,,
RA-1586,4L,15.0,Feminino,2024,Pública,Ágata,6.555764327466668,10.002,6.128654970666666,5.01,6.875,5.666666666666667,3.5,5.5,8.0,7.54,5.0,Fase 5 (1° EM),-1,2024,4,0,Defasagem moderada,1,5.0,True,,,,,,,,,,,,,,
RA-1587,4L,16.0,Feminino,2024,Pública,Ametista,7.34055,9.168,10.0,7.51,7.8125,3.75,7.5,0.0,,8.2075,5.0,Fase 6 (2° EM),-2,2024,4,0,Defasagem moderada,1,5.0,True,,,,,,,,,,,,,,
RA-1588,4L,14.0,Feminino,2024,Pública,Ametista,7.303823728133333,7.917,8.640618640666666,7.51,7.5,4.0,3.5,4.5,,7.415,10.0,Fase 4 (9° ano),0,2024,4,0,Em fase / adiantado,0,10.0,True,,,,,,,,,,,,,,
RA-1589,4M,15.0,Feminino,2024,Pública,Quartzo,5.260851851866667,0.0,6.259259259333334,7.51,7.5,2.5,3.0,2.0,,7.54,5.0,Fase 5 (1° EM),-1,2024,4,0,Defasagem moderada,1,5.0,True,,,,,,,,,,,,,,
RA-159,4,15.0,Menina,2021,Escola Pública,Ágata,6.49,8.3,8.1,5.6,,4.7,4.3,5.8,3.9,6.458,5.0,Fase 5 (1º EM),-1,2022,4,1,Defasagem moderada,1,5.0,True,2023.0,-2.0,6.3,8.1,2.52,8.125,7.8775,5.0,6.805033333,Ágata,1,1.5999999999999996,0.0,0.3150333329999997
RA-159,FASE 4,16.0,Feminino,2021,Pública,Ágata,6.805033333,7.9,8.1,2.52,8.125,6.3,5.0,6.0,7.8,7.8775,5.0,Fase 6 (2° EM),-2,2023,4,2,Defasagem moderada,1,5.0,True,,,,,,,,,,,,,,
RA-1590,4N,15.0,Feminino,2024,Pública,Topázio,8.1907875086,7.917,8.267770876333332,7.51,10.0,8.666666666666666,8.5,8.0,9.5,8.806,5.0,Fase 5 (1° EM),-1,2024,4,0,Defasagem moderada,1,5.0,True,,,,,,,,,,,,,,
RA-1591,4N,16.0,Feminino,2024,Pública,Ágata,6.1707952862,7.083,6.430976431,7.51,8.125,3.5,3.0,4.5,3.0,7.064,5.0,Fase 6 (2° EM),-2,2024,4,0,Defasagem moderada,1,5.0,True,,,,,,,,,,,,,,
RA-1592,4N,15.0,Feminino,2024,Pública,Ágata,6.812545479666667,7.917,6.854727398333334,7.51,8.125,5.5,4.0,7.5,5.0,7.432,5.0,Fase 5 (1° EM),-1,2024,4,0,Defasagem moderada,1,5.0,True,,,,,,,,,,,,,,
RA-1593,4N,15.0,Masculino,2024,Pública,Ágata,6.638525017333334,6.249,4.868875086666667,6.26,9.0625,6.5,9.0,6.5,4.0,8.538,5.0,Fase 5 (1° EM),-1,2024,4,0,Defasagem moderada,1,5.0,True,,,,,,,,,,,,,,
RA-1594,4N,16.0,Masculino,2024,Pública,Quartzo,5.731267287800001,9.585,6.112836439,6.26,6.25,3.0,1.0,4.0,4.0,5.996,5.0,Fase 6 (2° EM),-2,2024,4,0,Defasagem moderada,1,5.0,True,,,,,,,,,,,,,,
RA-1595,4R,14.0,Masculino,2024,Pública,Ágata,6.6599304233000005,8.334,7.949735449666666,6.26,7.395833333,2.3333333333333335,3.0,0.0,4.0,7.021666667,10.0,Fase 4 (9° ano),0,2024,4,0,Em fase / adiantado,0,10.0,True,,,,,,,,,,,,,,
RA-1596,4R,17.0,Feminino,2024,Pública,Ametista,7.261016666766667,8.751,10.0,7.51,8.229166667,3.3333333333333335,5.0,0.0,5.0,8.226666667,5.0,Fase 6 (2° EM),-2,2024,4,0,Defasagem moderada,1,5.0,True,,,,,,,,,,,,,,
RA-1597,4R,16.0,Feminino,2024,Pública,Ágata,6.7187063492,7.5,8.412698412666666,7.51,8.125,2.8333333333333335,2.0,0.0,6.5,8.28,5.0,Fase 5 (1° EM),-1,2024,4,0,Defasagem moderada,1,5.0,True,,,,,,,,,,,,,,
RA-1598,5B,15.0,Feminino,2024,Pública,Topázio,8.4656285714,9.585,8.857142857,7.51,8.375,7.5,7.5,7.5,,8.236,10.0,Fase 5 (1° EM),0,2024,5,0,Em fase / adiantado,0,10.0,True,,,,,,,,,,,,,,
RA-1599,5B,17.0,Feminino,2024,Pública,Ametista,7.6059333333333345,8.334,9.666666666666666,7.51,7.75,6.5,7.0,6.0,,7.566,5.0,Fase 7 (3° EM),-2,2024,5,0,Defasagem moderada,1,5.0,True,,,,,,,,,,,,,,
RA-16,7,19.0,Menino,2022,Escola Pública,Ágata,6.112,7.9,8.3,5.0,,3.5,7.0,0.0,,6.333,5.0,Fase 8 (Universitários),-1,2022,7,0,Defasagem moderada,1,5.0,True,,,,,,,,,,,,,,
RA-160,4,15.0,Menina,2021,Escola Pública,Ágata,6.746,7.5,7.2,5.6,,5.3,2.7,6.0,7.1,8.25,5.0,Fase 5 (1º EM),-1,2022,4,1,Defasagem moderada,1,5.0,True,2023.0,-1.0,5.0,8.3,2.52,8.125,7.46,5.0,6.598266667,Ágata,1,-0.2999999999999998,1.1000000000000005,-0.14773333300000058
RA-160,FASE 5,16.0,Feminino,2021,Privada - Programa de Apadrinhamento,Ágata,6.598266667,8.8,8.3,2.52,8.125,5.0,3.3,3.8,8.0,7.46,5.0,Fase 6 (2° EM),-1,2023,5,2,Defasagem moderada,1,5.0,True,2024.0,-1.0,5.666666666666667,7.416666666666667,6.26,7.34375,7.723333333,5.0,6.855108333266668,Ágata,1,0.666666666666667,-0.8833333333333337,0.25684166626666816
RA-160,5L,17.0,Feminino,2021,Privada - Programa de Apadrinhamento,Ágata,6.855108333266668,8.334,7.416666666666667,6.26,7.34375,5.666666666666667,3.0,5.5,8.5,7.723333333,5.0,Fase 6 (2° EM),-1,2024,5,3,Defasagem moderada,1,5.0,True,,,,,,,,,,,,,,
RA-1600,5B,17.0,Feminino,2024,Pública,Ágata,6.750618518533334,8.751,8.425925926,6.26,7.25,5.666666666666667,5.0,2.0,10.0,6.03,5.0,Fase 7 (3° EM),-2,2024,5,0,Defasagem moderada,1,5.0,True,,,,,,,,,,,,,,
RA-1601,5C,17.0,Feminino,2024,Pública,Ametista,7.2431,8.751,7.0,7.51,7.5,6.5,5.0,5.0,9.5,8.335,5.0,Fase 6 (2° EM),-1,2024,5,0,Defasagem moderada,1,5.0,True,,,,,,,,,,,,,,
RA-1602,5C,15.0,Feminino,2024,Pública,Topázio,8.041889814800001,7.917,8.782407407333332,7.51,7.34375,7.166666666666667,9.5,2.0,10.0,7.875,10.0,Fase 5 (1° EM),0,2024,5,0,Em fase / adiantado,0,10.0,True,,,,,,,,,,,,,,
RA-1603,5C,16.0,Feminino,2024,Pública,Ametista,7.836518518466668,7.5,9.259259258999998,7.51,7.5,8.333333333333334,8.5,7.0,9.5,7.835,5.0,Fase 6 (2° EM),-1,2024,5,0,Defasagem moderada,1,5.0,True,,,,,,,,,,,,,,
RA-1604,5C,16.0,Masculino,2024,Pública,Topázio,8.0118555556,9.168,7.777777778,7.51,8.125,8.5,10.0,5.5,10.0,8.88,5.0,Fase 6 (2° EM),-1,2024,5,0,Defasagem moderada,1,5.0,True,,,,,,,,,,,,,,
RA-1605,5D,16.0,Masculino,2024,Pública,Quartzo,4.920488888866667,0.0,5.0694444443333335,7.51,7.5,2.5,0.0,7.5,0.0,7.028,5.0,Fase 6 (2° EM),-1,2024,5,0,Defasagem moderada,1,5.0,True,,,,,,,,,,,,,,
RA-1606,5D,17.0,Feminino,2024,Pública,Quartzo,5.8216796296,8.334,5.148148148,7.51,7.8125,2.5,7.5,0.0,0.0,7.132,5.0,Fase 7 (3° EM),-2,2024,5,0,Defasagem moderada,1,5.0,True,,,,,,,,,,,,,,
RA-1607,5D,16.0,Masculino,2024,Pública,Quartzo,4.899894444466667,5.833,6.222222222333333,5.635,6.5625,0.0,,0.0,0.0,6.762,5.0,Fase 6 (2° EM),-1,2024,5,0,Defasagem moderada,1,5.0,True,,,,,,,,,,,,,,
RA-1608,5D,15.0,Masculino,2024,Pública,Ametista,7.072539814866667,8.751,7.199074074333335,7.51,6.40625,5.0,8.5,3.5,3.0,6.83,10.0,Fase 5 (1° EM),0,2024,5,0,Em fase / adiantado,0,10.0,True,,,,,,,,,,,,,,
RA-1609,5F,17.0,Feminino,2024,Pública,Ametista,7.577233333233334,8.334,9.666666666666666,7.51,7.708333333,6.0,6.0,4.0,8.0,7.943333333,5.0,Fase 7 (3° EM),-2,2024,5,0,Defasagem moderada,1,5.0,True,,,,,,,,,,,,,,
RA-161,4,11.0,Menina,2018,Rede Decisão,Ametista,7.957,7.9,9.1,5.6,,6.9,5.3,6.8,8.5,8.083,10.0,Fase 2 (5º e 6º ano),2,2022,4,4,Em fase / adiantado,0,10.0,True,2023.0,1.0,5.8,7.3,2.52,8.125,7.795,10.0,6.250166667,Ágata,0,-1.1000000000000005,-1.7999999999999998,-1.7068333329999996
RA-161,FASE 5,14.0,Feminino,2018,Privada - Programa de Apadrinhamento,Ágata,6.250166667,0.0,7.3,2.52,8.125,5.8,7.0,4.5,6.0,7.795,10.0,Fase 4 (9° ano),1,2023,5,5,Em fase / adiantado,0,10.0,True,2024.0,0.0,4.0,7.965686274666666,6.26,7.96875,7.836666667,10.0,7.258445588333334,Ametista,0,-1.7999999999999998,0.6656862746666663,1.0082789213333339
RA-161,5L,15.0,Feminino,2021,Privada - Programa de Apadrinhamento,Ametista,7.258445588333334,8.751,7.965686274666666,6.26,7.96875,4.0,5.0,7.0,0.0,7.836666667,10.0,Fase 5 (1° EM),0,2024,5,3,Em fase / adiantado,0,10.0,True,,,,,,,,,,,,,,
RA-1610,5F,17.0,Masculino,2024,Pública,Ágata,6.7023729275666675,9.168,7.753697970666667,7.51,7.291666667,5.166666666666667,4.0,2.0,9.5,6.106666667,5.0,Fase 7 (3° EM),-2,2024,5,0,Defasagem moderada,1,5.0,True,,,,,,,,,,,,,,
RA-1611,5F,17.0,Masculino,2024,Pública,Ágata,6.4589186218000005,7.083,8.361426442,7.51,7.5,4.5,2.0,2.5,9.0,5.886666667,5.0,Fase 7 (3° EM),-2,2024,5,0,Defasagem moderada,1,5.0,True,,,,,,,,,,,,,,
RA-1612,5F,18.0,Masculino,2024,Pública,Ametista,7.014528571366666,6.666,8.523809523666666,7.51,7.708333333,6.166666666666667,5.0,6.5,7.0,6.94,5.0,Fase 7 (3° EM),-2,2024,5,0,Defasagem moderada,1,5.0,True,,,,,,,,,,,,,,
RA-1613,5G,17.0,Feminino,2024,Pública,Ágata,6.085471428700001,8.334,7.1428571430000005,7.51,7.291666667,3.0,0.0,1.0,8.0,6.216666667,5.0,Fase 7 (3° EM),-2,2024,5,0,Defasagem moderada,1,5.0,True,,,,,,,,,,,,,,
RA-1614,5L,16.0,Masculino,2024,Pública,Ágata,6.787898989933334,7.5,6.574494949666668,7.51,7.5,6.5,5.0,5.5,9.0,7.11,5.0,Fase 6 (2° EM),-1,2024,5,0,Defasagem moderada,1,5.0,True,,,,,,,,,,,,,,
RA-1615,5M,15.0,Feminino,2024,Pública,Topázio,8.417533333333333,7.917,9.833333333333334,7.51,7.5,8.333333333333334,8.0,7.0,10.0,7.4575,10.0,Fase 5 (1° EM),0,2024,5,0,Em fase / adiantado,0,10.0,True,,,,,,,,,,,,,,
RA-1616,5M,17.0,Feminino,2024,Pública,Ametista,7.147738235266668,8.334,8.436274509666667,7.51,7.1875,6.166666666666667,5.5,6.5,6.5,7.12,5.0,Fase 6 (2° EM),-1,2024,5,0,Defasagem moderada,1,5.0,True,,,,,,,,,,,,,,
RA-1617,5M,16.0,Feminino,2024,Pública,Quartzo,4.926285714266666,0.0,5.571428571333333,7.51,6.875,3.25,0.5,6.0,,6.1175,5.0,Fase 6 (2° EM),-1,2024,5,0,Defasagem moderada,1,5.0,True,,,,,,,,,,,,,,
RA-1618,5M,17.0,Masculino,2024,Pública,Ametista,7.0487660130666665,8.334,7.908496732000001,7.51,7.5,6.333333333333333,5.0,7.0,7.0,6.83,5.0,Fase 6 (2° EM),-1,2024,5,0,Defasagem moderada,1,5.0,True,,,,,,,,,,,,,,
RA-1619,5M,15.0,Masculino,2024,Pública,Ametista,7.393951851866667,7.501,9.259259259333334,7.51,7.5,4.25,4.0,4.5,,7.205,10.0,Fase 4 (9° ano),1,2024,5,0,Em fase / adiantado,0,10.0,True,,,,,,,,,,,,,,
RA-162,4,14.0,Menina,2021,Escola Pública,Ametista,7.215,6.7,8.5,7.5,,5.5,4.7,5.5,6.4,6.542,10.0,Fase 4 (9º ano),0,2022,4,1,Em fase / adiantado,0,10.0,True,,,,,,,,,,,,,,
RA-1620,5N,16.0,Masculino,2024,Pública,Ágata,6.652766666666667,8.751,6.666666666666667,7.51,7.5,5.166666666666667,5.5,7.0,3.0,7.05,5.0,Fase 6 (2° EM),-1,2024,5,0,Defasagem moderada,1,5.0,True,,,,,,,,,,,,,,
RA-1621,5N,17.0,Feminino,2024,Pública,Topázio,8.107033333366667,7.917,10.0,6.26,8.333333333,8.333333333333334,7.5,7.5,10.0,8.446666667,5.0,Fase 6 (2° EM),-1,2024,5,0,Defasagem moderada,1,5.0,True,,,,,,,,,,,,,,
RA-1622,5N,16.0,Feminino,2024,Pública,Topázio,8.429066666633334,8.334,10.0,7.51,8.333333333,9.666666666666666,10.0,9.0,10.0,7.89,5.0,Fase 6 (2° EM),-1,2024,5,0,Defasagem moderada,1,5.0,True,,,,,,,,,,,,,,
RA-1623,6A,17.0,Masculino,2024,Pública,Ametista,7.7609537037333345,9.168,8.518518518666667,6.26,7.8125,6.0,5.5,2.5,10.0,7.666,10.0,Fase 6 (2° EM),0,2024,6,0,Em fase / adiantado,0,10.0,True,,,,,,,,,,,,,,
RA-1624,6A,18.0,Feminino,2024,Concluiu o 3º EM,Ametista,7.743213492066667,7.917,9.460317460333334,7.51,7.8125,7.5,8.0,5.5,9.0,7.636,5.0,Fase 7 (3° EM),-1,2024,6,0,Defasagem moderada,1,5.0,True,,,,,,,,,,,,,,
RA-1625,6A,17.0,Masculino,2024,Pública,Ágata,6.888194089266667,7.5,7.112887113,7.51,7.1875,4.333333333333333,3.0,2.0,8.0,6.896,10.0,Fase 6 (2° EM),0,2024,6,0,Em fase / adiantado,0,10.0,True,,,,,,,,,,,,,,
RA-1626,6A,16.0,Feminino,2024,Pública,Topázio,8.541085606066668,8.751,9.696969697,7.51,8.28125,7.333333333333333,5.5,6.5,10.0,8.404,10.0,Fase 6 (2° EM),0,2024,6,0,Em fase / adiantado,0,10.0,True,,,,,,,,,,,,,,
RA-1627,6A,17.0,Feminino,2024,Pública,Ametista,7.481547222200001,7.083,7.777777777666667,7.51,7.65625,7.833333333333333,6.0,7.5,10.0,8.172,5.0,Fase 7 (3° EM),-1,2024,6,0,Defasagem moderada,1,5.0,True,,,,,,,,,,,,,,
RA-1628,6A,16.0,Feminino,2024,Pública,Ametista,7.500131368600001,8.334,8.509823509666667,7.51,6.875,5.833333333333333,3.0,5.0,9.5,6.798,10.0,Fase 6 (2° EM),0,2024,6,0,Em fase / adiantado,0,10.0,True,,,,,,,,,,,,,,
RA-1629,6A,17.0,Feminino,2024,Pública,Ametista,7.560550529133334,9.585,8.645502645666667,7.51,7.1875,7.25,8.75,3.0,10.0,7.266,5.0,Fase 7 (3° EM),-1,2024,6,0,Defasagem moderada,1,5.0,True,,,,,,,,,,,,,,
RA-163,4,15.0,Menina,2021,Escola Pública,Ágata,6.797,8.8,7.9,5.6,,6.7,6.5,6.3,7.4,6.5,5.0,Fase 5 (1º EM),-1,2022,4,1,Defasagem moderada,1,5.0,True,,,,,,,,,,,,,,
RA-1630,6L,16.0,Masculino,2024,Privada - Programa de Apadrinhamento,Topázio,8.583133333333334,8.334,9.833333333333334,7.51,8.25,7.333333333333333,9.0,9.0,4.0,8.702,10.0,Fase 6 (2° EM),0,2024,6,0,Em fase / adiantado,0,10.0,True,,,,,,,,,,,,,,
RA-1631,6L,17.0,Masculino,2024,Privada,Topázio,8.186433333333333,9.585,10.0,7.51,8.5,7.166666666666667,5.0,6.5,10.0,8.468,5.0,Fase 7 (3° EM),-1,2024,6,0,Defasagem moderada,1,5.0,True,,,,,,,,,,,,,,
RA-1632,6L,16.0,Masculino,2024,Pública,Topázio,8.389333333333335,9.168,10.0,7.51,7.75,6.666666666666667,9.0,6.0,5.0,8.066,10.0,Fase 6 (2° EM),0,2024,6,0,Em fase / adiantado,0,10.0,True,,,,,,,,,,,,,,
RA-1633,8B,21.0,Masculino,2021,Privada,,,,0.0,,,,,,,,10.0,Fase 8 (Universitários),0,2024,8,3,Em fase / adiantado,0,10.0,True,,,,,,,,,,,,,,
RA-1634,8B,21.0,Feminino,2021,Privada,,,,0.0,,,,,,,,10.0,Fase 8 (Universitários),0,2024,8,3,Em fase / adiantado,0,10.0,True,,,,,,,,,,,,,,
RA-1635,8D,20.0,Feminino,2021,Privada,,,,0.0,,,,,,,,10.0,Fase 8 (Universitários),0,2024,8,3,Em fase / adiantado,0,10.0,True,,,,,,,,,,,,,,
RA-1636,8E,20.0,Feminino,2021,Privada,,,,0.0,,,,,,,,10.0,Fase 8 (Universitários),0,2024,8,3,Em fase / adiantado,0,10.0,True,,,,,,,,,,,,,,
RA-1637,9,23.0,Masculino,2021,Privada,,,,0.0,,,,,,,,10.0,Fase 8 (Universitários),1,2024,9,3,Em fase / adiantado,0,10.0,True,,,,,,,,,,,,,,
RA-1638,9,22.0,Feminino,2021,Bolsista Universitário *Formado (a),,,,0.0,,,,,,,,10.0,Fase 8 (Universitários),1,2024,9,3,Em fase / adiantado,0,10.0,True,,,,,,,,,,,,,,
RA-1639,9,21.0,Masculino,2021,Bolsista Universitário *Formado (a),,,,0.0,,,,,,,,10.0,Fase 8 (Universitários),1,2024,9,3,Em fase / adiantado,0,10.0,True,,,,,,,,,,,,,,
RA-164,4,16.0,Menino,2018,Escola Pública,Ágata,6.776,8.3,7.3,5.6,,6.5,4.7,6.5,8.3,7.208,5.0,Fase 6 (2º EM),-2,2022,4,4,Defasagem moderada,1,5.0,True,2023.0,-1.0,5.8,8.2,2.52,6.875,6.9625,5.0,5.638666667,Quartzo,1,-0.7000000000000002,0.8999999999999995,-1.137333333
RA-164,FASE 5,16.0,Masculino,2018,Privada,Quartzo,5.638666667,0.0,8.2,2.52,6.875,5.8,6.0,4.2,7.3,6.9625,5.0,Fase 6 (2° EM),-1,2023,5,5,Defasagem moderada,1,5.0,True,2024.0,-2.0,5.666666666666667,8.084795321666666,6.26,6.25,6.886666667,5.0,6.837125731066667,Ágata,1,-0.13333333333333286,-0.11520467833333292,1.1984590640666672
RA-164,5L,17.0,Masculino,2021,Privada,Ágata,6.837125731066667,9.585,8.084795321666666,6.26,6.25,5.666666666666667,6.0,2.0,9.0,6.886666667,5.0,Fase 7 (3° EM),-2,2024,5,3,Defasagem moderada,1,5.0,True,,,,,,,,,,,,,,
RA-1640,9,23.0,Feminino,2021,Privada,,,,0.0,,,,,,,,10.0,Fase 8 (Universitários),1,2024,9,3,Em fase / adiantado,0,10.0,True,,,,,,,,,,,,,,
RA-1641,9,21.0,Masculino,2021,Privada,,,,0.0,,,,,,,,10.0,Fase 8 (Universitários),1,2024,9,3,Em fase / adiantado,0,10.0,True,,,,,,,,,,,,,,
RA-1642,9,23.0,Masculino,2021,Bolsista Universitário *Formado (a),,,,0.0,,,,,,,,10.0,Fase 8 (Universitários),1,2024,9,3,Em fase / adiantado,0,10.0,True,,,,,,,,,,,,,,
RA-1643,9,22.0,Masculino,2021,Privada,,,,0.0,,,,,,,,10.0,Fase 8 (Universitários),1,2024,9,3,Em fase / adiantado,0,10.0,True,,,,,,,,,,,,,,
RA-1644,9,21.0,Masculino,2021,Bolsista Universitário *Formado (a),,,,0.0,,,,,,,,10.0,Fase 8 (Universitários),1,2024,9,3,Em fase / adiantado,0,10.0,True,,,,,,,,,,,,,,
RA-1645,9,23.0,Masculino,2021,Privada,,,,0.0,,,,,,,,10.0,Fase 8 (Universitários),1,2024,9,3,Em fase / adiantado,0,10.0,True,,,,,,,,,,,,,,
RA-1646,9,21.0,Masculino,2021,Bolsista Universitário *Formado (a),,,,0.0,,,,,,,,10.0,Fase 8 (Universitários),1,2024,9,3,Em fase / adiantado,0,10.0,True,,,,,,,,,,,,,,
RA-1647,9,22.0,Feminino,2021,Privada,,,,0.0,,,,,,,,10.0,Fase 8 (Universitários),1,2024,9,3,Em fase / adiantado,0,10.0,True,,,,,,,,,,,,,,
RA-1648,9,22.0,Masculino,2021,Bolsista Universitário *Formado (a),,,,0.0,,,,,,,,10.0,Fase 8 (Universitários),1,2024,9,3,Em fase / adiantado,0,10.0,True,,,,,,,,,,,,,,
RA-1649,9,23.0,Masculino,2021,Privada,,,,0.0,,,,,,,,10.0,Fase 8 (Universitários),1,2024,9,3,Em fase / adiantado,0,10.0,True,,,,,,,,,,,,,,
RA-165,4,14.0,Menina,2017,Rede Decisão,Topázio,8.063,7.1,9.8,5.6,,7.6,5.3,7.8,9.7,7.5,10.0,Fase 4 (9º ano),0,2022,4,5,Em fase / adiantado,0,10.0,True,2023.0,0.0,7.3,9.2,2.52,8.125,7.795,10.0,7.583433333,Ametista,0,-0.2999999999999998,-0.6000000000000014,-0.4795666670000003
RA-165,FASE 5,,Feminino,2017,Privada - Programa de Apadrinhamento,Ametista,7.583433333,6.7,9.2,2.52,8.125,7.3,7.3,6.2,8.3,7.795,10.0,Fase 5 (1° EM),0,2023,5,6,Em fase / adiantado,0,10.0,True,2024.0,0.0,8.5,9.431042884999998,7.51,7.96875,7.893333333,10.0,8.4627502436,Topázio,0,1.2000000000000002,0.23104288499999903,0.8793169106000001
RA-165,5L,16.0,Feminino,2021,Privada - Programa de Apadrinhamento,Topázio,8.4627502436,7.5,9.431042884999998,7.51,7.96875,8.5,10.0,7.5,8.0,7.893333333,10.0,Fase 5 (1° EM),0,2024,5,3,Em fase / adiantado,0,10.0,True,,,,,,,,,,,,,,
RA-1650,9,22.0,Masculino,2021,Privada,,,,0.0,,,,,,,,10.0,Fase 8 (Universitários),1,2024,9,3,Em fase / adiantado,0,10.0,True,,,,,,,,,,,,,,
RA-1651,9,22.0,Masculino,2021,Bolsista Universitário *Formado (a),,,,0.0,,,,,,,,10.0,Fase 8 (Universitários),1,2024,9,3,Em fase / adiantado,0,10.0,True,,,,,,,,,,,,,,
RA-1652,9,22.0,Feminino,2021,Privada,,,,0.0,,,,,,,,10.0,Fase 8 (Universitários),1,2024,9,3,Em fase / adiantado,0,10.0,True,,,,,,,,,,,,,,
RA-1653,9,20.0,Masculino,2021,Bolsista Universitário *Formado (a),,,,0.0,,,,,,,,10.0,Fase 8 (Universitários),1,2024,9,3,Em fase / adiantado,0,10.0,True,,,,,,,,,,,,,,
RA-1654,9,22.0,Masculino,2021,Bolsista Universitário *Formado (a),,,,0.0,,,,,,,,10.0,Fase 8 (Universitários),1,2024,9,3,Em fase / adiantado,0,10.0,True,,,,,,,,,,,,,,
RA-1655,9,21.0,Feminino,2022,Privada,,,,0.0,,,,,,,,10.0,Fase 8 (Universitários),1,2024,9,2,Em fase / adiantado,0,10.0,True,,,,,,,,,,,,,,
RA-1656,9,22.0,Masculino,2021,Privada,,,,0.0,,,,,,,,10.0,Fase 8 (Universitários),1,2024,9,3,Em fase / adiantado,0,10.0,True,,,,,,,,,,,,,,
RA-1657,9,20.0,Masculino,2021,Bolsista Universitário *Formado (a),,,,0.0,,,,,,,,10.0,Fase 8 (Universitários),1,2024,9,3,Em fase / adiantado,0,10.0,True,,,,,,,,,,,,,,
RA-1658,9,21.0,Masculino,2021,Privada,,,,0.0,,,,,,,,10.0,Fase 8 (Universitários),1,2024,9,3,Em fase / adiantado,0,10.0,True,,,,,,,,,,,,,,
RA-1659,9,21.0,Masculino,2021,Bolsista Universitário *Formado (a),,,,0.0,,,,,,,,10.0,Fase 8 (Universitários),1,2024,9,3,Em fase / adiantado,0,10.0,True,,,,,,,,,,,,,,
RA-166,4,14.0,Menino,2020,Escola Pública,Topázio,8.253,9.2,9.0,6.3,,8.1,7.0,7.2,10.0,7.542,10.0,Fase 4 (9º ano),0,2022,4,2,Em fase / adiantado,0,10.0,True,2023.0,0.0,8.1,8.9,6.26,8.4375,7.4625,10.0,8.105583333,Topázio,0,0.0,-0.09999999999999964,-0.1474166669999999
RA-166,FASE 5,,Masculino,2020,Privada - Programa de Apadrinhamento,Topázio,8.105583333,7.5,8.9,6.26,8.4375,8.1,7.0,7.2,10.0,7.4625,10.0,Fase 5 (1° EM),0,2023,5,3,Em fase / adiantado,0,10.0,True,2024.0,1.0,8.266666666666667,9.246,6.5725,7.5,7.5,10.0,8.243183333333334,Topázio,0,0.16666666666666785,0.3460000000000001,0.1376000003333342
RA-166,7E,16.0,Masculino,2021,Privada *Parcerias com Bolsa 100%,Topázio,8.243183333333334,8.334,9.246,6.5725,7.5,8.266666666666667,8.2,7.8,8.8,7.5,10.0,Fase 6 (2° EM),1,2024,7,3,Em fase / adiantado,0,10.0,True,,,,,,,,,,,,,,
RA-1660,9,24.0,Feminino,2021,Bolsista Universitário *Formado (a),,,,0.0,,,,,,,,10.0,Fase 8 (Universitários),1,2024,9,3,Em fase / adiantado,0,10.0,True,,,,,,,,,,,,,,
RA-1661,9,21.0,Feminino,2021,Bolsista Universitário *Formado (a),,,,0.0,,,,,,,,10.0,Fase 8 (Universitários),1,2024,9,3,Em fase / adiantado,0,10.0,True,,,,,,,,,,,,,,
RA-167,4,16.0,Menina,2018,Rede Decisão,Ametista,7.798,9.2,9.7,5.6,,7.9,9.3,8.0,6.3,7.833,5.0,Fase 6 (2º EM),-2,2022,4,4,Defasagem moderada,1,5.0,True,2023.0,-2.0,7.9,9.9,5.0,7.96875,7.8375,5.0,7.806141667,Ametista,1,0.0,0.20000000000000107,0.008141667000000297
RA-167,FASE 5,,Feminino,2018,Privada - Programa de Apadrinhamento,Ametista,7.806141667,8.8,9.9,5.0,7.96875,7.9,8.3,7.2,8.3,7.8375,5.0,Fase 7 (3° EM),-2,2023,5,5,Defasagem moderada,1,5.0,True,2024.0,-1.0,8.166666666666666,9.473684210666667,6.26,8.375,8.334,5.0,8.033470175466666,Topázio,1,0.2666666666666657,-0.4263157893333336,0.22732850846666608
RA-167,6L,18.0,Feminino,2021,Privada - Programa de Apadrinhamento,Topázio,8.033470175466666,8.751,9.473684210666667,6.26,8.375,8.166666666666666,8.0,6.5,10.0,8.334,5.0,Fase 7 (3° EM),-1,2024,6,3,Defasagem moderada,1,5.0,True,,,,,,,,,,,,,,
RA-168,4,15.0,Menina,2018,Rede Decisão,Ágata,6.917,7.9,8.3,6.3,,5.9,4.7,8.2,5.0,7.083,5.0,Fase 5 (1º EM),-1,2022,4,4,Defasagem moderada,1,5.0,True,2023.0,0.0,4.7,9.6,6.89,6.5625,6.4225,10.0,6.483083333,Ágata,0,-1.2000000000000002,1.299999999999999,-0.4339166670000001
RA-168,FASE 5,15.0,Feminino,2018,Privada - Programa de Apadrinhamento,Ágata,6.483083333,0.0,9.6,6.89,6.5625,4.7,4.3,3.0,6.7,6.4225,10.0,Fase 5 (1° EM),0,2023,5,5,Em fase / adiantado,0,10.0,True,,,,,,,,,,,,,,
RA-169,4,15.0,Menina,2018,Escola Pública,Quartzo,5.159,7.5,5.1,6.3,,3.2,1.3,4.5,3.8,4.792,5.0,Fase 5 (1º EM),-1,2022,4,4,Defasagem moderada,1,5.0,True,,,,,,,,,,,,,,
RA-17,7,20.0,Menino,2022,Escola Pública,Topázio,8.068,8.8,10.0,7.5,,7.8,9.0,6.5,,8.292,5.0,Fase 8 (Universitários),-1,2022,7,0,Defasagem moderada,1,5.0,True,2023.0,0.0,,,,,,10.0,,,0,,,
RA-17,FASE 8,,Masculino,2022,Privada - Pagamento por *Empresa Parceira,,,,,,,,,,,,10.0,Fase 8 (Universitários),0,2023,8,1,Em fase / adiantado,0,10.0,True,2024.0,0.0,,0.0,,,,10.0,,,0,,,
RA-17,8E,22.0,Masculino,2022,Privada - Pagamento por *Empresa Parceira,,,,0.0,,,,,,,,10.0,Fase 8 (Universitários),0,2024,8,2,Em fase / adiantado,0,10.0,True,,,,,,,,,,,,,,
RA-170,4,14.0,Menina,2018,Rede Decisão,Ágata,7.007,8.3,9.2,5.6,,4.9,3.7,6.7,4.3,5.792,10.0,Fase 4 (9º ano),0,2022,4,4,Em fase / adiantado,0,10.0,True,2023.0,-2.0,7.2,8.9,2.52,6.875,7.6725,5.0,7.062433333,Ametista,1,2.3,-0.29999999999999893,0.05543333300000075
RA-170,FASE 3,15.0,Feminino,2018,Privada - Programa de Apadrinhamento,Ametista,7.062433333,8.8,8.9,2.52,6.875,7.2,6.3,8.7,6.5,7.6725,5.0,Fase 5 (1° EM),-2,2023,3,5,Defasagem moderada,1,5.0,True,2024.0,-1.0,8.0,8.5,5.635,7.604166667,8.028333333,5.0,7.646383333300001,Ametista,1,0.7999999999999998,-0.40000000000000036,0.5839500003000007
RA-170,4R,16.0,Feminino,2021,Privada - Programa de Apadrinhamento,Ametista,7.646383333300001,9.168,8.5,5.635,7.604166667,8.0,10.0,6.5,7.5,8.028333333,5.0,Fase 5 (1° EM),-1,2024,4,3,Defasagem moderada,1,5.0,True,,,,,,,,,,,,,,
RA-171,4,16.0,Menino,2022,Escola Pública,Ágata,6.581,7.5,6.8,7.5,,5.5,3.0,8.0,,6.875,5.0,Fase 6 (2º EM),-2,2022,4,0,Defasagem moderada,1,5.0,True,2023.0,-2.0,5.2,7.2,5.0,7.1875,6.755,5.0,6.293083333,Ágata,1,-0.2999999999999998,0.40000000000000036,-0.2879166670000002
RA-171,FASE 5,17.0,Masculino,2022,Pública,Ágata,6.293083333,7.5,7.2,5.0,7.1875,5.2,4.5,4.8,6.2,6.755,5.0,Fase 7 (3° EM),-2,2023,5,1,Defasagem moderada,1,5.0,True,2024.0,-1.0,8.333333333333334,7.833333333333333,5.635,7.625,7.598,5.0,7.3289333333333335,Ametista,1,3.1333333333333337,0.6333333333333329,1.0358500003333333
RA-171,6L,18.0,Masculino,2022,Pública,Ametista,7.3289333333333335,7.5,7.833333333333333,5.635,7.625,8.333333333333334,7.0,8.0,10.0,7.598,5.0,Fase 7 (3° EM),-1,2024,6,2,Defasagem moderada,1,5.0,True,,,,,,,,,,,,,,
RA-172,4,14.0,Menina,2018,Rede Decisão,Topázio,8.673,9.2,8.9,9.4,,7.3,6.0,7.7,8.1,8.917,10.0,Fase 4 (9º ano),0,2022,4,4,Em fase / adiantado,0,10.0,True,2023.0,2.0,,,3.77,,,10.0,,,0,,,
RA-172,FASE 7,15.0,Feminino,2018,Privada - Programa de Apadrinhamento,,,0.0,,3.77,,,,,,,10.0,Fase 5 (1° EM),2,2023,7,5,Em fase / adiantado,0,10.0,True,2024.0,1.0,6.933333333333334,9.8,6.57,7.5,7.5,10.0,8.128766666666667,Topázio,0,,,
RA-172,7E,16.0,Feminino,2021,Privada - Programa de Apadrinhamento,Topázio,8.128766666666667,8.751,9.8,6.57,7.5,6.933333333333334,6.7,7.7,6.4,7.5,10.0,Fase 6 (2° EM),1,2024,7,3,Em fase / adiantado,0,10.0,True,,,,,,,,,,,,,,
RA-173,4,17.0,Menino,2019,Rede Decisão,Ametista,7.816,8.3,9.2,6.9,,7.9,9.0,7.5,7.1,9.25,2.5,Fase 7 (3º EM),-3,2022,4,3,Defasagem severa,1,2.5,True,2023.0,-2.0,8.1,8.5,6.26,8.125,7.8775,5.0,7.757466667,Ametista,1,0.1999999999999993,-0.6999999999999993,-0.05853333299999974
RA-173,FASE 5,17.0,Masculino,2019,Privada - Programa de Apadrinhamento,Ametista,7.757466667,9.2,8.5,6.26,8.125,8.1,9.0,6.2,9.2,7.8775,5.0,Fase 7 (3° EM),-2,2023,5,4,Defasagem moderada,1,5.0,True,2024.0,0.0,,0.0,,,,10.0,,,0,,-8.5,
RA-173,8F,18.0,Masculino,2021,Privada *Parcerias com Bolsa 100%,,,,0.0,,,,,,,,10.0,Fase 8 (Universitários),0,2024,8,3,Em fase / adiantado,0,10.0,True,,,,,,,,,,,,,,
RA-174,4,15.0,Menina,2019,Escola Pública,Ágata,6.075,7.9,6.2,7.5,,4.4,4.0,5.3,3.8,6.042,5.0,Fase 5 (1º EM),-1,2022,4,3,Defasagem moderada,1,5.0,True,2023.0,-2.0,5.1,5.6,5.0,7.5,7.2125,5.0,6.1242,Ágata,1,0.6999999999999993,-0.6000000000000005,0.04919999999999991
RA-174,FASE 4,16.0,Feminino,2019,Pública,Ágata,6.1242,7.9,5.6,5.0,7.5,5.1,3.7,7.3,4.3,7.2125,5.0,Fase 6 (2° EM),-2,2023,4,4,Defasagem moderada,1,5.0,True,,,,,,,,,,,,,,
RA-175,4,15.0,Menina,2018,Rede Decisão,Ágata,6.75,8.3,9.2,5.6,,5.9,4.7,7.2,5.9,5.833,5.0,Fase 5 (1º EM),-1,2022,4,4,Defasagem moderada,1,5.0,True,2023.0,-1.0,4.8,9.2,2.52,7.1875,7.085,5.0,6.569516667,Ágata,1,-1.1000000000000005,0.0,-0.18048333299999975
RA-175,FASE 5,,Feminino,2018,Privada - Programa de Apadrinhamento,Ágata,6.569516667,8.8,9.2,2.52,7.1875,4.8,5.0,5.0,4.5,7.085,5.0,Fase 6 (2° EM),-1,2023,5,5,Defasagem moderada,1,5.0,True,2024.0,-1.0,8.5,9.473684210666667,6.26,7.5,7.766,5.0,8.024136842133334,Topázio,1,3.7,0.2736842106666675,1.4546201751333339
RA-175,6L,17.0,Feminino,2021,Privada - Programa de Apadrinhamento,Topázio,8.024136842133334,10.002,9.473684210666667,6.26,7.5,8.5,9.5,6.5,9.5,7.766,5.0,Fase 7 (3° EM),-1,2024,6,3,Defasagem moderada,1,5.0,True,,,,,,,,,,,,,,
RA-176,3,13.0,Menina,2018,Rede Decisão,Topázio,8.427,9.6,9.1,5.6,,6.9,5.1,6.8,8.7,9.083,10.0,Fase 3 (7º e 8º ano),0,2022,3,4,Em fase / adiantado,0,10.0,True,2023.0,0.0,8.0,9.5,2.52,8.125,9.0025,10.0,8.316833333,Topázio,0,1.0999999999999996,0.40000000000000036,-0.11016666699999966
RA-176,FASE 4,14.0,Feminino,2018,Privada - Programa de Apadrinhamento,Topázio,8.316833333,9.6,9.5,2.52,8.125,8.0,7.3,7.3,9.3,9.0025,10.0,Fase 4 (9° ano),0,2023,4,5,Em fase / adiantado,0,10.0,True,2024.0,1.0,8.833333333333334,9.545454545333333,6.26,8.59375,8.545,10.0,8.828632575733334,Topázio,0,0.8333333333333339,0.045454545333333485,0.5117992427333338
RA-176,5C,15.0,Feminino,2021,Privada - Programa de Apadrinhamento,Topázio,8.828632575733334,9.585,9.545454545333333,6.26,8.59375,8.833333333333334,9.0,8.0,9.5,8.545,10.0,Fase 4 (9° ano),1,2024,5,3,Em fase / adiantado,0,10.0,True,,,,,,,,,,,,,,
RA-177,3,13.0,Menina,2022,Escola Pública,Ametista,7.424,7.9,8.8,4.4,,6.8,6.0,7.5,,6.958,10.0,Fase 3 (7º e 8º ano),0,2022,3,0,Em fase / adiantado,0,10.0,True,,,,,,,,,,,,,,
RA-178,3,13.0,Menina,2016,Rede Decisão,Ágata,7.025,0.0,8.8,4.4,,6.3,6.2,5.3,7.3,8.458,10.0,Fase 3 (7º e 8º ano),0,2022,3,6,Em fase / adiantado,0,10.0,True,2023.0,0.0,5.9,8.7,2.52,7.65625,8.42,10.0,7.406658333,Ametista,0,-0.39999999999999947,-0.10000000000000142,0.38165833299999985
RA-178,FASE 4,,Feminino,2016,Privada - Programa de Apadrinhamento,Ametista,7.406658333,7.9,8.7,2.52,7.65625,5.9,6.3,5.8,5.5,8.42,10.0,Fase 4 (9° ano),0,2023,4,7,Em fase / adiantado,0,10.0,True,2024.0,0.0,4.166666666666667,8.739177489333334,6.26,7.625,6.53,10.0,7.234168831200001,Ametista,0,-1.7333333333333334,0.0391774893333352,-0.17248950179999945
RA-178,5A,16.0,Feminino,2021,Privada - Programa de Apadrinhamento,Ametista,7.234168831200001,9.585,8.739177489333334,6.26,7.625,4.166666666666667,2.5,2.5,7.5,6.53,10.0,Fase 5 (1° EM),0,2024,5,3,Em fase / adiantado,0,10.0,True,,,,,,,,,,,,,,
RA-179,3,12.0,Menino,2022,Escola Pública,Ametista,7.993,7.5,9.2,7.5,,6.1,3.7,6.7,8.0,8.042,10.0,Fase 3 (7º e 8º ano),0,2022,3,0,Em fase / adiantado,0,10.0,True,2023.0,0.0,6.4,9.4,7.52,8.59375,8.9225,10.0,8.437641667,Topázio,0,0.3000000000000007,0.20000000000000107,0.4446416669999991
RA-179,FASE 3,12.0,Masculino,2022,Pública,Topázio,8.437641667,8.8,9.4,7.52,8.59375,6.4,8.7,6.3,4.3,8.9225,10.0,Fase 3 (7° e 8° ano),0,2023,3,1,Em fase / adiantado,0,10.0,True,2024.0,1.0,8.166666666666666,9.407894737,9.38,8.75,8.44,10.0,8.932712280733334,Topázio,0,1.7666666666666657,0.007894736999999097,0.4950706137333345
RA-179,4A,13.0,Masculino,2022,Privada,Topázio,8.932712280733334,9.168,9.407894737,9.38,8.75,8.166666666666666,7.0,8.0,9.5,8.44,10.0,Fase 3 (7° e 8° ano),1,2024,4,2,Em fase / adiantado,0,10.0,True,,,,,,,,,,,,,,
RA-18,7,19.0,Menino,2022,Escola Pública,Ametista,7.226,6.3,8.7,6.3,,9.0,9.0,9.0,,6.875,5.0,Fase 8 (Universitários),-1,2022,7,0,Defasagem moderada,1,5.0,True,,,,,,,,,,,,,,
RA-180,3,12.0,Menino,2018,Rede Decisão,Topázio,8.442,9.2,8.3,6.3,,8.1,7.7,8.3,8.3,8.625,10.0,Fase 3 (7º e 8º ano),0,2022,3,4,Em fase / adiantado,0,10.0,True,2023.0,1.0,8.0,9.4,2.52,8.4375,8.92,10.0,8.283216667,Topázio,0,-0.09999999999999964,1.0999999999999996,-0.15878333300000058
RA-180,FASE 4,13.0,Masculino,2018,Privada - Programa de Apadrinhamento,Topázio,8.283216667,9.2,9.4,2.52,8.4375,8.0,8.3,7.3,8.5,8.92,10.0,Fase 3 (7° e 8° ano),1,2023,4,5,Em fase / adiantado,0,10.0,True,2024.0,2.0,8.5,9.431818181666666,7.51,8.125,8.674,10.0,8.801463636333335,Topázio,0,0.5,0.03181818166666517,0.5182469693333349
RA-180,5A,14.0,Masculino,2021,Privada - Programa de Apadrinhamento,Topázio,8.801463636333335,9.168,9.431818181666666,7.51,8.125,8.5,9.0,8.5,8.0,8.674,10.0,Fase 3 (7° e 8° ano),2,2024,5,3,Em fase / adiantado,0,10.0,True,,,,,,,,,,,,,,
RA-181,3,13.0,Menina,2019,Rede Decisão,Topázio,8.623,9.2,9.5,8.8,,6.8,6.8,7.3,6.2,8.458,10.0,Fase 3 (7º e 8º ano),0,2022,3,3,Em fase / adiantado,0,10.0,True,2023.0,0.0,6.8,8.3,2.52,7.96875,8.2525,10.0,7.671208333,Ametista,0,0.0,-1.1999999999999993,-0.9517916669999993
RA-181,FASE 4,,Feminino,2019,Privada - Programa de Apadrinhamento,Ametista,7.671208333,9.6,8.3,2.52,7.96875,6.8,8.3,6.5,5.5,8.2525,10.0,Fase 4 (9° ano),0,2023,4,4,Em fase / adiantado,0,10.0,True,2024.0,0.0,4.333333333333333,8.737373737333334,6.26,7.625,8.436,10.0,7.439841414133334,Ametista,0,-2.466666666666667,0.43737373733333307,-0.23136691886666583
RA-181,5A,15.0,Feminino,2021,Privada - Programa de Apadrinhamento,Ametista,7.439841414133334,7.5,8.737373737333334,6.26,7.625,4.333333333333333,0.0,7.5,5.5,8.436,10.0,Fase 5 (1° EM),0,2024,5,3,Em fase / adiantado,0,10.0,True,,,,,,,,,,,,,,
RA-182,3,16.0,Menina,2021,Escola Pública,Ágata,6.328,7.5,8.0,7.5,,4.1,1.3,5.7,5.4,6.958,2.5,Fase 6 (2º EM),-3,2022,3,1,Defasagem severa,1,2.5,True,,,,,,,,,,,,,,
RA-183,3,13.0,Menina,2022,Escola Pública,Ametista,7.3,8.3,8.8,7.5,,3.8,0.0,7.5,,7.25,10.0,Fase 3 (7º e 8º ano),0,2022,3,0,Em fase / adiantado,0,10.0,True,2023.0,-1.0,7.7,9.7,2.52,7.96875,8.795,5.0,7.586241667,Ametista,1,3.9000000000000004,0.8999999999999986,0.28624166700000053
RA-183,FASE 3,14.0,Feminino,2022,Pública,Ametista,7.586241667,7.9,9.7,2.52,7.96875,7.7,7.0,8.0,8.2,8.795,5.0,Fase 4 (9° ano),-1,2023,3,1,Defasagem moderada,1,5.0,True,2024.0,0.0,7.5,9.249011857666666,6.26,8.25,8.372,10.0,8.266902371533334,Topázio,0,-0.20000000000000018,-0.4509881423333333,0.6806607045333335
RA-183,4A,15.0,Feminino,2022,Pública,Topázio,8.266902371533334,7.917,9.249011857666666,6.26,8.25,7.5,5.0,7.5,10.0,8.372,10.0,Fase 4 (9° ano),0,2024,4,2,Em fase / adiantado,0,10.0,True,,,,,,,,,,,,,,
RA-184,3,16.0,Menino,2019,Escola Pública,Ametista,7.28,8.8,7.7,7.5,,7.2,5.0,7.3,9.3,8.0,2.5,Fase 6 (2º EM),-3,2022,3,3,Defasagem severa,1,2.5,True,2023.0,1.0,7.1,9.5,7.52,8.59375,8.5025,10.0,8.430241667,Topázio,0,-0.10000000000000053,1.7999999999999998,1.1502416670000004
RA-184,FASE 4,13.0,Masculino,2019,Pública,Topázio,8.430241667,7.9,9.5,7.52,8.59375,7.1,7.3,6.3,7.8,8.5025,10.0,Fase 3 (7° e 8° ano),1,2023,4,4,Em fase / adiantado,0,10.0,True,2024.0,1.0,8.166666666666666,8.696741854666667,6.26,7.96875,9.004,10.0,8.471456704266666,Topázio,0,1.0666666666666664,-0.8032581453333325,0.04121503726666553
RA-184,5D,14.0,Masculino,2021,Privada - Programa de Apadrinhamento,Topázio,8.471456704266666,8.751,8.696741854666667,6.26,7.96875,8.166666666666666,9.5,5.0,10.0,9.004,10.0,Fase 4 (9° ano),1,2024,5,3,Em fase / adiantado,0,10.0,True,,,,,,,,,,,,,,
RA-185,3,15.0,Menino,2021,Escola Pública,Ágata,6.615,7.9,7.7,7.5,,4.5,3.3,5.7,4.5,6.875,5.0,Fase 5 (1º EM),-2,2022,3,1,Defasagem moderada,1,5.0,True,,,,,,,,,,,,,,
RA-186,3,13.0,Menina,2019,Escola Pública,Ametista,7.832,8.3,8.5,7.5,,6.6,6.0,5.7,8.0,7.5,10.0,Fase 3 (7º e 8º ano),0,2022,3,3,Em fase / adiantado,0,10.0,True,2023.0,0.0,6.9,9.7,2.52,7.96875,8.46,10.0,7.817541667,Ametista,0,0.3000000000000007,1.1999999999999993,-0.014458332999999435
RA-186,FASE 4,,Feminino,2019,Privada,Ametista,7.817541667,7.5,9.7,2.52,7.96875,6.9,6.8,7.0,7.0,8.46,10.0,Fase 4 (9° ano),0,2023,4,4,Em fase / adiantado,0,10.0,True,2024.0,1.0,7.166666666666667,9.640151515,6.26,8.125,8.672,10.0,8.325963636333334,Topázio,0,0.2666666666666666,-0.05984848499999984,0.5084219693333338
RA-186,5B,15.0,Feminino,2021,Privada,Topázio,8.325963636333334,7.917,9.640151515,6.26,8.125,7.166666666666667,6.0,7.0,8.5,8.672,10.0,Fase 4 (9° ano),1,2024,5,3,Em fase / adiantado,0,10.0,True,,,,,,,,,,,,,,
RA-187,3,12.0,Menina,2019,Rede Decisão,Ametista,7.928,8.8,8.9,7.5,,5.8,5.3,7.2,4.8,7.917,10.0,Fase 3 (7º e 8º ano),0,2022,3,3,Em fase / adiantado,0,10.0,True,2023.0,0.0,6.9,9.9,2.52,7.96875,8.255,10.0,7.809875,Ametista,0,1.1000000000000005,1.0,-0.11812500000000004
RA-187,FASE 3,13.0,Feminino,2019,Privada - Programa de Apadrinhamento,Ametista,7.809875,7.5,9.9,2.52,7.96875,6.9,7.3,8.7,4.7,8.255,10.0,Fase 3 (7° e 8° ano),0,2023,3,4,Em fase / adiantado,0,10.0,True,2024.0,0.0,7.833333333333333,9.537037037,5.635,8.4375,9.06,10.0,8.568424074066666,Topázio,0,0.9333333333333327,-0.3629629630000011,0.758549074066666
RA-187,4C,14.0,Feminino,2021,Privada - Programa de Apadrinhamento,Topázio,8.568424074066666,8.751,9.537037037,5.635,8.4375,7.833333333333333,7.5,7.0,9.0,9.06,10.0,Fase 4 (9° ano),0,2024,4,3,Em fase / adiantado,0,10.0,True,,,,,,,,,,,,,,
RA-188,3,14.0,Menino,2021,Escola Pública,Quartzo,5.307,0.0,6.1,7.5,,2.7,3.0,3.2,2.0,7.583,5.0,Fase 4 (9º ano),-1,2022,3,1,Defasagem moderada,1,5.0,True,,,,,,,,,,,,,,
RA-189,3,14.0,Menino,2018,Rede Decisão,Ametista,7.629,10.0,9.7,5.0,,7.2,6.3,7.2,8.0,7.333,5.0,Fase 4 (9º ano),-1,2022,3,4,Defasagem moderada,1,5.0,True,2023.0,0.0,6.5,9.4,2.52,8.28125,8.3775,10.0,7.727325,Ametista,0,-0.7000000000000002,-0.29999999999999893,0.09832500000000088
RA-189,FASE 4,14.0,Masculino,2018,Privada - Programa de Apadrinhamento,Ametista,7.727325,7.9,9.4,2.52,8.28125,6.5,6.3,6.5,6.7,8.3775,10.0,Fase 4 (9° ano),0,2023,4,5,Em fase / adiantado,0,10.0,True,2024.0,0.0,8.166666666666666,10.0,6.255,6.875,8.2,10.0,8.586533333333334,Topázio,0,1.666666666666666,0.5999999999999996,0.8592083333333331
RA-189,5A,15.0,Masculino,2021,Privada - Programa de Apadrinhamento,Topázio,8.586533333333334,10.002,10.0,6.255,6.875,8.166666666666666,7.0,7.5,10.0,8.2,10.0,Fase 5 (1° EM),0,2024,5,3,Em fase / adiantado,0,10.0,True,,,,,,,,,,,,,,
RA-19,7,19.0,Menina,2022,Escola Pública,Ametista,7.665,7.9,9.5,7.5,,8.0,7.0,9.0,,7.0,5.0,Fase 8 (Universitários),-1,2022,7,0,Defasagem moderada,1,5.0,True,2023.0,-1.0,7.8,9.4,5.63,7.75,8.1725,5.0,7.710866667,Ametista,1,-0.20000000000000018,-0.09999999999999964,0.045866667000000305
RA-19,FASE 7,19.0,Feminino,2022,Nenhuma das opções acima,Ametista,7.710866667,7.9,9.4,5.63,7.75,7.8,7.7,7.0,8.8,8.1725,5.0,Fase 8 (Universitários),-1,2023,7,1,Defasagem moderada,1,5.0,True,2024.0,0.0,,0.0,,,,10.0,,,0,,-9.4,
RA-19,8F,20.0,Feminino,2022,Privada *Parcerias com Bolsa 100%,,,,0.0,,,,,,,,10.0,Fase 8 (Universitários),0,2024,8,2,Em fase / adiantado,0,10.0,True,,,,,,,,,,,,,,
RA-190,3,13.0,Menina,2022,Escola Pública,Ametista,7.335,6.7,6.9,8.8,,6.3,5.0,7.5,,7.25,10.0,Fase 3 (7º e 8º ano),0,2022,3,0,Em fase / adiantado,0,10.0,True,2023.0,-1.0,5.7,9.5,2.52,7.65625,7.9575,5.0,6.934158333,Ágata,1,-0.5999999999999996,2.5999999999999996,-0.4008416669999999
RA-190,FASE 3,14.0,Feminino,2022,Pública,Ágata,6.934158333,7.9,9.5,2.52,7.65625,5.7,5.8,5.2,6.0,7.9575,5.0,Fase 4 (9° ano),-1,2023,3,1,Defasagem moderada,1,5.0,True,,,,,,,,,,,,,,
RA-191,3,13.0,Menino,2019,Rede Decisão,Topázio,8.74,10.0,9.4,8.8,,7.2,8.0,7.2,6.3,8.5,10.0,Fase 3 (7º e 8º ano),0,2022,3,3,Em fase / adiantado,0,10.0,True,2023.0,0.0,7.8,9.7,2.52,8.125,8.4625,10.0,7.263666667,Ametista,0,0.5999999999999996,0.29999999999999893,-1.4763333330000004
RA-191,FASE 4,14.0,Masculino,2019,Privada - Programa de Apadrinhamento,Ametista,7.263666667,0.0,9.7,2.52,8.125,7.8,8.7,7.0,7.8,8.4625,10.0,Fase 4 (9° ano),0,2023,4,4,Em fase / adiantado,0,10.0,True,2024.0,2.0,6.3999999999999995,9.571,5.945,7.5,7.5,10.0,7.7887,Ametista,0,-1.4000000000000004,-0.12899999999999956,0.5250333330000005
RA-191,7E,15.0,Masculino,2021,Privada *Parcerias com Bolsa 100%,Ametista,7.7887,7.5,9.571,5.945,7.5,6.3999999999999995,6.0,6.9,6.3,7.5,10.0,Fase 5 (1° EM),2,2024,7,3,Em fase / adiantado,0,10.0,True,,,,,,,,,,,,,,
RA-192,3,15.0,Menino,2021,Escola Pública,Quartzo,4.932,8.8,3.6,7.5,,2.7,1.7,4.7,1.7,4.708,5.0,Fase 5 (1º EM),-2,2022,3,1,Defasagem moderada,1,5.0,True,2023.0,-2.0,6.5,6.2,5.0,7.1875,7.3775,5.0,6.616016667,Ágata,1,3.8,2.6,1.6840166669999999
RA-192,FASE 4,16.0,Masculino,2021,Privada,Ágata,6.616016667,8.8,6.2,5.0,7.1875,6.5,6.0,5.8,7.8,7.3775,5.0,Fase 6 (2° EM),-2,2023,4,2,Defasagem moderada,1,5.0,True,2024.0,-2.0,7.166666666666667,6.363636363666667,7.51,7.125,6.9,5.0,6.882960606066668,Ágata,1,0.666666666666667,0.1636363636666669,0.26694393906666747
RA-192,5B,17.0,Masculino,2021,Privada,Ágata,6.882960606066668,8.334,6.363636363666667,7.51,7.125,7.166666666666667,4.0,7.5,10.0,6.9,5.0,Fase 7 (3° EM),-2,2024,5,3,Defasagem moderada,1,5.0,True,,,,,,,,,,,,,,
RA-193,3,12.0,Menino,2016,Rede Decisão,Topázio,8.155,9.2,8.9,5.6,,6.7,5.0,6.3,8.7,8.5,10.0,Fase 3 (7º e 8º ano),0,2022,3,6,Em fase / adiantado,0,10.0,True,2023.0,1.0,6.5,9.4,2.52,8.125,8.17,10.0,7.718566667,Ametista,0,-0.20000000000000018,0.5,-0.4364333329999992
RA-193,FASE 4,13.0,Masculino,2016,Privada - Programa de Apadrinhamento,Ametista,7.718566667,8.3,9.4,2.52,8.125,6.5,6.0,6.3,7.3,8.17,10.0,Fase 3 (7° e 8° ano),1,2023,4,7,Em fase / adiantado,0,10.0,True,2024.0,1.0,7.0,9.848484848333333,6.26,8.4375,8.7525,10.0,8.465046969666668,Topázio,0,0.5,0.448484848333333,0.7464803026666678
RA-193,5C,14.0,Masculino,2021,Privada - Programa de Apadrinhamento,Topázio,8.465046969666668,8.751,9.848484848333333,6.26,8.4375,7.0,6.5,4.5,10.0,8.7525,10.0,Fase 4 (9° ano),1,2024,5,3,Em fase / adiantado,0,10.0,True,,,,,,,,,,,,,,
RA-194,3,14.0,Menina,2022,Escola Pública,Quartzo,4.265,0.0,6.2,5.0,,3.2,3.7,5.8,0.0,3.75,5.0,Fase 4 (9º ano),-1,2022,3,0,Defasagem moderada,1,5.0,True,,,,,,,,,,,,,,
RA-195,3,13.0,Menina,2017,Rede Decisão,Ametista,8.017,8.8,9.2,5.0,,6.3,6.8,6.3,5.8,8.25,10.0,Fase 3 (7º e 8º ano),0,2022,3,5,Em fase / adiantado,0,10.0,True,2023.0,0.0,6.0,9.2,2.52,8.4375,8.79,10.0,7.60205,Ametista,0,-0.2999999999999998,0.0,-0.41494999999999926
RA-195,FASE 4,,Feminino,2017,Privada - Programa de Apadrinhamento,Ametista,7.60205,7.1,9.2,2.52,8.4375,6.0,6.3,6.2,5.5,8.79,10.0,Fase 4 (9° ano),0,2023,4,6,Em fase / adiantado,0,10.0,True,2024.0,1.0,7.833333333333333,9.682539682666667,6.26,7.96875,8.965,10.0,8.4690496032,Topázio,0,1.833333333333333,0.48253968266666725,0.8669996032
RA-195,5C,15.0,Feminino,2021,Privada - Programa de Apadrinhamento,Topázio,8.4690496032,7.5,9.682539682666667,6.26,7.96875,7.833333333333333,9.0,6.5,8.0,8.965,10.0,Fase 4 (9° ano),1,2024,5,3,Em fase / adiantado,0,10.0,True,,,,,,,,,,,,,,
RA-196,3,12.0,Menino,2018,Rede Decisão,Topázio,8.124,9.2,9.1,7.5,,5.1,4.0,6.0,5.3,8.625,10.0,Fase 3 (7º e 8º ano),0,2022,3,4,Em fase / adiantado,0,10.0,True,2023.0,1.0,6.2,9.0,2.52,8.28125,8.2125,10.0,7.560991667,Ametista,0,1.1000000000000005,-0.09999999999999964,-0.5630083330000009
RA-196,FASE 4,13.0,Masculino,2018,Privada - Programa de Apadrinhamento,Ametista,7.560991667,7.9,9.0,2.52,8.28125,6.2,7.0,6.0,5.7,8.2125,10.0,Fase 3 (7° e 8° ano),1,2023,4,5,Em fase / adiantado,0,10.0,True,2024.0,1.0,8.0,9.689754689666666,7.51,8.75,8.9225,10.0,8.823550937933334,Topázio,0,1.7999999999999998,0.6897546896666658,1.262559270933334
RA-196,5C,14.0,Masculino,2021,Privada - Programa de Apadrinhamento,Topázio,8.823550937933334,8.751,9.689754689666666,7.51,8.75,8.0,8.0,7.0,9.0,8.9225,10.0,Fase 4 (9° ano),1,2024,5,3,Em fase / adiantado,0,10.0,True,,,,,,,,,,,,,,
RA-197,3,13.0,Menina,2021,Rede Decisão,Topázio,8.218,8.8,9.7,4.4,,7.3,6.0,7.5,8.3,8.292,10.0,Fase 3 (7º e 8º ano),0,2022,3,1,Em fase / adiantado,0,10.0,True,2023.0,1.0,7.2,9.8,2.52,7.96875,8.46,10.0,7.967608333,Ametista,0,-0.09999999999999964,0.10000000000000142,-0.2503916669999997
RA-197,FASE 4,13.0,Feminino,2021,Privada - Programa de Apadrinhamento,Ametista,7.967608333,8.3,9.8,2.52,7.96875,7.2,7.0,7.3,7.2,8.46,10.0,Fase 3 (7° e 8° ano),1,2023,4,2,Em fase / adiantado,0,10.0,True,2024.0,0.0,8.333333333333334,9.848484848333333,6.26,7.96875,8.795,10.0,8.568238636333334,Topázio,0,1.1333333333333337,0.048484848333332664,0.6006303033333333
RA-197,5C,14.0,Feminino,2021,Privada - Programa de Apadrinhamento,Topázio,8.568238636333334,7.5,9.848484848333333,6.26,7.96875,8.333333333333334,7.0,8.0,10.0,8.795,10.0,Fase 5 (1° EM),0,2024,5,3,Em fase / adiantado,0,10.0,True,,,,,,,,,,,,,,
RA-198,3,13.0,Menino,2017,Escola Pública,Quartzo,5.554,0.0,6.2,5.0,,4.6,5.2,5.8,2.8,5.958,10.0,Fase 3 (7º e 8º ano),0,2022,3,5,Em fase / adiantado,0,10.0,True,,,,,,,,,,,,,,
RA-199,3,13.0,Menino,2022,Escola Pública,Ametista,7.564,8.3,7.1,7.5,,7.5,5.7,7.8,9.0,6.458,10.0,Fase 3 (7º e 8º ano),0,2022,3,0,Em fase / adiantado,0,10.0,True,2023.0,-1.0,8.5,7.6,7.51,7.96875,8.505,5.0,7.892341667,Ametista,1,1.0,0.5,0.3283416670000001
RA-199,FASE 3,,Masculino,2022,Privada,Ametista,7.892341667,9.2,7.6,7.51,7.96875,8.5,8.2,8.2,9.2,8.505,5.0,Fase 4 (9° ano),-1,2023,3,1,Defasagem moderada,1,5.0,True,2024.0,-1.0,7.166666666666667,7.554824561666667,6.88,8.125,8.206,5.0,7.419398245666667,Ametista,1,-1.333333333333333,-0.04517543833333271,-0.47294342133333345
RA-199,4A,15.0,Masculino,2022,Privada,Ametista,7.419398245666667,8.334,7.554824561666667,6.88,8.125,7.166666666666667,5.0,9.0,7.5,8.206,5.0,Fase 5 (1° EM),-1,2024,4,2,Defasagem moderada,1,5.0,True,,,,,,,,,,,,,,
RA-2,7,17.0,Menina,2017,Rede Decisão,Ametista,7.055,8.8,5.2,6.3,,6.8,6.3,4.5,9.7,6.778,10.0,Fase 7 (3º EM),0,2022,7,5,Em fase / adiantado,0,10.0,True,2023.0,0.0,,,,,,10.0,,,0,,,
RA-2,FASE 8,18.0,Feminino,2017,Privada *Parcerias com Bolsa 100%,,,,,,,,,,,,10.0,Fase 8 (Universitários),0,2023,8,6,Em fase / adiantado,0,10.0,True,2024.0,0.0,,0.0,,,,10.0,,,0,,,
RA-2,8E,19.0,Feminino,2021,Privada *Parcerias com Bolsa 100%,,,,0.0,,,,,,,,10.0,Fase 8 (Universitários),0,2024,8,3,Em fase / adiantado,0,10.0,True,,,,,,,,,,,,,,
RA-20,7,19.0,Menina,2022,Escola Pública,Ametista,7.535,7.1,10.0,6.3,,7.8,9.0,6.5,,7.167,5.0,Fase 8 (Universitários),-1,2022,7,0,Defasagem moderada,1,5.0,True,,,,,,,,,,,,,,
RA-200,3,15.0,Menino,2018,Escola JP II,Quartzo,5.705,7.9,5.6,4.4,,5.5,4.7,5.0,6.8,4.917,5.0,Fase 5 (1º EM),-2,2022,3,4,Defasagem moderada,1,5.0,True,2023.0,-2.0,4.3,4.5,2.52,7.5,7.17,5.0,5.661166667,Quartzo,1,-1.2000000000000002,-1.0999999999999996,-0.04383333300000025
RA-200,FASE 4,16.0,Masculino,2018,Privada - Programa de Apadrinhamento,Quartzo,5.661166667,9.6,4.5,2.52,7.5,4.3,4.3,4.2,4.5,7.17,5.0,Fase 6 (2° EM),-2,2023,4,5,Defasagem moderada,1,5.0,True,,,,,,,,,,,,,,
RA-201,3,15.0,Menina,2021,Escola Pública,Ametista,7.078,7.9,7.3,7.5,,6.5,6.0,7.2,6.3,7.542,5.0,Fase 5 (1º EM),-2,2022,3,1,Defasagem moderada,1,5.0,True,,,,,,,,,,,,,,
RA-202,3,14.0,Menina,2017,Escola Pública,Quartzo,5.201,0.0,5.2,4.4,,5.4,6.3,5.8,4.2,6.917,5.0,Fase 4 (9º ano),-1,2022,3,5,Defasagem moderada,1,5.0,True,2023.0,-1.0,5.9,7.9,2.52,7.96875,8.005,5.0,6.791641667,Ágata,1,0.5,2.7,1.5906416670000008
RA-202,FASE 4,,Feminino,2017,Pública,Ágata,6.791641667,8.8,7.9,2.52,7.96875,5.9,6.3,4.8,6.7,8.005,5.0,Fase 5 (1° EM),-1,2023,4,6,Defasagem moderada,1,5.0,True,2024.0,-1.0,7.5,7.880952381,6.26,7.65625,7.75,5.0,7.3512154762,Ametista,1,1.5999999999999996,-0.019047619000000182,0.5595738091999998
RA-202,5C,16.0,Feminino,2021,Pública,Ametista,7.3512154762,8.334,7.880952381,6.26,7.65625,7.5,8.5,6.0,8.0,7.75,5.0,Fase 6 (2° EM),-1,2024,5,3,Defasagem moderada,1,5.0,True,,,,,,,,,,,,,,
RA-203,3,14.0,Menina,2021,Escola Pública,Quartzo,5.669,8.8,4.3,7.5,,2.8,2.3,3.5,2.5,6.875,5.0,Fase 4 (9º ano),-1,2022,3,1,Defasagem moderada,1,5.0,True,,,,,,,,,,,,,,
RA-204,3,13.0,Menina,2019,Escola Pública,Ágata,6.943,7.9,6.7,4.4,,7.4,5.3,8.5,8.5,5.708,10.0,Fase 3 (7º e 8º ano),0,2022,3,3,Em fase / adiantado,0,10.0,True,2023.0,0.0,7.1,7.9,2.52,8.28125,8.045,10.0,7.557558333,Ametista,0,-0.3000000000000007,1.2000000000000002,0.6145583330000006
RA-204,FASE 4,,Feminino,2019,Pública,Ametista,7.557558333,8.8,7.9,2.52,8.28125,7.1,4.7,8.0,8.5,8.045,10.0,Fase 4 (9° ano),0,2023,4,4,Em fase / adiantado,0,10.0,True,2024.0,0.0,7.5,6.827094474333333,6.26,7.125,8.5875,10.0,7.838218894866668,Ametista,0,0.40000000000000036,-1.072905525666667,0.280660561866668
RA-204,4B,15.0,Feminino,2021,Pública,Ametista,7.838218894866668,9.168,6.827094474333333,6.26,7.125,7.5,5.0,7.5,10.0,8.5875,10.0,Fase 4 (9° ano),0,2024,4,3,Em fase / adiantado,0,10.0,True,,,,,,,,,,,,,,
RA-205,3,14.0,Menino,2020,Escola Pública,Quartzo,5.372,9.6,3.8,7.5,,4.1,5.7,1.7,5.0,4.833,5.0,Fase 4 (9º ano),-1,2022,3,2,Defasagem moderada,1,5.0,True,2023.0,-1.0,6.6,7.6,4.38,7.03125,7.09,5.0,6.857625,Ágata,1,2.5,3.8,1.4856249999999998
RA-205,FASE 4,,Masculino,2020,Pública,Ágata,6.857625,9.6,7.6,4.38,7.03125,6.6,7.0,5.5,7.3,7.09,5.0,Fase 5 (1° EM),-1,2023,4,3,Defasagem moderada,1,5.0,True,,,,,,,,,,,,,,
RA-206,3,12.0,Menina,2022,Escola Pública,Ametista,7.101,8.3,8.8,7.5,,5.0,4.0,6.0,,5.167,10.0,Fase 3 (7º e 8º ano),0,2022,3,0,Em fase / adiantado,0,10.0,True,,,,,,,,,,,,,,
RA-207,3,16.0,Menino,2021,Escola Pública,Quartzo,4.936,0.0,4.8,7.5,,5.8,5.3,4.0,8.0,5.708,2.5,Fase 6 (2º EM),-3,2022,3,1,Defasagem severa,1,2.5,True,,,,,,,,,,,,,,
RA-208,3,14.0,Menino,2018,Escola Pública,Ágata,6.667,7.5,7.1,7.5,,6.1,5.0,7.5,5.8,6.417,5.0,Fase 4 (9º ano),-1,2022,3,4,Defasagem moderada,1,5.0,True,,,,,,,,,,,,,,
RA-209,3,14.0,Menino,2019,Escola Pública,Quartzo,4.499,0.0,4.8,5.6,,6.0,5.0,5.2,7.8,3.75,5.0,Fase 4 (9º ano),-1,2022,3,3,Defasagem moderada,1,5.0,True,,,,,,,,,,,,,,
RA-21,7,18.0,Menino,2022,Escola Pública,Ágata,6.945,9.6,9.2,7.5,,3.8,7.0,0.5,,7.25,5.0,Fase 8 (Universitários),-1,2022,7,0,Defasagem moderada,1,5.0,True,2023.0,0.0,,,,,,10.0,,,0,,,
RA-21,FASE 8,19.0,Masculino,2022,Privada *Parcerias com Bolsa 100%,,,,,,,,,,,,10.0,Fase 8 (Universitários),0,2023,8,1,Em fase / adiantado,0,10.0,True,2024.0,0.0,,0.0,,,,10.0,,,0,,,
RA-21,8E,20.0,Masculino,2022,Privada - Pagamento por *Empresa Parceira,,,,0.0,,,,,,,,10.0,Fase 8 (Universitários),0,2024,8,2,Em fase / adiantado,0,10.0,True,,,,,,,,,,,,,,
RA-210,3,14.0,Menino,2022,Escola Pública,Quartzo,4.44,0.0,5.1,7.5,,3.4,2.7,5.3,2.3,4.417,5.0,Fase 4 (9º ano),-1,2022,3,0,Defasagem moderada,1,5.0,True,,,,,,,,,,,,,,
RA-211,3,13.0,Menino,2021,Escola Pública,Topázio,8.465,9.2,8.8,7.5,,7.6,6.7,7.5,8.5,8.458,10.0,Fase 3 (7º e 8º ano),0,2022,3,1,Em fase / adiantado,0,10.0,True,2023.0,0.0,7.1,9.4,2.52,7.65625,8.71,10.0,8.024791667,Topázio,0,-0.5,0.5999999999999996,-0.4402083329999993
RA-211,FASE 4,14.0,Masculino,2021,Privada - Programa de Apadrinhamento,Topázio,8.024791667,9.6,9.4,2.52,7.65625,7.1,7.7,8.0,5.7,8.71,10.0,Fase 4 (9° ano),0,2023,4,2,Em fase / adiantado,0,10.0,True,2024.0,0.0,7.0,9.379509379666667,7.51,7.25,7.866,10.0,8.283601875933334,Topázio,0,-0.09999999999999964,-0.02049062033333371,0.2588102089333333
RA-211,5A,15.0,Masculino,2021,Privada - Programa de Apadrinhamento,Topázio,8.283601875933334,9.585,9.379509379666667,7.51,7.25,7.0,5.5,6.5,9.0,7.866,10.0,Fase 5 (1° EM),0,2024,5,3,Em fase / adiantado,0,10.0,True,,,,,,,,,,,,,,
RA-212,3,14.0,Menino,2022,Escola Pública,Ametista,7.268,9.6,8.4,7.5,,6.2,4.8,5.8,7.8,6.958,5.0,Fase 4 (9º ano),-1,2022,3,0,Defasagem moderada,1,5.0,True,,,,,,,,,,,,,,
RA-213,3,13.0,Menino,2022,Escola Pública,Ametista,7.209,9.6,8.7,7.5,,3.5,5.0,2.0,,6.833,10.0,Fase 3 (7º e 8º ano),0,2022,3,0,Em fase / adiantado,0,10.0,True,,,,,,,,,,,,,,
RA-214,3,15.0,Menino,2022,Escola Pública,Quartzo,4.87,0.0,6.1,7.5,,4.3,5.0,3.5,,5.125,5.0,Fase 5 (1º EM),-2,2022,3,0,Defasagem moderada,1,5.0,True,,,,,,,,,,,,,,
RA-215,3,13.0,Menina,2021,Escola Pública,Ametista,7.172,6.7,5.8,7.5,,7.8,5.7,7.7,10.0,6.542,10.0,Fase 3 (7º e 8º ano),0,2022,3,1,Em fase / adiantado,0,10.0,True,2023.0,0.0,6.9,6.6,2.52,7.96875,7.7125,10.0,7.166475,Ametista,0,-0.8999999999999995,0.7999999999999998,-0.005524999999999558
RA-215,FASE 4,14.0,Feminino,2021,Pública,Ametista,7.166475,8.8,6.6,2.52,7.96875,6.9,5.7,6.7,8.3,7.7125,10.0,Fase 4 (9° ano),0,2023,4,2,Em fase / adiantado,0,10.0,True,2024.0,0.0,5.666666666666667,6.455627705333334,6.26,8.0,7.432,10.0,7.045258874400002,Ametista,0,-1.2333333333333334,-0.1443722946666659,-0.12121612559999839
RA-215,5B,15.0,Feminino,2021,Pública,Ametista,7.045258874400002,7.084,6.455627705333334,6.26,8.0,5.666666666666667,5.0,2.0,10.0,7.432,10.0,Fase 5 (1° EM),0,2024,5,3,Em fase / adiantado,0,10.0,True,,,,,,,,,,,,,,
RA-216,3,13.0,Menina,2018,Escola Pública,Ametista,7.502,7.9,8.5,7.5,,7.0,5.3,6.5,9.2,5.583,10.0,Fase 3 (7º e 8º ano),0,2022,3,4,Em fase / adiantado,0,10.0,True,,,,,,,,,,,,,,
RA-217,3,15.0,Menina,2021,Escola Pública,Ametista,7.397,7.9,8.5,7.5,,7.1,6.3,7.2,7.7,7.292,5.0,Fase 5 (1º EM),-2,2022,3,1,Defasagem moderada,1,5.0,True,2023.0,-1.0,5.6,8.6,2.52,8.4375,8.5025,5.0,6.96965,Ágata,1,-1.5,0.09999999999999964,-0.42735000000000056
RA-217,FASE 4,,Feminino,2021,Pública,Ágata,6.96965,8.3,8.6,2.52,8.4375,5.6,6.7,5.3,4.8,8.5025,5.0,Fase 5 (1° EM),-1,2023,4,2,Defasagem moderada,1,5.0,True,2024.0,-1.0,7.833333333333333,8.917748917666666,6.26,7.125,6.994,5.0,7.4209164502,Ametista,1,2.2333333333333334,0.31774891766666613,0.45126645020000034
RA-217,5A,17.0,Feminino,2021,Privada - Programa de Apadrinhamento,Ametista,7.4209164502,8.334,8.917748917666666,6.26,7.125,7.833333333333333,9.0,7.0,7.5,6.994,5.0,Fase 6 (2° EM),-1,2024,5,3,Defasagem moderada,1,5.0,True,,,,,,,,,,,,,,
RA-218,3,14.0,Menina,2022,Escola Pública,Ágata,6.1,6.3,7.3,7.5,,4.0,5.0,7.0,0.0,6.125,5.0,Fase 4 (9º ano),-1,2022,3,0,Defasagem moderada,1,5.0,True,2023.0,-1.0,6.7,6.7,2.52,7.96875,7.88,5.0,5.811541667,Quartzo,1,2.7,-0.5999999999999996,-0.28845833299999946
RA-218,FASE 4,15.0,Feminino,2022,Pública,Quartzo,5.811541667,0.0,6.7,2.52,7.96875,6.7,5.7,7.0,7.5,7.88,5.0,Fase 5 (1° EM),-1,2023,4,1,Defasagem moderada,1,5.0,True,,,,,,,,,,,,,,
RA-219,3,16.0,Menino,2019,Escola Pública,Quartzo,5.942,8.8,6.9,7.5,,3.5,4.0,4.8,1.7,6.375,2.5,Fase 6 (2º EM),-3,2022,3,3,Defasagem severa,1,2.5,True,,,,,,,,,,,,,,
RA-22,6,17.0,Menina,2019,Rede Decisão,Ametista,7.474,8.3,7.4,8.1,,6.7,9.0,3.1,7.8,8.833,5.0,Fase 7 (3º EM),-1,2022,6,3,Defasagem moderada,1,5.0,True,,,,,,,,,,,,,,
RA-220,3,13.0,Menina,2022,Escola Pública,Ágata,7.028,0.0,8.1,7.5,,6.5,6.8,6.8,5.8,7.833,10.0,Fase 3 (7º e 8º ano),0,2022,3,0,Em fase / adiantado,0,10.0,True,2023.0,0.0,6.1,7.6,2.52,7.1875,7.5475,10.0,7.102016667,Ametista,0,-0.40000000000000036,-0.5,0.07401666700000042
RA-220,FASE 4,14.0,Feminino,2022,Pública,Ametista,7.102016667,8.8,7.6,2.52,7.1875,6.1,6.3,5.8,6.3,7.5475,10.0,Fase 4 (9° ano),0,2023,4,1,Em fase / adiantado,0,10.0,True,2024.0,0.0,6.833333333333333,8.198051948,6.26,7.25,7.332,10.0,7.6987770562666675,Ametista,0,0.7333333333333334,0.5980519480000002,0.5967603892666675
RA-220,5B,15.0,Feminino,2022,Pública,Ametista,7.6987770562666675,8.751,8.198051948,6.26,7.25,6.833333333333333,8.0,3.5,9.0,7.332,10.0,Fase 5 (1° EM),0,2024,5,2,Em fase / adiantado,0,10.0,True,,,,,,,,,,,,,,
RA-221,3,14.0,Menino,2022,Escola Pública,Ágata,6.892,9.6,8.5,7.5,,5.2,7.0,3.5,5.0,6.0,5.0,Fase 4 (9º ano),-1,2022,3,0,Defasagem moderada,1,5.0,True,2023.0,-2.0,5.0,9.0,5.0,7.1875,7.38,5.0,6.959916667,Ágata,1,-0.20000000000000018,0.5,0.06791666699999954
RA-221,FASE 3,15.0,Masculino,2022,Pública,Ágata,6.959916667,9.6,9.0,5.0,7.1875,5.0,5.5,4.8,4.8,7.38,5.0,Fase 5 (1° EM),-2,2023,3,1,Defasagem moderada,1,5.0,True,,,,,,,,,,,,,,
RA-222,3,15.0,Menina,2019,Escola Pública,Quartzo,5.604,7.1,4.6,7.5,,6.2,5.0,7.5,6.0,4.917,5.0,Fase 5 (1º EM),-2,2022,3,3,Defasagem moderada,1,5.0,True,,,,,,,,,,,,,,
RA-223,3,13.0,Menina,2022,Escola Pública,Quartzo,4.966,0.0,4.6,7.5,,3.1,4.3,4.7,0.2,5.583,10.0,Fase 3 (7º e 8º ano),0,2022,3,0,Em fase / adiantado,0,10.0,True,2023.0,-1.0,3.8,4.5,7.52,7.5,7.1725,5.0,5.089833333,Quartzo,1,0.6999999999999997,-0.09999999999999964,0.12383333299999943
RA-223,FASE 3,14.0,Feminino,2022,Pública,Quartzo,5.089833333,0.0,4.5,7.52,7.5,3.8,5.5,4.0,1.8,7.1725,5.0,Fase 4 (9° ano),-1,2023,3,1,Defasagem moderada,1,5.0,True,,,,,,,,,,,,,,
RA-224,3,13.0,Menino,2021,Escola Pública,Quartzo,5.671,9.6,4.3,7.5,,2.6,5.0,2.7,0.0,4.875,10.0,Fase 3 (7º e 8º ano),0,2022,3,1,Em fase / adiantado,0,10.0,True,,,,,,,,,,,,,,
RA-225,3,14.0,Menino,2022,Escola Pública,Quartzo,5.918,8.3,5.3,7.5,,5.0,3.0,7.0,,5.708,5.0,Fase 4 (9º ano),-1,2022,3,0,Defasagem moderada,1,5.0,True,,,,,,,,,,,,,,
RA-226,3,14.0,Menina,2022,Escola Pública,Ágata,6.549,7.5,6.1,7.5,,6.8,7.0,6.5,,6.208,5.0,Fase 4 (9º ano),-1,2022,3,0,Defasagem moderada,1,5.0,True,,,,,,,,,,,,,,
RA-227,3,12.0,Menino,2022,Escola Pública,Ágata,6.471,9.2,6.4,7.5,,3.3,4.7,4.3,1.0,5.833,10.0,Fase 3 (7º e 8º ano),0,2022,3,0,Em fase / adiantado,0,10.0,True,2023.0,0.0,6.9,7.5,5.63,8.28125,7.4625,10.0,7.722125,Ametista,0,3.6000000000000005,1.0999999999999996,1.251125
RA-227,FASE 3,,Masculino,2022,Pública,Ametista,7.722125,9.6,7.5,5.63,8.28125,6.9,7.2,6.5,7.0,7.4625,10.0,Fase 3 (7° e 8° ano),0,2023,3,1,Em fase / adiantado,0,10.0,True,2024.0,0.0,6.5,8.097577276666668,9.38,7.5,7.54,10.0,8.074015455333335,Topázio,0,-0.40000000000000036,0.5975772766666676,0.35189045533333463
RA-227,3A,13.0,Masculino,2022,Pública,Topázio,8.074015455333335,9.585,8.097577276666668,9.38,7.5,6.5,4.0,6.0,9.5,7.54,10.0,Fase 3 (7° e 8° ano),0,2024,3,2,Em fase / adiantado,0,10.0,True,,,,,,,,,,,,,,
RA-228,3,15.0,Menina,2017,Escola Pública,Ágata,6.196,7.5,6.7,7.5,,4.8,3.0,6.0,5.3,6.417,5.0,Fase 5 (1º EM),-2,2022,3,5,Defasagem moderada,1,5.0,True,,,,,,,,,,,,,,
RA-229,3,12.0,Menino,2022,Escola Pública,Topázio,8.62,10.0,9.4,7.5,,6.9,7.0,6.7,7.2,8.5,10.0,Fase 3 (7º e 8º ano),0,2022,3,0,Em fase / adiantado,0,10.0,True,2023.0,1.0,7.8,9.8,2.52,8.28125,8.42,10.0,8.207591667,Topázio,0,0.8999999999999995,0.40000000000000036,-0.41240833299999835
RA-229,FASE 4,,Masculino,2022,Privada - Programa de Apadrinhamento,Topázio,8.207591667,9.2,9.8,2.52,8.28125,7.8,8.0,8.2,7.3,8.42,10.0,Fase 3 (7° e 8° ano),1,2023,4,1,Em fase / adiantado,0,10.0,True,2024.0,1.0,8.833333333333334,9.841269841333334,5.635,8.28125,8.8375,10.0,8.852545634933334,Topázio,0,1.033333333333334,0.041269841333333446,0.6449539679333327
RA-229,5C,14.0,Masculino,2022,Privada - Programa de Apadrinhamento,Topázio,8.852545634933334,9.585,9.841269841333334,5.635,8.28125,8.833333333333334,9.5,7.0,10.0,8.8375,10.0,Fase 4 (9° ano),1,2024,5,2,Em fase / adiantado,0,10.0,True,,,,,,,,,,,,,,
RA-23,6,17.0,Menino,2021,Escola Pública,Ametista,7.677,8.3,8.2,8.1,,6.7,7.2,4.7,8.2,8.556,5.0,Fase 7 (3º EM),-1,2022,6,1,Defasagem moderada,1,5.0,True,2023.0,1.0,,,,,,10.0,,,0,,,
RA-23,FASE 8,,Masculino,2021,Privada *Parcerias com Bolsa 100%,,,,,,,,,,,,10.0,Fase 7 (3° EM),1,2023,8,2,Em fase / adiantado,0,10.0,True,2024.0,0.0,,0.0,,,,10.0,,,0,,,
RA-23,8E,19.0,Masculino,2021,Privada *Parcerias com Bolsa 100%,,,,0.0,,,,,,,,10.0,Fase 8 (Universitários),0,2024,8,3,Em fase / adiantado,0,10.0,True,,,,,,,,,,,,,,
RA-230,3,14.0,Menino,2022,Escola Pública,Ágata,6.328,7.9,5.1,7.5,,5.7,3.7,4.3,9.0,6.75,5.0,Fase 4 (9º ano),-1,2022,3,0,Defasagem moderada,1,5.0,True,,,,,,,,,,,,,,
RA-231,3,14.0,Menino,2022,Escola Pública,Ágata,6.116,8.8,7.4,7.5,,3.8,3.0,4.5,,5.333,5.0,Fase 4 (9º ano),-1,2022,3,0,Defasagem moderada,1,5.0,True,,,,,,,,,,,,,,
RA-232,3,12.0,Menino,2022,Escola Pública,Quartzo,4.245,0.0,4.9,7.5,,0.0,0.0,0.0,,4.542,10.0,Fase 3 (7º e 8º ano),0,2022,3,0,Em fase / adiantado,0,10.0,True,,,,,,,,,,,,,,
RA-233,3,14.0,Menino,2022,Escola Pública,Ágata,6.051,7.9,7.4,7.5,,3.8,3.0,4.5,,5.5,5.0,Fase 4 (9º ano),-1,2022,3,0,Defasagem moderada,1,5.0,True,,,,,,,,,,,,,,
RA-234,3,13.0,Menino,2022,Escola Pública,Ágata,6.719,10.0,7.6,5.6,,4.3,3.7,6.3,2.8,5.583,10.0,Fase 3 (7º e 8º ano),0,2022,3,0,Em fase / adiantado,0,10.0,True,2023.0,0.0,5.6,8.0,2.52,4.84375,5.595,10.0,6.248741667,Ágata,0,1.2999999999999998,0.40000000000000036,-0.4702583330000003
RA-234,FASE 3,13.0,Masculino,2022,Pública,Ágata,6.248741667,6.7,8.0,2.52,4.84375,5.6,6.3,5.3,5.3,5.595,10.0,Fase 3 (7° e 8° ano),0,2023,3,1,Em fase / adiantado,0,10.0,True,,,,,,,,,,,,,,
RA-235,3,14.0,Menina,2022,Escola Pública,Ágata,6.79,8.3,7.3,7.5,,6.3,7.0,5.5,,6.417,5.0,Fase 4 (9º ano),-1,2022,3,0,Defasagem moderada,1,5.0,True,,,,,,,,,,,,,,
RA-236,3,12.0,Menina,2022,Escola Pública,Ametista,7.11,9.6,7.5,7.5,,3.7,4.0,4.0,3.0,7.208,10.0,Fase 3 (7º e 8º ano),0,2022,3,0,Em fase / adiantado,0,10.0,True,2023.0,0.0,4.5,7.5,7.52,7.1875,7.2975,10.0,7.337116667,Ametista,0,0.7999999999999998,0.0,0.22711666699999977
RA-236,FASE 3,13.0,Feminino,2022,Pública,Ametista,7.337116667,10.0,7.5,7.52,7.1875,4.5,6.3,4.0,3.3,7.2975,10.0,Fase 3 (7° e 8° ano),0,2023,3,1,Em fase / adiantado,0,10.0,True,2024.0,0.0,4.5,7.890668700666666,6.26,6.875,6.362,10.0,6.980833740133334,Ágata,0,0.0,0.3906687006666658,-0.3562829268666663
RA-236,4F,14.0,Feminino,2022,Pública,Ágata,6.980833740133334,9.168,7.890668700666666,6.26,6.875,4.5,1.5,4.0,8.0,6.362,10.0,Fase 4 (9° ano),0,2024,4,2,Em fase / adiantado,0,10.0,True,,,,,,,,,,,,,,
RA-237,3,14.0,Menina,2022,Escola Pública,Topázio,8.084,10.0,9.0,7.5,,7.8,6.8,7.7,8.8,8.417,5.0,Fase 4 (9º ano),-1,2022,3,0,Defasagem moderada,1,5.0,True,2023.0,-1.0,6.7,9.5,2.52,8.125,8.96,5.0,7.436566667,Ametista,1,-1.0999999999999996,0.5,-0.6474333329999995
RA-237,FASE 4,15.0,Feminino,2022,Privada - Programa de Apadrinhamento,Ametista,7.436566667,8.3,9.5,2.52,8.125,6.7,7.7,7.0,5.5,8.96,5.0,Fase 5 (1° EM),-1,2023,4,1,Defasagem moderada,1,5.0,True,2024.0,-1.0,7.666666666666667,9.689754689666666,6.26,7.916666667,8.336666667,5.0,7.931384271366667,Ametista,1,0.9666666666666668,0.18975468966666575,0.4948176043666672
RA-237,5F,16.0,Feminino,2022,Privada - Programa de Apadrinhamento,Ametista,7.931384271366667,8.751,9.689754689666666,6.26,7.916666667,7.666666666666667,6.0,7.0,10.0,8.336666667,5.0,Fase 6 (2° EM),-1,2024,5,2,Defasagem moderada,1,5.0,True,,,,,,,,,,,,,,
RA-238,3,14.0,Menina,2021,Escola Pública,Ágata,6.331,8.8,6.4,5.0,,5.1,4.3,6.5,4.5,7.208,5.0,Fase 4 (9º ano),-1,2022,3,1,Defasagem moderada,1,5.0,True,,,,,,,,,,,,,,
RA-239,3,15.0,Menina,2021,Escola Pública,Quartzo,4.572,0.0,3.7,7.5,,3.7,2.0,4.7,4.5,5.958,5.0,Fase 5 (1º EM),-2,2022,3,1,Defasagem moderada,1,5.0,True,2023.0,-2.0,7.0,8.4,5.0,8.125,7.6275,5.0,6.411333333,Ágata,1,3.3,4.7,1.839333333
RA-239,FASE 4,16.0,Feminino,2021,Pública,Ágata,6.411333333,0.0,8.4,5.0,8.125,7.0,6.0,7.2,7.7,7.6275,5.0,Fase 6 (2° EM),-2,2023,4,2,Defasagem moderada,1,5.0,True,2024.0,-3.0,6.666666666666667,6.361737677333333,5.635,7.875,8.502,2.5,6.782180868800001,Ágata,1,-0.33333333333333304,-2.038262322666667,0.3708475358000012
RA-239,4F,17.0,Feminino,2021,Pública,Ágata,6.782180868800001,8.751,6.361737677333333,5.635,7.875,6.666666666666667,4.0,10.0,6.0,8.502,2.5,Fase 7 (3° EM),-3,2024,4,3,Defasagem severa,1,2.5,True,,,,,,,,,,,,,,
RA-24,6,17.0,Menina,2021,Rede Decisão,Topázio,8.087,9.2,7.9,6.9,,8.6,10.0,6.3,9.7,9.111,5.0,Fase 7 (3º EM),-1,2022,6,1,Defasagem moderada,1,5.0,True,,,,,,,,,,,,,,
RA-240,3,13.0,Menina,2017,Rede Decisão,Ágata,6.943,7.1,8.1,5.0,,4.7,6.3,5.0,2.8,7.042,10.0,Fase 3 (7º e 8º ano),0,2022,3,5,Em fase / adiantado,0,10.0,True,2023.0,0.0,4.8,6.7,2.52,6.875,6.9175,10.0,6.337966667,Ágata,0,0.09999999999999964,-1.3999999999999995,-0.6050333329999997
RA-240,FASE 4,,Feminino,2017,Privada - Programa de Apadrinhamento,Ágata,6.337966667,7.1,6.7,2.52,6.875,4.8,7.0,3.3,4.2,6.9175,10.0,Fase 4 (9° ano),0,2023,4,6,Em fase / adiantado,0,10.0,True,,,,,,,,,,,,,,
RA-241,3,14.0,Menino,2016,Rede Decisão,Topázio,8.468,10.0,10.0,7.5,,7.7,8.2,7.5,7.3,9.125,5.0,Fase 4 (9º ano),-1,2022,3,6,Defasagem moderada,1,5.0,True,2023.0,-1.0,7.5,9.9,2.52,8.75,9.545,5.0,7.016,Ametista,1,-0.20000000000000018,-0.09999999999999964,-1.452
RA-241,FASE 4,,Masculino,2016,Privada - Programa de Apadrinhamento,Ametista,7.016,0.0,9.9,2.52,8.75,7.5,9.3,7.0,6.2,9.545,5.0,Fase 5 (1° EM),-1,2023,4,7,Defasagem moderada,1,5.0,True,2024.0,2.0,6.816666666666667,9.891666667,7.1975,7.5,7.5,10.0,8.311616666733334,Topázio,0,-0.6833333333333327,-0.008333332999999499,1.2956166667333342
RA-241,7E,16.0,Masculino,2021,Privada *Parcerias com Bolsa 100%,Topázio,8.311616666733334,10.002,9.891666667,7.1975,7.5,6.816666666666667,6.15,7.2,7.1,7.5,10.0,Fase 5 (1° EM),2,2024,7,3,Em fase / adiantado,0,10.0,True,,,,,,,,,,,,,,
RA-242,3,13.0,Menino,2018,Rede Decisão,Topázio,8.673,9.6,9.7,5.6,,8.2,8.7,7.2,8.7,8.708,10.0,Fase 3 (7º e 8º ano),0,2022,3,4,Em fase / adiantado,0,10.0,True,2023.0,0.0,7.9,9.7,2.52,8.59375,9.3775,10.0,8.221841667,Topázio,0,-0.29999999999999893,0.0,-0.4511583330000004
RA-242,FASE 4,14.0,Masculino,2018,Privada - Programa de Apadrinhamento,Topázio,8.221841667,7.1,9.7,2.52,8.59375,7.9,9.3,7.3,7.2,9.3775,10.0,Fase 4 (9° ano),0,2023,4,5,Em fase / adiantado,0,10.0,True,2024.0,2.0,7.650000000000001,9.621,6.26,7.5,7.5,10.0,8.2887,Topázio,0,-0.2499999999999991,-0.07899999999999885,0.06685833300000077
RA-242,7E,15.0,Masculino,2021,Privada *Parcerias com Bolsa 100%,Topázio,8.2887,9.585,9.621,6.26,7.5,7.650000000000001,8.05,8.05,6.85,7.5,10.0,Fase 5 (1° EM),2,2024,7,3,Em fase / adiantado,0,10.0,True,,,,,,,,,,,,,,
RA-243,3,15.0,Menina,2022,Escola Pública,Ágata,6.982,7.1,8.7,5.0,,6.0,5.0,5.3,7.7,7.875,5.0,Fase 5 (1º EM),-2,2022,3,0,Defasagem moderada,1,5.0,True,,,,,,,,,,,,,,
RA-244,3,12.0,Menina,2018,Rede Decisão,Topázio,8.51,7.5,9.4,6.3,,7.8,6.7,8.0,8.7,9.208,10.0,Fase 3 (7º e 8º ano),0,2022,3,4,Em fase / adiantado,0,10.0,True,2023.0,1.0,7.3,8.8,2.52,8.125,8.8325,10.0,7.044333333,Ametista,0,-0.5,-0.5999999999999996,-1.4656666669999998
RA-244,FASE 4,13.0,Feminino,2018,Privada - Programa de Apadrinhamento,Ametista,7.044333333,0.0,8.8,2.52,8.125,7.3,7.0,8.0,6.8,8.8325,10.0,Fase 3 (7° e 8° ano),1,2023,4,5,Em fase / adiantado,0,10.0,True,2024.0,1.0,9.5,10.0,6.26,8.125,8.17,10.0,8.7225,Topázio,0,2.2,1.1999999999999993,1.6781666670000002
RA-244,5G,14.0,Feminino,2021,Privada - Programa de Apadrinhamento,Topázio,8.7225,7.5,10.0,6.26,8.125,9.5,10.0,9.0,9.5,8.17,10.0,Fase 4 (9° ano),1,2024,5,3,Em fase / adiantado,0,10.0,True,,,,,,,,,,,,,,
RA-245,3,14.0,Menino,2016,Rede Decisão,Topázio,8.656,10.0,9.9,7.5,,8.4,8.3,8.2,8.8,9.25,5.0,Fase 4 (9º ano),-1,2022,3,6,Defasagem moderada,1,5.0,True,2023.0,-1.0,8.1,10.0,2.52,8.75,9.5875,5.0,7.171166667,Ametista,1,-0.3000000000000007,0.09999999999999964,-1.484833333000001
RA-245,FASE 4,,Masculino,2016,Privada - Programa de Apadrinhamento,Ametista,7.171166667,0.0,10.0,2.52,8.75,8.1,9.3,7.8,7.3,9.5875,5.0,Fase 5 (1° EM),-1,2023,4,7,Defasagem moderada,1,5.0,True,2024.0,2.0,8.033333333333333,9.953333333,6.885,7.5,7.5,10.0,8.452633333266668,Topázio,0,-0.06666666666666643,-0.04666666700000022,1.2814666662666685
RA-245,7E,16.0,Masculino,2021,Privada - Programa de Apadrinhamento,Topázio,8.452633333266668,9.168,9.953333333,6.885,7.5,8.033333333333333,8.4,7.6,8.1,7.5,10.0,Fase 5 (1° EM),2,2024,7,3,Em fase / adiantado,0,10.0,True,,,,,,,,,,,,,,
RA-246,3,13.0,Menino,2022,Escola Pública,Topázio,8.639,8.3,9.4,7.5,,7.6,8.0,6.7,8.0,9.167,10.0,Fase 3 (7º e 8º ano),0,2022,3,0,Em fase / adiantado,0,10.0,True,2023.0,0.0,6.8,9.9,4.39,8.125,8.9175,10.0,8.256766667,Topázio,0,-0.7999999999999998,0.5,-0.3822333329999985
RA-246,FASE 4,,Masculino,2022,Privada,Topázio,8.256766667,8.8,9.9,4.39,8.125,6.8,7.7,7.0,5.8,8.9175,10.0,Fase 4 (9° ano),0,2023,4,1,Em fase / adiantado,0,10.0,True,2024.0,2.0,0.0,0.0,6.57,7.5,7.5,10.0,4.7404,Quartzo,0,-6.8,-9.9,-3.5163666670000007
RA-246,7E,15.0,Masculino,2022,Privada *Parcerias com Bolsa 100%,Quartzo,4.7404,8.334,0.0,6.57,7.5,0.0,0.0,0.0,0.0,7.5,10.0,Fase 5 (1° EM),2,2024,7,2,Em fase / adiantado,0,10.0,True,,,,,,,,,,,,,,
RA-247,3,13.0,Menina,2021,Escola Pública,Ametista,7.72,8.3,8.2,7.5,,5.8,5.3,5.7,6.3,7.875,10.0,Fase 3 (7º e 8º ano),0,2022,3,1,Em fase / adiantado,0,10.0,True,2023.0,0.0,7.2,8.5,7.52,8.28125,7.5425,10.0,7.221958333,Ametista,0,1.4000000000000004,0.3000000000000007,-0.49804166699999985
RA-247,FASE 3,13.0,Feminino,2021,Pública,Ametista,7.221958333,0.0,8.5,7.52,8.28125,7.2,6.5,6.7,8.3,7.5425,10.0,Fase 3 (7° e 8° ano),0,2023,3,2,Em fase / adiantado,0,10.0,True,2024.0,0.0,4.333333333333333,8.306595365666666,6.26,7.75,8.5875,10.0,6.646485739800001,Ágata,0,-2.866666666666667,-0.19340463433333355,-0.5754725931999989
RA-247,4B,14.0,Feminino,2021,Pública,Ágata,6.646485739800001,0.0,8.306595365666666,6.26,7.75,4.333333333333333,0.0,5.0,8.0,8.5875,10.0,Fase 4 (9° ano),0,2024,4,3,Em fase / adiantado,0,10.0,True,,,,,,,,,,,,,,
RA-248,3,13.0,Menino,2022,Escola Pública,Ametista,7.429,9.2,7.6,7.5,,5.2,4.0,5.5,6.0,7.292,10.0,Fase 3 (7º e 8º ano),0,2022,3,0,Em fase / adiantado,0,10.0,True,,,,,,,,,,,,,,
RA-249,3,14.0,Menino,2017,Escola Pública,Quartzo,5.097,6.7,7.4,5.0,,2.9,2.3,4.2,2.2,4.292,5.0,Fase 4 (9º ano),-1,2022,3,5,Defasagem moderada,1,5.0,True,2023.0,-2.0,4.9,8.2,5.0,5.15625,6.545,5.0,5.444625,Quartzo,1,2.0000000000000004,0.7999999999999989,0.34762499999999985
RA-249,FASE 3,,Masculino,2017,Pública,Quartzo,5.444625,0.0,8.2,5.0,5.15625,4.9,6.2,5.3,3.2,6.545,5.0,Fase 5 (1° EM),-2,2023,3,6,Defasagem moderada,1,5.0,True,2024.0,-2.0,5.0,6.645021645,5.0,6.75,7.064,5.0,6.125104328999999,Ágata,1,0.09999999999999964,-1.5549783549999994,0.6804793289999989
RA-249,4F,16.0,Masculino,2021,Pública,Ágata,6.125104328999999,7.083,6.645021645,5.0,6.75,5.0,1.0,8.0,6.0,7.064,5.0,Fase 6 (2° EM),-2,2024,4,3,Defasagem moderada,1,5.0,True,,,,,,,,,,,,,,
RA-25,6,17.0,Menina,2021,Escola Pública,Ametista,7.979,8.3,8.3,8.8,,6.9,9.2,3.8,7.7,9.667,5.0,Fase 7 (3º EM),-1,2022,6,1,Defasagem moderada,1,5.0,True,2023.0,0.0,,,,,,10.0,,,0,,,
RA-25,FASE 8,18.0,Feminino,2021,Privada *Parcerias com Bolsa 100%,,,,,,,,,,,,10.0,Fase 8 (Universitários),0,2023,8,2,Em fase / adiantado,0,10.0,True,2024.0,0.0,,0.0,,,,10.0,,,0,,,
RA-25,8E,19.0,Feminino,2021,Privada *Parcerias com Bolsa 100%,,,,0.0,,,,,,,,10.0,Fase 8 (Universitários),0,2024,8,3,Em fase / adiantado,0,10.0,True,,,,,,,,,,,,,,
RA-250,3,12.0,Menina,2022,Escola Pública,Ametista,7.958,8.3,8.6,7.5,,6.6,6.7,6.5,6.7,7.625,10.0,Fase 3 (7º e 8º ano),0,2022,3,0,Em fase / adiantado,0,10.0,True,2023.0,0.0,8.3,9.3,5.63,7.96875,8.625,10.0,7.598208333,Ametista,0,1.700000000000001,0.7000000000000011,-0.35979166700000054
RA-250,FASE 3,13.0,Feminino,2022,Pública,Ametista,7.598208333,0.0,9.3,5.63,7.96875,8.3,7.7,8.8,8.3,8.625,10.0,Fase 3 (7° e 8° ano),0,2023,3,1,Em fase / adiantado,0,10.0,True,2024.0,0.0,9.166666666666666,9.629629629666667,6.88,8.958333333,8.95,10.0,9.049892592566668,Topázio,0,0.8666666666666654,0.3296296296666661,1.451684259566668
RA-250,4H,14.0,Feminino,2022,Privada - Programa de Apadrinhamento,Topázio,9.049892592566668,9.168,9.629629629666667,6.88,8.958333333,9.166666666666666,10.0,7.5,10.0,8.95,10.0,Fase 4 (9° ano),0,2024,4,2,Em fase / adiantado,0,10.0,True,,,,,,,,,,,,,,
RA-251,3,15.0,Menino,2018,Escola Pública,Ágata,7.022,10.0,8.1,5.6,,6.3,5.3,6.3,7.2,6.625,5.0,Fase 5 (1º EM),-2,2022,3,4,Defasagem moderada,1,5.0,True,2023.0,-1.0,5.3,8.0,2.52,7.34375,7.835,5.0,6.665208333,Ágata,1,-1.0,-0.09999999999999964,-0.3567916670000004
RA-251,FASE 4,,Masculino,2018,Pública,Ágata,6.665208333,9.6,8.0,2.52,7.34375,5.3,5.0,5.5,5.3,7.835,5.0,Fase 5 (1° EM),-1,2023,4,5,Defasagem moderada,1,5.0,True,2024.0,-1.0,4.5,8.612836439,5.63,6.875,7.326666667,5.0,6.7135006212,Ágata,1,-0.7999999999999998,0.6128364390000005,0.04829228819999987
RA-251,5N,16.0,Masculino,2021,Pública,Ágata,6.7135006212,8.751,8.612836439,5.63,6.875,4.5,4.0,2.5,7.0,7.326666667,5.0,Fase 6 (2° EM),-1,2024,5,3,Defasagem moderada,1,5.0,True,,,,,,,,,,,,,,
RA-252,3,14.0,Menino,2018,Escola Pública,Quartzo,4.277,9.2,2.8,7.5,,0.9,1.3,1.2,0.2,3.875,5.0,Fase 4 (9º ano),-1,2022,3,4,Defasagem moderada,1,5.0,True,,,,,,,,,,,,,,
RA-253,3,15.0,Menino,2019,Escola Pública,Quartzo,4.312,9.2,3.6,5.0,,1.8,1.0,3.7,0.7,3.75,5.0,Fase 5 (1º EM),-2,2022,3,3,Defasagem moderada,1,5.0,True,,,,,,,,,,,,,,
RA-254,3,14.0,Menino,2019,Escola Pública,Ágata,6.715,10.0,7.4,5.6,,5.3,5.0,6.8,4.0,6.917,5.0,Fase 4 (9º ano),-1,2022,3,3,Defasagem moderada,1,5.0,True,2023.0,-1.0,5.9,8.8,,7.8125,7.71,5.0,,,1,0.6000000000000005,1.4000000000000004,
RA-254,FASE 4,15.0,Masculino,2019,Pública,,,9.6,8.8,,7.8125,5.9,5.7,5.7,6.2,7.71,5.0,Fase 5 (1° EM),-1,2023,4,4,Defasagem moderada,1,5.0,True,,,,,,,,,,,,,,
RA-255,3,14.0,Menino,2019,Escola Pública,Quartzo,4.563,7.5,3.8,5.0,,1.3,1.0,2.3,0.5,5.542,5.0,Fase 4 (9º ano),-1,2022,3,3,Defasagem moderada,1,5.0,True,,,,,,,,,,,,,,
RA-256,3,12.0,Menina,2019,Escola Pública,Ametista,7.192,8.8,8.5,5.0,,5.2,5.3,6.7,3.5,6.708,10.0,Fase 3 (7º e 8º ano),0,2022,3,3,Em fase / adiantado,0,10.0,True,,,,,,,,,,,,,,
RA-257,3,14.0,Menina,2018,Escola Pública,Quartzo,5.149,0.0,6.4,5.6,,3.6,4.0,5.2,1.5,6.708,5.0,Fase 4 (9º ano),-1,2022,3,4,Defasagem moderada,1,5.0,True,,,,,,,,,,,,,,
RA-258,3,12.0,Menina,2018,Escola Pública,Ágata,6.926,10.0,7.3,5.6,,4.8,2.7,6.2,5.5,6.125,10.0,Fase 3 (7º e 8º ano),0,2022,3,4,Em fase / adiantado,0,10.0,True,2024.0,,,,,,,,,,,,,
RA-258,3H,13.0,Feminino,2021,Pública,Ágata,6.429063888866667,7.084,6.944444444333333,7.51,7.34375,2.5,,5.0,0.0,6.732,10.0,Fase 3 (7° e 8° ano),0,2024,3,3,Em fase / adiantado,0,10.0,True,,,,,,,,,,,,,,
RA-259,3,16.0,Menino,2017,Escola Pública,Quartzo,4.182,8.8,2.9,7.5,,0.9,0.0,2.7,0.2,4.625,2.5,Fase 6 (2º EM),-3,2022,3,5,Defasagem severa,1,2.5,True,,,,,,,,,,,,,,
RA-26,6,17.0,Menino,2022,Escola Pública,Topázio,8.677,9.6,8.8,10.0,,8.0,9.5,4.4,10.0,10.0,5.0,Fase 7 (3º EM),-1,2022,6,0,Defasagem moderada,1,5.0,True,2023.0,-1.0,,,7.52,,,5.0,,,1,,,
RA-26,FASE 7,,Masculino,2022,Privada *Parcerias com Bolsa 100%,,,0.0,,7.52,,,,,,,5.0,Fase 8 (Universitários),-1,2023,7,1,Defasagem moderada,1,5.0,True,2024.0,0.0,,0.0,,,,10.0,,,0,,,
RA-26,8F,19.0,Masculino,2022,Privada *Parcerias com Bolsa 100%,,,,0.0,,,,,,,,10.0,Fase 8 (Universitários),0,2024,8,2,Em fase / adiantado,0,10.0,True,,,,,,,,,,,,,,
RA-260,3,13.0,Menina,2019,Escola Pública,Ametista,7.44,10.0,8.2,7.5,,5.0,5.7,5.2,4.2,6.458,10.0,Fase 3 (7º e 8º ano),0,2022,3,3,Em fase / adiantado,0,10.0,True,2023.0,0.0,6.1,9.9,7.52,7.34375,7.4175,10.0,8.080008333,Topázio,0,1.0999999999999996,1.700000000000001,0.6400083329999999
RA-260,FASE 3,,Feminino,2019,Pública,Topázio,8.080008333,9.2,9.9,7.52,7.34375,6.1,6.3,5.2,6.7,7.4175,10.0,Fase 3 (7° e 8° ano),0,2023,3,4,Em fase / adiantado,0,10.0,True,2024.0,0.0,7.0,9.674603174666666,7.51,7.875,8.502,10.0,8.448920634933334,Topázio,0,0.9000000000000004,-0.22539682533333405,0.36891230193333335
RA-260,4F,15.0,Feminino,2021,Pública,Topázio,8.448920634933334,8.751,9.674603174666666,7.51,7.875,7.0,7.5,5.5,8.0,8.502,10.0,Fase 4 (9° ano),0,2024,4,3,Em fase / adiantado,0,10.0,True,,,,,,,,,,,,,,
RA-261,3,14.0,Menina,2019,Escola Pública,Ágata,6.763,8.8,7.2,5.6,,5.8,6.2,5.8,5.5,7.042,5.0,Fase 4 (9º ano),-1,2022,3,3,Defasagem moderada,1,5.0,True,,,,,,,,,,,,,,
RA-262,3,15.0,Menino,2021,Escola Pública,Quartzo,4.786,0.0,5.8,5.6,,3.4,1.3,5.5,3.5,5.625,5.0,Fase 5 (1º EM),-2,2022,3,1,Defasagem moderada,1,5.0,True,2023.0,-2.0,3.8,3.7,5.0,7.03125,6.05,5.0,4.406458333,Quartzo,1,0.3999999999999999,-2.0999999999999996,-0.3795416669999998
RA-262,FASE 4,,Masculino,2021,Privada,Quartzo,4.406458333,0.0,3.7,5.0,7.03125,3.8,5.0,3.3,3.0,6.05,5.0,Fase 6 (2° EM),-2,2023,4,2,Defasagem moderada,1,5.0,True,2024.0,-2.0,4.166666666666667,4.854560643666667,7.51,7.0,6.296,5.0,5.806145462066667,Quartzo,1,0.36666666666666714,1.1545606436666667,1.3996871290666668
RA-262,4F,17.0,Masculino,2021,Privada,Quartzo,5.806145462066667,7.917,4.854560643666667,7.51,7.0,4.166666666666667,1.0,4.5,7.0,6.296,5.0,Fase 6 (2° EM),-2,2024,4,3,Defasagem moderada,1,5.0,True,,,,,,,,,,,,,,
RA-263,3,15.0,Menina,2019,Escola Pública,Quartzo,5.319,5.8,5.6,7.5,,3.7,3.0,2.8,5.4,4.417,5.0,Fase 5 (1º EM),-2,2022,3,3,Defasagem moderada,1,5.0,True,,,,,,,,,,,,,,
RA-264,3,15.0,Menina,2022,Escola Pública,Ametista,7.087,10.0,9.2,5.6,,5.8,6.0,5.5,,6.625,5.0,Fase 5 (1º EM),-2,2022,3,0,Defasagem moderada,1,5.0,True,,,,,,,,,,,,,,
RA-265,3,13.0,Menino,2019,Escola Pública,Ametista,7.926,8.3,7.7,7.5,,6.9,5.3,7.0,8.5,7.917,10.0,Fase 3 (7º e 8º ano),0,2022,3,3,Em fase / adiantado,0,10.0,True,2023.0,0.0,7.0,8.7,,7.96875,7.88,10.0,,,0,0.09999999999999964,0.9999999999999991,
RA-265,FASE 4,14.0,Masculino,2019,Pública,,,8.3,8.7,,7.96875,7.0,7.3,6.8,6.8,7.88,10.0,Fase 4 (9° ano),0,2023,4,4,Em fase / adiantado,0,10.0,True,,,,,,,,,,,,,,
RA-266,3,16.0,Menina,2019,Escola Pública,Quartzo,5.987,7.5,5.8,5.6,,6.0,5.0,6.7,6.3,6.583,2.5,Fase 6 (2º EM),-3,2022,3,3,Defasagem severa,1,2.5,True,,,,,,,,,,,,,,
RA-267,3,15.0,Menina,2016,Escola Pública,Ágata,6.012,10.0,7.4,5.0,,3.3,2.3,4.8,2.7,6.292,5.0,Fase 5 (1º EM),-2,2022,3,6,Defasagem moderada,1,5.0,True,2023.0,-2.0,2.7,7.7,,4.6875,6.505,5.0,,,1,-0.5999999999999996,0.2999999999999998,
RA-267,FASE 4,16.0,Feminino,2016,Pública,,,7.9,7.7,,4.6875,2.7,2.7,4.0,1.3,6.505,5.0,Fase 6 (2° EM),-2,2023,4,7,Defasagem moderada,1,5.0,True,2024.0,-2.0,2.0,8.285533910333333,6.26,4.583333333,6.273333333,5.0,5.8963067819666675,Quartzo,1,-0.7000000000000002,0.585533910333333,
RA-267,5G,17.0,Feminino,2021,Pública,Quartzo,5.8963067819666675,10.002,8.285533910333333,6.26,4.583333333,2.0,0.0,2.0,4.0,6.273333333,5.0,Fase 7 (3° EM),-2,2024,5,3,Defasagem moderada,1,5.0,True,,,,,,,,,,,,,,
RA-268,3,14.0,Menina,2021,Escola Pública,Ágata,6.695,9.2,6.7,6.3,,5.7,7.0,6.8,3.2,7.208,5.0,Fase 4 (9º ano),-1,2022,3,1,Defasagem moderada,1,5.0,True,,,,,,,,,,,,,,
RA-269,3,13.0,Menino,2022,Escola Pública,Topázio,8.231,9.2,8.6,6.3,,8.9,8.7,9.5,8.5,7.25,10.0,Fase 3 (7º e 8º ano),0,2022,3,0,Em fase / adiantado,0,10.0,True,2023.0,0.0,7.4,9.0,2.52,8.59375,8.7975,10.0,8.116041667,Topázio,0,-1.5,0.40000000000000036,-0.11495833300000058
RA-269,FASE 4,14.0,Masculino,2022,Pública,Topázio,8.116041667,9.6,9.0,2.52,8.59375,7.4,8.0,7.3,7.0,8.7975,10.0,Fase 4 (9° ano),0,2023,4,1,Em fase / adiantado,0,10.0,True,2024.0,2.0,8.200000000000001,9.6,7.505,7.5,7.5,10.0,8.4773,Topázio,0,0.8000000000000007,0.5999999999999996,0.3612583330000003
RA-269,7E,15.0,Masculino,2022,Privada *Parcerias com Bolsa 100%,Topázio,8.4773,9.168,9.6,7.505,7.5,8.200000000000001,8.1,8.6,7.9,7.5,10.0,Fase 5 (1° EM),2,2024,7,2,Em fase / adiantado,0,10.0,True,,,,,,,,,,,,,,
RA-27,6,17.0,Menino,2016,Rede Decisão,Ametista,7.124,0.0,7.6,8.1,,8.0,7.7,6.3,10.0,9.111,5.0,Fase 7 (3º EM),-1,2022,6,6,Defasagem moderada,1,5.0,True,2023.0,0.0,6.9,7.7,6.89,8.625,8.8825,10.0,7.921266667,Ametista,0,-1.0999999999999996,0.10000000000000053,0.7972666670000006
RA-27,FASE 7,,Masculino,2016,Privada - Programa de Apadrinhamento,Ametista,7.921266667,6.7,7.7,6.89,8.625,6.9,7.0,5.8,8.0,8.8825,10.0,Fase 7 (3° EM),0,2023,7,7,Em fase / adiantado,0,10.0,True,2024.0,0.0,,0.0,,,,10.0,,,0,,-7.7,
RA-27,8F,18.0,Masculino,2021,Privada *Parcerias com Bolsa 100%,,,,0.0,,,,,,,,10.0,Fase 8 (Universitários),0,2024,8,3,Em fase / adiantado,0,10.0,True,,,,,,,,,,,,,,
RA-270,3,13.0,Menina,2019,Rede Decisão,Topázio,8.226,8.3,8.4,6.9,,7.9,8.0,7.2,8.5,8.125,10.0,Fase 3 (7º e 8º ano),0,2022,3,3,Em fase / adiantado,0,10.0,True,2023.0,0.0,6.6,9.0,2.52,8.75,9.1275,10.0,7.982633333,Ametista,0,-1.3000000000000007,0.5999999999999996,-0.24336666700000098
RA-270,FASE 4,14.0,Feminino,2019,Privada - Programa de Apadrinhamento,Ametista,7.982633333,9.2,9.0,2.52,8.75,6.6,7.7,6.2,5.8,9.1275,10.0,Fase 4 (9° ano),0,2023,4,4,Em fase / adiantado,0,10.0,True,2024.0,2.0,0.0,0.0,6.2575,7.5,7.5,10.0,4.79255,Quartzo,0,-6.6,-9.0,-3.1900833329999996
RA-270,7E,15.0,Feminino,2021,Privada - Programa de Apadrinhamento,Quartzo,4.79255,9.168,0.0,6.2575,7.5,0.0,0.0,0.0,0.0,7.5,10.0,Fase 5 (1° EM),2,2024,7,3,Em fase / adiantado,0,10.0,True,,,,,,,,,,,,,,
RA-271,3,15.0,Menina,2022,Escola Pública,Ametista,7.255,9.2,8.5,5.6,,7.1,6.3,6.5,8.3,6.958,5.0,Fase 5 (1º EM),-2,2022,3,0,Defasagem moderada,1,5.0,True,2023.0,-2.0,5.9,9.3,2.52,8.125,7.7125,5.0,6.140333333,Ágata,1,-1.1999999999999993,0.8000000000000007,-1.1146666669999998
RA-271,FASE 4,16.0,Feminino,2022,Pública,Ágata,6.140333333,0.0,9.3,2.52,8.125,5.9,4.3,7.0,6.3,7.7125,5.0,Fase 6 (2° EM),-2,2023,4,1,Defasagem moderada,1,5.0,True,2024.0,-1.0,7.333333333333333,8.958333333333334,6.26,7.5,6.7475,5.0,7.400633333333334,Ametista,1,1.4333333333333327,-0.3416666666666668,1.2603000003333342
RA-271,5M,17.0,Feminino,2022,Pública,Ametista,7.400633333333334,9.168,8.958333333333334,6.26,7.5,7.333333333333333,5.0,7.5,9.5,6.7475,5.0,Fase 6 (2° EM),-1,2024,5,2,Defasagem moderada,1,5.0,True,,,,,,,,,,,,,,
RA-272,3,14.0,Menino,2021,Escola Pública,Ágata,6.361,9.2,5.7,7.5,,5.1,5.0,6.8,3.5,6.417,5.0,Fase 4 (9º ano),-1,2022,3,1,Defasagem moderada,1,5.0,True,,,,,,,,,,,,,,
RA-273,3,14.0,Menina,2018,Escola Pública,Quartzo,5.679,9.2,5.3,7.5,,3.0,3.8,4.7,0.5,5.833,5.0,Fase 4 (9º ano),-1,2022,3,4,Defasagem moderada,1,5.0,True,2023.0,-1.0,5.0,7.4,2.52,7.8125,7.6275,5.0,6.337116667,Ágata,1,2.0,2.1000000000000005,0.6581166669999998
RA-273,FASE 3,14.0,Feminino,2018,Pública,Ágata,6.337116667,7.9,7.4,2.52,7.8125,5.0,5.3,6.8,3.0,7.6275,5.0,Fase 4 (9° ano),-1,2023,3,5,Defasagem moderada,1,5.0,True,2024.0,-1.0,4.5,7.323153899,6.26,8.125,6.896,5.0,6.5991307798,Ágata,1,-0.5,-0.07684610100000011,0.2620141128000002
RA-273,4N,16.0,Feminino,2021,Pública,Ágata,6.5991307798,9.168,7.323153899,6.26,8.125,4.5,3.0,6.5,4.0,6.896,5.0,Fase 5 (1° EM),-1,2024,4,3,Defasagem moderada,1,5.0,True,,,,,,,,,,,,,,
RA-274,3,11.0,Menina,2019,Rede Decisão,Ametista,7.946,7.9,8.3,7.5,,8.1,8.1,9.3,7.0,7.0,10.0,Fase 2 (5º e 6º ano),1,2022,3,3,Em fase / adiantado,0,10.0,True,2023.0,1.0,7.5,9.5,5.63,7.65625,8.295,10.0,8.137625,Topázio,0,-0.5999999999999996,1.1999999999999993,0.19162500000000016
RA-274,FASE 4,12.0,Feminino,2019,Privada - Programa de Apadrinhamento,Topázio,8.137625,7.5,9.5,5.63,7.65625,7.5,7.0,7.7,7.8,8.295,10.0,Fase 3 (7° e 8° ano),1,2023,4,4,Em fase / adiantado,0,10.0,True,2024.0,2.0,9.333333333333334,9.648148147999999,5.635,8.125,8.226666667,10.0,8.651029629666667,Topázio,0,1.833333333333334,0.14814814799999887,0.5134046296666668
RA-274,5L,13.0,Feminino,2021,Privada - Programa de Apadrinhamento,Topázio,8.651029629666667,8.334,9.648148147999999,5.635,8.125,9.333333333333334,9.0,9.0,10.0,8.226666667,10.0,Fase 3 (7° e 8° ano),2,2024,5,3,Em fase / adiantado,0,10.0,True,,,,,,,,,,,,,,
RA-275,3,15.0,Menino,2018,Escola Pública,Ágata,6.665,9.6,6.9,7.5,,4.6,5.0,6.0,2.7,6.667,5.0,Fase 5 (1º EM),-2,2022,3,4,Defasagem moderada,1,5.0,True,,,,,,,,,,,,,,
RA-276,3,14.0,Menina,2017,Escola Pública,Quartzo,5.527,7.1,5.7,5.6,,4.3,3.7,6.0,3.3,5.125,5.0,Fase 4 (9º ano),-1,2022,3,5,Defasagem moderada,1,5.0,True,2023.0,0.0,5.5,8.5,2.52,7.03125,6.585,10.0,6.690458333,Ágata,0,1.2000000000000002,2.8,1.1634583329999995
RA-276,FASE 4,,Feminino,2017,Privada - Programa de Apadrinhamento,Ágata,6.690458333,6.3,8.5,2.52,7.03125,5.5,3.7,4.7,8.0,6.585,10.0,Fase 4 (9° ano),0,2023,4,6,Em fase / adiantado,0,10.0,True,,,,,,,,,,,,,,
RA-277,3,14.0,Menino,2021,Escola Pública,Ametista,7.411,7.1,8.8,7.5,,7.4,7.2,7.0,8.2,7.208,5.0,Fase 4 (9º ano),-1,2022,3,1,Defasagem moderada,1,5.0,True,2023.0,-1.0,5.5,9.9,7.52,8.125,8.7525,5.0,7.7284,Ametista,1,-1.9000000000000004,1.0999999999999996,0.3174000000000001
RA-277,FASE 4,,Masculino,2021,Pública,Ametista,7.7284,8.3,9.9,7.52,8.125,5.5,5.7,6.0,4.8,8.7525,5.0,Fase 5 (1° EM),-1,2023,4,2,Defasagem moderada,1,5.0,True,2024.0,2.0,6.8999999999999995,9.741666667,6.5725,7.5,7.5,10.0,8.0689833334,Topázio,0,1.3999999999999995,-0.15833333299999985,0.3405833334000006
RA-277,7E,16.0,Masculino,2021,Privada *Parcerias com Bolsa 100%,Topázio,8.0689833334,8.334,9.741666667,6.5725,7.5,6.8999999999999995,6.5,8.15,6.05,7.5,10.0,Fase 5 (1° EM),2,2024,7,3,Em fase / adiantado,0,10.0,True,,,,,,,,,,,,,,
RA-278,3,12.0,Menino,2018,Rede Decisão,Ametista,7.741,8.8,9.2,5.6,,6.0,5.7,5.8,6.4,7.417,10.0,Fase 3 (7º e 8º ano),0,2022,3,4,Em fase / adiantado,0,10.0,True,2023.0,1.0,5.6,9.8,5.63,8.75,8.3775,10.0,7.1935,Ametista,0,-0.40000000000000036,0.6000000000000014,-0.5474999999999994
RA-278,FASE 4,13.0,Masculino,2018,Pública,Ametista,7.1935,0.0,9.8,5.63,8.75,5.6,6.0,5.3,5.5,8.3775,10.0,Fase 3 (7° e 8° ano),1,2023,4,5,Em fase / adiantado,0,10.0,True,2024.0,1.0,9.333333333333334,9.855072463666666,7.51,8.125,7.946666667,10.0,8.907314492800001,Topázio,0,3.7333333333333343,0.05507246366666507,1.713814492800001
RA-278,5N,14.0,Masculino,2021,Privada - Programa de Apadrinhamento,Topázio,8.907314492800001,9.168,9.855072463666666,7.51,8.125,9.333333333333334,9.0,9.0,10.0,7.946666667,10.0,Fase 4 (9° ano),1,2024,5,3,Em fase / adiantado,0,10.0,True,,,,,,,,,,,,,,
RA-279,3,13.0,Menino,2019,Rede Decisão,Topázio,8.815,9.2,9.9,6.3,,9.1,9.7,8.3,9.3,8.208,10.0,Fase 3 (7º e 8º ano),0,2022,3,3,Em fase / adiantado,0,10.0,True,2023.0,0.0,8.9,10.0,6.27,8.75,9.2125,10.0,9.006266667,Topázio,0,-0.1999999999999993,0.09999999999999964,0.19126666700000072
RA-279,FASE 4,14.0,Masculino,2019,Pública,Topázio,9.006266667,8.8,10.0,6.27,8.75,8.9,9.0,8.5,9.3,9.2125,10.0,Fase 4 (9° ano),0,2023,4,4,Em fase / adiantado,0,10.0,True,2024.0,1.0,9.333333333333334,10.0,7.51,8.333333333,8.726666667,10.0,9.113133333366667,Topázio,0,0.43333333333333357,0.0,0.10686666636666686
RA-279,5N,15.0,Masculino,2021,Privada - Programa de Apadrinhamento,Topázio,9.113133333366667,9.168,10.0,7.51,8.333333333,9.333333333333334,10.0,8.0,10.0,8.726666667,10.0,Fase 4 (9° ano),1,2024,5,3,Em fase / adiantado,0,10.0,True,,,,,,,,,,,,,,
RA-28,6,17.0,Menina,2019,Escola Pública,Ágata,6.242,7.9,6.1,7.5,,5.0,8.2,1.5,5.3,6.333,5.0,Fase 7 (3º EM),-1,2022,6,3,Defasagem moderada,1,5.0,True,,,,,,,,,,,,,,
RA-280,3,13.0,Menina,2021,Rede Decisão,Ametista,8.046,7.5,9.2,7.5,,7.1,5.7,7.0,8.7,7.333,10.0,Fase 3 (7º e 8º ano),0,2022,3,1,Em fase / adiantado,0,10.0,True,2023.0,0.0,6.5,9.5,7.52,8.28125,8.7125,10.0,8.189225,Topázio,0,-0.5999999999999996,0.3000000000000007,0.14322500000000105
RA-280,FASE 4,,Feminino,2021,Privada - Programa de Apadrinhamento,Topázio,8.189225,6.7,9.5,7.52,8.28125,6.5,6.3,7.7,5.5,8.7125,10.0,Fase 4 (9° ano),0,2023,4,2,Em fase / adiantado,0,10.0,True,2024.0,1.0,9.333333333333334,9.855072463666666,6.26,8.333333333,8.67,10.0,8.822714492700001,Topázio,0,2.833333333333334,0.3550724636666658,0.6334894927000008
RA-280,5N,15.0,Feminino,2021,Privada - Programa de Apadrinhamento,Topázio,8.822714492700001,7.917,9.855072463666666,6.26,8.333333333,9.333333333333334,10.0,8.0,10.0,8.67,10.0,Fase 4 (9° ano),1,2024,5,3,Em fase / adiantado,0,10.0,True,,,,,,,,,,,,,,
RA-281,3,13.0,Menina,2019,Escola Pública,Ágata,6.806,6.7,6.9,7.5,,5.9,5.0,6.8,6.0,5.625,10.0,Fase 3 (7º e 8º ano),0,2022,3,3,Em fase / adiantado,0,10.0,True,,,,,,,,,,,,,,
RA-282,3,13.0,Menina,2019,Escola Pública,Ágata,6.618,8.8,6.8,7.5,,4.0,4.7,6.3,1.0,5.625,10.0,Fase 3 (7º e 8º ano),0,2022,3,3,Em fase / adiantado,0,10.0,True,,,,,,,,,,,,,,
RA-283,3,14.0,Menino,2020,Escola Pública,Ametista,7.131,9.6,8.8,7.5,,5.6,4.5,5.8,6.6,6.625,5.0,Fase 4 (9º ano),-1,2022,3,2,Defasagem moderada,1,5.0,True,2023.0,-2.0,6.8,9.5,7.52,7.03125,7.5025,5.0,7.549025,Ametista,1,1.2000000000000002,0.6999999999999993,0.4180250000000001
RA-283,FASE 3,15.0,Masculino,2020,Pública,Ametista,7.549025,8.3,9.5,7.52,7.03125,6.8,6.8,4.8,8.8,7.5025,5.0,Fase 5 (1° EM),-2,2023,3,3,Defasagem moderada,1,5.0,True,2024.0,-2.0,8.0,9.761904762,6.885,7.8125,7.736,5.0,7.9444309524,Ametista,1,1.2000000000000002,0.26190476200000035,0.3954059524
RA-283,4N,16.0,Masculino,2021,Pública,Ametista,7.9444309524,8.751,9.761904762,6.885,7.8125,8.0,6.5,8.0,9.5,7.736,5.0,Fase 6 (2° EM),-2,2024,4,3,Defasagem moderada,1,5.0,True,,,,,,,,,,,,,,
RA-284,3,13.0,Menino,2022,Escola Pública,Quartzo,5.939,6.7,5.1,5.6,,3.8,7.0,4.5,0.0,5.958,10.0,Fase 3 (7º e 8º ano),0,2022,3,0,Em fase / adiantado,0,10.0,True,,,,,,,,,,,,,,
RA-285,3,16.0,Menina,2020,Escola Pública,Quartzo,5.063,9.2,4.1,7.5,,2.8,4.0,3.2,1.2,5.75,2.5,Fase 6 (2º EM),-3,2022,3,2,Defasagem severa,1,2.5,True,2023.0,-3.0,4.7,4.6,2.52,7.65625,7.13,2.5,5.380358333,Quartzo,1,1.9000000000000004,0.5,0.3173583330000005
RA-285,FASE 4,17.0,Feminino,2020,Pública,Quartzo,5.380358333,8.3,4.6,2.52,7.65625,4.7,4.0,6.0,4.0,7.13,2.5,Fase 7 (3° EM),-3,2023,4,3,Defasagem severa,1,2.5,True,,,,,,,,,,,,,,
RA-286,3,15.0,Menina,2022,Escola Pública,Quartzo,5.424,7.1,5.8,6.3,,3.0,4.7,2.3,2.0,5.625,5.0,Fase 5 (1º EM),-2,2022,3,0,Defasagem moderada,1,5.0,True,2023.0,-1.0,4.7,7.5,5.0,8.125,7.3375,5.0,5.713333333,Quartzo,1,1.7000000000000002,1.7000000000000002,0.2893333329999992
RA-286,FASE 4,15.0,Feminino,2022,Pública,Quartzo,5.713333333,0.0,7.5,5.0,8.125,4.7,3.7,5.0,5.3,7.3375,5.0,Fase 5 (1° EM),-1,2023,4,1,Defasagem moderada,1,5.0,True,2024.0,-1.0,3.1666666666666665,4.031862745000001,6.26,7.34375,5.7825,5.0,5.123180882333333,Quartzo,1,-1.5333333333333337,-3.4681372549999994,-0.5901524506666664
RA-286,5M,16.0,Feminino,2022,Pública,Quartzo,5.123180882333333,6.666,4.031862745000001,6.26,7.34375,3.1666666666666665,5.0,0.0,4.5,5.7825,5.0,Fase 6 (2° EM),-1,2024,5,2,Defasagem moderada,1,5.0,True,,,,,,,,,,,,,,
RA-287,3,17.0,Menina,2022,Escola Pública,Quartzo,3.7,7.9,3.4,5.0,,1.1,0.7,2.5,0.2,4.292,2.5,Fase 7 (3º EM),-4,2022,3,0,Defasagem severa,1,2.5,True,2023.0,-4.0,3.9,4.8,2.52,4.21875,5.375,2.5,3.745541667,Quartzo,1,2.8,1.4,0.04554166699999973
RA-287,FASE 4,18.0,Feminino,2022,Pública,Quartzo,3.745541667,0.0,4.8,2.52,4.21875,3.9,3.0,2.3,6.5,5.375,2.5,Fase 8 (Universitários),-4,2023,4,1,Defasagem severa,1,2.5,True,,,,,,,,,,,,,,
RA-288,3,16.0,Menina,2022,Escola Pública,Quartzo,4.097,0.0,5.6,6.3,,0.0,,,,6.833,2.5,Fase 6 (2º EM),-3,2022,3,0,Defasagem severa,1,2.5,True,,,,,,,,,,,,,,
RA-289,3,14.0,Menina,2020,Escola Pública,Ágata,6.236,0.0,7.8,6.3,,6.8,5.3,7.5,7.5,7.25,5.0,Fase 4 (9º ano),-1,2022,3,2,Defasagem moderada,1,5.0,True,,,,,,,,,,,,,,
RA-29,6,17.0,Menino,2022,Escola Pública,Quartzo,4.985,0.0,4.0,8.8,,3.7,6.3,1.1,3.8,7.611,5.0,Fase 7 (3º EM),-1,2022,6,0,Defasagem moderada,1,5.0,True,2023.0,0.0,,,,,,10.0,,,0,,,
RA-29,FASE 8,,Masculino,2022,Privada *Parcerias com Bolsa 100%,,,,,,,,,,,,10.0,Fase 8 (Universitários),0,2023,8,1,Em fase / adiantado,0,10.0,True,2024.0,0.0,,0.0,,,,10.0,,,0,,,
RA-29,8E,19.0,Masculino,2022,Privada - Pagamento por *Empresa Parceira,,,,0.0,,,,,,,,10.0,Fase 8 (Universitários),0,2024,8,2,Em fase / adiantado,0,10.0,True,,,,,,,,,,,,,,
RA-290,3,17.0,Menina,2022,Escola Pública,Quartzo,4.929,10.0,3.9,6.3,,1.7,1.0,2.3,1.8,6.042,2.5,Fase 7 (3º EM),-4,2022,3,0,Defasagem severa,1,2.5,True,,,,,,,,,,,,,,
RA-291,3,13.0,Menino,2022,Escola Pública,Topázio,8.122,8.3,8.2,6.9,,8.0,8.0,7.5,8.5,7.792,10.0,Fase 3 (7º e 8º ano),0,2022,3,0,Em fase / adiantado,0,10.0,True,2023.0,0.0,7.1,8.6,7.52,8.90625,9.21,10.0,8.493058333,Topázio,0,-0.9000000000000004,0.40000000000000036,0.3710583330000006
RA-291,FASE 4,14.0,Masculino,2022,Privada - Programa de Apadrinhamento,Topázio,8.493058333,8.8,8.6,7.52,8.90625,7.1,8.0,6.5,6.7,9.21,10.0,Fase 4 (9° ano),0,2023,4,1,Em fase / adiantado,0,10.0,True,2024.0,2.0,6.166666666666667,9.737666667,6.26,7.5,7.5,10.0,7.9319666667333335,Ametista,0,-0.9333333333333327,1.1376666669999995,-0.561091666266667
RA-291,7E,15.0,Masculino,2022,Privada - Programa de Apadrinhamento,Ametista,7.9319666667333335,8.751,9.737666667,6.26,7.5,6.166666666666667,6.0,6.5,6.0,7.5,10.0,Fase 5 (1° EM),2,2024,7,2,Em fase / adiantado,0,10.0,True,,,,,,,,,,,,,,
RA-292,3,16.0,Menino,2022,Escola Pública,Quartzo,4.837,7.9,3.7,7.5,,1.8,0.0,5.0,0.5,6.292,2.5,Fase 6 (2º EM),-3,2022,3,0,Defasagem severa,1,2.5,True,,,,,,,,,,,,,,
RA-293,3,13.0,Menino,2022,Escola Pública,Quartzo,4.875,8.8,2.9,7.5,,2.3,2.0,3.8,1.0,3.333,10.0,Fase 3 (7º e 8º ano),0,2022,3,0,Em fase / adiantado,0,10.0,True,,,,,,,,,,,,,,
RA-294,3,18.0,Menina,2022,Escola Pública,Quartzo,5.031,9.6,5.8,7.5,,0.0,,,,5.917,2.5,Fase 8 (Universitários),-5,2022,3,0,Defasagem severa,1,2.5,True,,,,,,,,,,,,,,
RA-295,3,14.0,Menina,2022,Escola Pública,Ametista,7.305,7.9,8.0,7.5,,6.9,5.3,7.7,7.7,7.375,5.0,Fase 4 (9º ano),-1,2022,3,0,Defasagem moderada,1,5.0,True,2023.0,-1.0,7.7,8.8,2.52,9.0625,9.005,5.0,7.641016667,Ametista,1,0.7999999999999998,0.8000000000000007,0.336016667
RA-295,FASE 4,15.0,Feminino,2022,Pública,Ametista,7.641016667,8.8,8.8,2.52,9.0625,7.7,7.3,7.2,8.7,9.005,5.0,Fase 5 (1° EM),-1,2023,4,1,Defasagem moderada,1,5.0,True,,,,,,,,,,,,,,
RA-296,3,15.0,Menina,2022,Escola Pública,Quartzo,4.665,8.8,3.6,7.5,,2.8,5.7,2.7,0.2,3.833,5.0,Fase 5 (1º EM),-2,2022,3,0,Defasagem moderada,1,5.0,True,,,,,,,,,,,,,,
RA-297,3,13.0,Menina,2022,Escola Pública,Ametista,7.478,7.1,7.9,6.3,,6.6,6.3,5.3,8.2,7.417,10.0,Fase 3 (7º e 8º ano),0,2022,3,0,Em fase / adiantado,0,10.0,True,,,,,,,,,,,,,,
RA-298,3,13.0,Menino,2019,Escola Pública,Ágata,6.409,9.2,6.3,5.6,,5.2,5.5,4.8,,5.417,10.0,Fase 3 (7º e 8º ano),0,2022,3,3,Em fase / adiantado,0,10.0,True,2023.0,-1.0,5.5,8.6,2.52,7.5,7.7525,5.0,6.824333333,Ágata,1,0.2999999999999998,2.3,0.4153333330000004
RA-298,FASE 3,14.0,Masculino,2019,Pública,Ágata,6.824333333,9.6,8.6,2.52,7.5,5.5,7.7,4.5,4.2,7.7525,5.0,Fase 4 (9° ano),-1,2023,3,4,Defasagem moderada,1,5.0,True,,,,,,,,,,,,,,
RA-299,3,13.0,Menina,2019,Rede Decisão,Ametista,7.278,7.1,8.2,5.0,,6.8,6.3,7.3,6.7,6.708,10.0,Fase 3 (7º e 8º ano),0,2022,3,3,Em fase / adiantado,0,10.0,True,2023.0,0.0,6.1,9.6,2.52,7.96875,8.005,10.0,6.796541667,Ágata,0,-0.7000000000000002,1.4000000000000004,-0.48145833299999996
RA-299,FASE 4,14.0,Feminino,2019,Privada - Programa de Apadrinhamento,Ágata,6.796541667,0.0,9.6,2.52,7.96875,6.1,5.0,7.2,6.2,8.005,10.0,Fase 4 (9° ano),0,2023,4,4,Em fase / adiantado,0,10.0,True,2024.0,1.0,8.166666666666666,8.963768115999999,6.26,7.5,7.5,10.0,8.177186956533333,Topázio,0,2.0666666666666664,-0.6362318840000007,1.3806452895333337
RA-299,5N,15.0,Feminino,2021,Privada - Programa de Apadrinhamento,Topázio,8.177186956533333,8.751,8.963768115999999,6.26,7.5,8.166666666666666,8.0,7.5,9.0,7.5,10.0,Fase 4 (9° ano),1,2024,5,3,Em fase / adiantado,0,10.0,True,,,,,,,,,,,,,,
RA-3,7,17.0,Menina,2016,Rede Decisão,Ágata,6.591,0.0,7.9,5.6,,5.6,5.8,4.0,6.9,7.556,10.0,Fase 7 (3º EM),0,2022,7,6,Em fase / adiantado,0,10.0,True,,,,,,,,,,,,,,
RA-30,6,16.0,Menina,2021,Escola Pública,Ametista,7.605,8.8,6.4,7.5,,7.5,8.5,4.4,9.7,7.333,10.0,Fase 6 (2º EM),0,2022,6,1,Em fase / adiantado,0,10.0,True,,,,,,,,,,,,,,
RA-300,3,14.0,Menino,2022,Escola Pública,Quartzo,5.557,5.4,6.9,6.3,,3.1,2.7,4.8,1.7,5.875,5.0,Fase 4 (9º ano),-1,2022,3,0,Defasagem moderada,1,5.0,True,2023.0,-2.0,4.5,7.5,2.52,6.40625,6.5875,5.0,5.616691667,Quartzo,1,1.4,0.5999999999999996,0.05969166700000006
RA-300,FASE 3,15.0,Masculino,2022,Pública,Quartzo,5.616691667,5.0,7.5,2.52,6.40625,4.5,4.5,5.3,3.8,6.5875,5.0,Fase 5 (1° EM),-2,2023,3,1,Defasagem moderada,1,5.0,True,,,,,,,,,,,,,,
RA-301,3,13.0,Menina,2019,Escola Pública,Ágata,6.802,8.8,5.8,5.6,,6.3,6.5,7.2,5.4,6.042,10.0,Fase 3 (7º e 8º ano),0,2022,3,3,Em fase / adiantado,0,10.0,True,2023.0,0.0,5.2,5.4,7.52,6.71875,6.465,10.0,6.760341667,Ágata,0,-1.0999999999999996,-0.39999999999999947,-0.04165833299999999
RA-301,FASE 4,,Feminino,2019,Pública,Ágata,6.760341667,9.2,5.4,7.52,6.71875,5.2,4.7,6.5,4.5,6.465,10.0,Fase 4 (9° ano),0,2023,4,4,Em fase / adiantado,0,10.0,True,2024.0,0.0,9.0,7.4947368423333325,7.51,8.020833333,8.21,10.0,8.410830701766667,Topázio,0,3.8,2.094736842333332,1.6504890347666672
RA-301,4M,15.0,Feminino,2021,Pública,Topázio,8.410830701766667,9.168,7.4947368423333325,7.51,8.020833333,9.0,10.0,9.0,8.0,8.21,10.0,Fase 4 (9° ano),0,2024,4,3,Em fase / adiantado,0,10.0,True,,,,,,,,,,,,,,
RA-302,3,16.0,Menino,2022,Escola Pública,Ágata,6.334,9.2,7.7,6.9,,4.8,4.3,5.0,5.0,6.208,2.5,Fase 6 (2º EM),-3,2022,3,0,Defasagem severa,1,2.5,True,2023.0,-2.0,4.3,7.3,5.0,7.5,6.255,5.0,5.314333333,Quartzo,1,-0.5,-0.40000000000000036,-1.0196666669999992
RA-302,FASE 5,17.0,Masculino,2022,Pública,Quartzo,5.314333333,0.0,7.3,5.0,7.5,4.3,4.7,2.3,5.8,6.255,5.0,Fase 7 (3° EM),-2,2023,5,1,Defasagem moderada,1,5.0,True,,,,,,,,,,,,,,
RA-303,3,14.0,Menino,2019,Escola Pública,Ágata,6.03,7.5,7.2,7.5,,3.9,3.8,4.0,,5.375,5.0,Fase 4 (9º ano),-1,2022,3,3,Defasagem moderada,1,5.0,True,2023.0,-2.0,5.1,7.3,7.52,7.65625,7.05,5.0,5.914291667,Quartzo,1,1.1999999999999997,0.09999999999999964,-0.11570833300000061
RA-303,FASE 3,15.0,Masculino,2019,Pública,Quartzo,5.914291667,0.0,7.3,7.52,7.65625,5.1,5.7,5.2,4.5,7.05,5.0,Fase 5 (1° EM),-2,2023,3,4,Defasagem moderada,1,5.0,True,2024.0,-2.0,5.666666666666667,3.9520467836666664,7.51,6.875,7.535,5.0,6.2443426900666665,Ágata,1,0.5666666666666673,-3.3479532163333334,0.3300510230666669
RA-303,4M,16.0,Masculino,2021,Pública,Ágata,6.2443426900666665,8.751,3.9520467836666664,7.51,6.875,5.666666666666667,5.0,5.0,7.0,7.535,5.0,Fase 6 (2° EM),-2,2024,4,3,Defasagem moderada,1,5.0,True,,,,,,,,,,,,,,
RA-304,3,15.0,Menino,2020,Escola Pública,Ágata,6.355,8.8,7.7,7.5,,4.3,3.0,5.5,,5.542,5.0,Fase 5 (1º EM),-2,2022,3,2,Defasagem moderada,1,5.0,True,2023.0,-2.0,5.7,8.8,5.0,7.8125,7.835,5.0,6.241583333,Ágata,1,1.4000000000000004,1.1000000000000005,-0.11341666700000008
RA-304,FASE 3,,Masculino,2020,Pública,Ágata,6.241583333,0.0,8.8,5.0,7.8125,5.7,7.0,3.7,6.3,7.835,5.0,Fase 5 (1° EM),-2,2023,3,3,Defasagem moderada,1,5.0,True,2024.0,-3.0,7.166666666666667,7.826890756333333,7.51,6.875,5.825,2.5,6.852411484600001,Ágata,1,1.4666666666666668,-0.9731092436666673,0.6108281516000007
RA-304,3N,16.0,Masculino,2021,Pública,Ágata,6.852411484600001,10.002,7.826890756333333,7.51,6.875,7.166666666666667,9.0,5.5,7.0,5.825,2.5,Fase 6 (2° EM),-3,2024,3,3,Defasagem severa,1,2.5,True,,,,,,,,,,,,,,
RA-305,3,14.0,Menino,2019,Escola Pública,Ágata,6.058,7.9,6.6,7.5,,4.8,2.8,6.7,,5.208,5.0,Fase 4 (9º ano),-1,2022,3,3,Defasagem moderada,1,5.0,True,2023.0,-2.0,5.2,8.9,7.52,7.65625,7.75,5.0,6.394291667,Ágata,1,0.40000000000000036,2.3000000000000007,0.33629166700000024
RA-305,FASE 3,15.0,Masculino,2019,Pública,Ágata,6.394291667,0.0,8.9,7.52,7.65625,5.2,5.2,4.8,5.7,7.75,5.0,Fase 5 (1° EM),-2,2023,3,4,Defasagem moderada,1,5.0,True,2024.0,-1.0,4.833333333333333,7.898550724666666,6.26,7.8125,7.03,5.0,6.693026811600001,Ágata,1,-0.36666666666666714,-1.001449275333334,0.29873514460000106
RA-305,4N,16.0,Masculino,2021,Pública,Ágata,6.693026811600001,8.334,7.898550724666666,6.26,7.8125,4.833333333333333,3.0,3.0,8.5,7.03,5.0,Fase 5 (1° EM),-1,2024,4,3,Defasagem moderada,1,5.0,True,,,,,,,,,,,,,,
RA-306,3,14.0,Menina,2021,Escola Pública,Ágata,6.427,8.3,6.8,7.5,,5.2,4.7,5.8,5.0,5.958,5.0,Fase 4 (9º ano),-1,2022,3,1,Defasagem moderada,1,5.0,True,2023.0,-1.0,4.0,7.9,6.26,7.34375,7.46,5.0,5.732375,Quartzo,1,-1.2000000000000002,1.1000000000000005,-0.6946249999999994
RA-306,FASE 4,,Feminino,2021,Pública,Quartzo,5.732375,0.0,7.9,6.26,7.34375,4.0,4.7,4.5,2.8,7.46,5.0,Fase 5 (1° EM),-1,2023,4,2,Defasagem moderada,1,5.0,True,2024.0,-1.0,2.8333333333333335,7.699561403666666,7.51,7.34375,6.4125,5.0,6.1661539474,Ágata,1,-1.1666666666666665,-0.20043859633333394,0.43377894739999956
RA-306,5M,16.0,Feminino,2021,Pública,Ágata,6.1661539474,7.917,7.699561403666666,7.51,7.34375,2.8333333333333335,3.5,1.5,3.5,6.4125,5.0,Fase 6 (2° EM),-1,2024,5,3,Defasagem moderada,1,5.0,True,,,,,,,,,,,,,,
RA-307,3,14.0,Menino,2022,Escola Pública,Quartzo,4.733,5.4,4.5,7.5,,2.5,5.0,0.0,,4.708,5.0,Fase 4 (9º ano),-1,2022,3,0,Defasagem moderada,1,5.0,True,2023.0,-2.0,6.3,6.5,7.52,7.5,7.46,5.0,6.047333333,Ágata,1,3.8,2.0,1.3143333330000004
RA-307,FASE 3,,Masculino,2022,Pública,Ágata,6.047333333,0.0,6.5,7.52,7.5,6.3,6.3,7.3,5.2,7.46,5.0,Fase 5 (1° EM),-2,2023,3,1,Defasagem moderada,1,5.0,True,,,,,,,,,,,,,,
RA-308,3,13.0,Menino,2019,Escola Pública,Ágata,6.93,7.9,7.4,6.9,,5.0,6.7,5.5,2.8,6.167,10.0,Fase 3 (7º e 8º ano),0,2022,3,3,Em fase / adiantado,0,10.0,True,2023.0,0.0,4.9,6.8,5.0,7.03125,7.5025,10.0,6.578558333,Ágata,0,-0.09999999999999964,-0.6000000000000005,-0.35144166699999957
RA-308,FASE 4,14.0,Masculino,2019,Pública,Ágata,6.578558333,5.4,6.8,5.0,7.03125,4.9,4.7,5.2,4.7,7.5025,10.0,Fase 4 (9° ano),0,2023,4,4,Em fase / adiantado,0,10.0,True,2024.0,1.0,6.5,8.714912280666667,5.635,7.5,7.1225,10.0,7.489282456133334,Ametista,0,1.5999999999999996,1.914912280666667,0.9107241231333338
RA-308,5M,15.0,Masculino,2021,Pública,Ametista,7.489282456133334,7.083,8.714912280666667,5.635,7.5,6.5,5.5,7.0,7.0,7.1225,10.0,Fase 4 (9° ano),1,2024,5,3,Em fase / adiantado,0,10.0,True,,,,,,,,,,,,,,
RA-309,3,14.0,Menina,2022,Escola Pública,Ágata,6.151,9.2,5.2,7.5,,6.5,7.0,6.0,,5.083,5.0,Fase 4 (9º ano),-1,2022,3,0,Defasagem moderada,1,5.0,True,,,,,,,,,,,,,,
RA-31,6,17.0,Menina,2019,Rede Decisão,Topázio,8.843,10.0,9.5,9.4,,8.0,9.0,5.7,9.3,10.0,5.0,Fase 7 (3º EM),-1,2022,6,3,Defasagem moderada,1,5.0,True,2023.0,0.0,,,,,,10.0,,,0,,,
RA-31,FASE 8,18.0,Feminino,2019,Privada *Parcerias com Bolsa 100%,,,,,,,,,,,,10.0,Fase 8 (Universitários),0,2023,8,4,Em fase / adiantado,0,10.0,True,2024.0,0.0,,0.0,,,,10.0,,,0,,,
RA-31,8E,19.0,Feminino,2021,Privada *Parcerias com Bolsa 100%,,,,0.0,,,,,,,,10.0,Fase 8 (Universitários),0,2024,8,3,Em fase / adiantado,0,10.0,True,,,,,,,,,,,,,,
RA-310,3,15.0,Menina,2022,Escola Pública,Ágata,6.4,7.9,7.5,7.5,,4.5,3.7,3.8,6.0,6.0,5.0,Fase 5 (1º EM),-2,2022,3,0,Defasagem moderada,1,5.0,True,,,,,,,,,,,,,,
RA-311,3,16.0,Menina,2022,Escola Pública,Quartzo,5.652,7.9,5.6,5.0,,5.2,5.0,6.2,4.3,6.222,2.5,Fase 6 (2º EM),-3,2022,3,0,Defasagem severa,1,2.5,True,,,,,,,,,,,,,,
RA-312,3,13.0,Menina,2022,Escola Pública,Ametista,7.339,9.6,8.1,7.5,,5.2,6.0,4.5,5.0,6.167,10.0,Fase 3 (7º e 8º ano),0,2022,3,0,Em fase / adiantado,0,10.0,True,,,,,,,,,,,,,,
RA-313,3,14.0,Menina,2022,Escola Pública,Quartzo,5.8,7.5,7.0,5.0,,4.1,4.7,5.0,2.5,5.889,5.0,Fase 4 (9º ano),-1,2022,3,0,Defasagem moderada,1,5.0,True,2023.0,0.0,3.9,8.7,2.52,7.65625,7.75,10.0,7.011091667,Ametista,0,-0.19999999999999973,1.6999999999999993,1.2110916669999998
RA-313,FASE 4,14.0,Feminino,2022,Pública,Ametista,7.011091667,9.2,8.7,2.52,7.65625,3.9,4.0,2.8,5.0,7.75,10.0,Fase 4 (9° ano),0,2023,4,1,Em fase / adiantado,0,10.0,True,2024.0,-1.0,4.833333333333333,9.666666666666666,5.63,7.8125,8.1675,5.0,7.2528500000000005,Ametista,1,0.9333333333333331,0.9666666666666668,0.24175833300000082
RA-313,4L,15.0,Feminino,2022,Pública,Ametista,7.2528500000000005,8.751,9.666666666666666,5.63,7.8125,4.833333333333333,1.0,8.0,5.5,8.1675,5.0,Fase 5 (1° EM),-1,2024,4,2,Defasagem moderada,1,5.0,True,,,,,,,,,,,,,,
RA-314,3,13.0,Menina,2022,Escola Pública,Ágata,6.1,5.4,5.4,5.0,,5.3,4.3,3.3,8.3,6.0,10.0,Fase 3 (7º e 8º ano),0,2022,3,0,Em fase / adiantado,0,10.0,True,,,,,,,,,,,,,,
RA-315,3,13.0,Menina,2022,Escola Pública,Quartzo,5.672,6.7,5.1,7.5,,3.0,3.0,4.2,1.8,5.056,10.0,Fase 3 (7º e 8º ano),0,2022,3,0,Em fase / adiantado,0,10.0,True,2023.0,-1.0,6.3,6.8,5.0,7.96875,7.8375,5.0,5.977708333,Quartzo,1,3.3,1.7000000000000002,0.3057083330000001
RA-315,FASE 3,,Feminino,2022,Pública,Quartzo,5.977708333,0.0,6.8,5.0,7.96875,6.3,5.7,6.8,6.3,7.8375,5.0,Fase 4 (9° ano),-1,2023,3,1,Defasagem moderada,1,5.0,True,2024.0,-1.0,6.833333333333333,5.918518518666667,7.51,7.5,7.6275,5.0,6.0768703704,Ágata,1,0.5333333333333332,-0.8814814813333332,0.09916203740000018
RA-315,4M,15.0,Feminino,2022,Pública,Ágata,6.0768703704,0.0,5.918518518666667,7.51,7.5,6.833333333333333,6.5,6.5,7.5,7.6275,5.0,Fase 5 (1° EM),-1,2024,4,2,Defasagem moderada,1,5.0,True,,,,,,,,,,,,,,
RA-316,3,14.0,Menina,2022,Escola Pública,Ametista,7.889,10.0,10.0,6.9,,6.1,7.0,6.5,4.7,8.389,5.0,Fase 4 (9º ano),-1,2022,3,0,Defasagem moderada,1,5.0,True,2023.0,0.0,5.7,9.5,7.52,8.59375,8.96,10.0,8.436908333,Topázio,0,-0.39999999999999947,-0.5,0.5479083329999996
RA-316,FASE 4,14.0,Feminino,2022,Pública,Topázio,8.436908333,10.0,9.5,7.52,8.59375,5.7,6.3,5.7,5.0,8.96,10.0,Fase 4 (9° ano),0,2023,4,1,Em fase / adiantado,0,10.0,True,2024.0,0.0,8.0,10.0,7.51,7.65625,8.3775,10.0,8.708925,Topázio,0,2.3,0.5,0.2720166670000008
RA-316,5M,15.0,Feminino,2022,Privada - Programa de Apadrinhamento,Topázio,8.708925,9.168,10.0,7.51,7.65625,8.0,8.5,7.0,8.5,8.3775,10.0,Fase 5 (1° EM),0,2024,5,2,Em fase / adiantado,0,10.0,True,,,,,,,,,,,,,,
RA-317,3,13.0,Menino,2021,Escola Pública,Ametista,7.04,8.8,5.6,7.5,,6.8,4.7,5.7,10.0,5.944,10.0,Fase 3 (7º e 8º ano),0,2022,3,1,Em fase / adiantado,0,10.0,True,,,,,,,,,,,,,,
RA-318,3,14.0,Menina,2019,Escola Pública,Ágata,6.527,8.3,6.9,6.9,,5.8,4.3,5.8,7.3,6.111,5.0,Fase 4 (9º ano),-1,2022,3,3,Defasagem moderada,1,5.0,True,2023.0,-1.0,4.9,8.1,6.26,7.96875,7.71,5.0,6.856575,Ágata,1,-0.8999999999999995,1.1999999999999993,0.3295750000000002
RA-318,FASE 4,15.0,Feminino,2019,Pública,Ágata,6.856575,7.9,8.1,6.26,7.96875,4.9,5.0,5.0,4.7,7.71,5.0,Fase 5 (1° EM),-1,2023,4,4,Defasagem moderada,1,5.0,True,2024.0,-1.0,4.666666666666667,9.129629629666667,7.51,7.34375,7.443333333,5.0,7.025000925866668,Ametista,1,-0.2333333333333334,1.0296296296666672,0.16842592586666782
RA-318,5L,16.0,Feminino,2021,Pública,Ametista,7.025000925866668,7.917,9.129629629666667,7.51,7.34375,4.666666666666667,2.0,6.0,6.0,7.443333333,5.0,Fase 6 (2° EM),-1,2024,5,3,Defasagem moderada,1,5.0,True,,,,,,,,,,,,,,
RA-319,3,13.0,Menino,2022,Escola Pública,Ametista,7.448,9.2,7.7,7.5,,5.2,6.3,4.3,5.0,7.5,10.0,Fase 3 (7º e 8º ano),0,2022,3,0,Em fase / adiantado,0,10.0,True,2023.0,0.0,7.2,9.2,5.0,8.59375,8.88,10.0,8.367208333,Topázio,0,2.0,1.4999999999999991,0.9192083330000003
RA-319,FASE 4,,Masculino,2022,Concluiu o 3º EM,Topázio,8.367208333,9.6,9.2,5.0,8.59375,7.2,5.7,5.8,10.0,8.88,10.0,Fase 4 (9° ano),0,2023,4,1,Em fase / adiantado,0,10.0,True,2024.0,0.0,5.833333333333333,9.024122807,7.51,7.34375,7.666666667,10.0,7.948699561466667,Ametista,0,-1.3666666666666671,-0.17587719299999982,-0.4185087715333333
RA-319,5L,15.0,Masculino,2022,Pública,Ametista,7.948699561466667,9.585,9.024122807,7.51,7.34375,5.833333333333333,4.0,5.0,8.5,7.666666667,10.0,Fase 5 (1° EM),0,2024,5,2,Em fase / adiantado,0,10.0,True,,,,,,,,,,,,,,
RA-32,6,16.0,Menina,2018,Rede Decisão,Ametista,7.37,8.8,5.2,8.8,,6.1,5.7,3.6,8.9,7.944,10.0,Fase 6 (2º EM),0,2022,6,4,Em fase / adiantado,0,10.0,True,2023.0,0.0,7.9,8.2,3.77,7.375,6.8775,10.0,6.716666667,Ágata,0,1.8000000000000007,2.999999999999999,-0.653333333
RA-32,FASE 7,,Feminino,2018,Privada - Programa de Apadrinhamento,Ágata,6.716666667,0.0,8.2,3.77,7.375,7.9,9.0,5.8,9.0,6.8775,10.0,Fase 7 (3° EM),0,2023,7,5,Em fase / adiantado,0,10.0,True,,,,,,,,,,,,,,
RA-320,3,14.0,Menina,2022,Escola Pública,Ametista,7.897,8.8,10.0,6.9,,6.4,7.3,6.3,5.7,8.667,5.0,Fase 4 (9º ano),-1,2022,3,0,Defasagem moderada,1,5.0,True,2023.0,0.0,5.5,9.9,7.52,8.59375,8.96,10.0,8.393508333,Topázio,0,-0.9000000000000004,-0.09999999999999964,0.4965083329999995
RA-320,FASE 4,14.0,Feminino,2022,Pública,Topázio,8.393508333,9.2,9.9,7.52,8.59375,5.5,5.7,6.0,4.7,8.96,10.0,Fase 4 (9° ano),0,2023,4,1,Em fase / adiantado,0,10.0,True,2024.0,0.0,6.666666666666667,10.0,7.51,7.65625,8.3775,10.0,8.442258333333335,Topázio,0,1.166666666666667,0.09999999999999964,0.04875000033333521
RA-320,5M,15.0,Feminino,2022,Privada - Programa de Apadrinhamento,Topázio,8.442258333333335,9.168,10.0,7.51,7.65625,6.666666666666667,7.5,5.5,7.0,8.3775,10.0,Fase 5 (1° EM),0,2024,5,2,Em fase / adiantado,0,10.0,True,,,,,,,,,,,,,,
RA-321,3,12.0,Menina,2022,Escola Pública,Ametista,7.792,9.2,9.1,5.6,,5.2,5.7,6.2,3.7,8.278,10.0,Fase 3 (7º e 8º ano),0,2022,3,0,Em fase / adiantado,0,10.0,True,2023.0,1.0,6.2,9.4,2.52,8.125,8.42,10.0,7.695233333,Ametista,0,1.0,0.3000000000000007,-0.0967666669999998
RA-321,FASE 4,13.0,Feminino,2022,Pública,Ametista,7.695233333,8.3,9.4,2.52,8.125,6.2,6.0,5.8,6.7,8.42,10.0,Fase 3 (7° e 8° ano),1,2023,4,1,Em fase / adiantado,0,10.0,True,2024.0,1.0,7.166666666666667,9.534706331,6.26,8.125,7.776666667,10.0,8.125807932933334,Topázio,0,0.9666666666666668,0.1347063310000003,0.43057459993333413
RA-321,5N,14.0,Feminino,2022,Pública,Topázio,8.125807932933334,7.917,9.534706331,6.26,8.125,7.166666666666667,6.0,6.0,9.5,7.776666667,10.0,Fase 4 (9° ano),1,2024,5,2,Em fase / adiantado,0,10.0,True,,,,,,,,,,,,,,
RA-322,3,13.0,Menina,2022,Escola Pública,Ágata,6.859,7.1,8.1,5.0,,4.7,4.3,5.7,4.0,6.778,10.0,Fase 3 (7º e 8º ano),0,2022,3,0,Em fase / adiantado,0,10.0,True,2023.0,0.0,5.3,8.3,2.52,7.96875,8.045,10.0,7.037808333,Ametista,0,0.5999999999999996,0.20000000000000107,0.1788083330000001
RA-322,FASE 4,14.0,Feminino,2022,Pública,Ametista,7.037808333,6.7,8.3,2.52,7.96875,5.3,4.0,5.5,6.3,8.045,10.0,Fase 4 (9° ano),0,2023,4,1,Em fase / adiantado,0,10.0,True,,,,,,,,,,,,,,
RA-323,3,13.0,Menino,2022,Escola Pública,Ágata,6.86,9.2,7.3,7.5,,3.4,7.3,2.5,0.5,6.611,10.0,Fase 3 (7º e 8º ano),0,2022,3,0,Em fase / adiantado,0,10.0,True,,,,,,,,,,,,,,
RA-324,2,10.0,Menina,2022,Escola Pública,Topázio,8.27,10.0,9.3,6.9,,6.8,6.3,7.2,,8.611,10.0,Fase 2 (5º e 6º ano),0,2022,2,0,Em fase / adiantado,0,10.0,True,2023.0,0.0,8.4,9.0,2.52,8.125,7.5875,10.0,7.6354,Ametista,0,1.6000000000000005,-0.3000000000000007,-0.6345999999999998
RA-324,FASE 2,,Feminino,2022,Pública,Ametista,7.6354,5.8,9.0,2.52,8.125,8.4,8.0,8.7,,7.5875,10.0,Fase 2 (5° e 6° ano),0,2023,2,1,Em fase / adiantado,0,10.0,True,,,,,,,,,,,,,,
RA-325,2,10.0,Menino,2022,Escola Pública,Ametista,7.619,9.5,6.8,7.5,,6.0,6.0,6.0,,8.444,10.0,Fase 2 (5º e 6º ano),0,2022,2,0,Em fase / adiantado,0,10.0,True,2023.0,0.0,5.6,7.1,5.0,8.125,7.0025,10.0,6.243,Ágata,0,-0.40000000000000036,0.2999999999999998,-1.3759999999999994
RA-325,FASE 2,11.0,Masculino,2022,Pública,Ágata,6.243,0.0,7.1,5.0,8.125,5.6,3.8,7.3,,7.0025,10.0,Fase 2 (5° e 6° ano),0,2023,2,1,Em fase / adiantado,0,10.0,True,2024.0,0.0,7.0,9.866666666666667,7.51,8.333333333,7.553333333,10.0,8.385133333233336,Topázio,0,1.4000000000000004,2.7666666666666675,2.1421333332333354
RA-325,3C,12.0,Masculino,2022,Pública,Topázio,8.385133333233336,9.168,9.866666666666667,7.51,8.333333333,7.0,7.0,5.5,8.5,7.553333333,10.0,Fase 3 (7° e 8° ano),0,2024,3,2,Em fase / adiantado,0,10.0,True,,,,,,,,,,,,,,
RA-326,2,12.0,Menina,2022,Escola Pública,Topázio,8.22,10.0,9.7,5.0,,9.0,8.7,9.3,,8.944,5.0,Fase 3 (7º e 8º ano),-1,2022,2,0,Defasagem moderada,1,5.0,True,2023.0,0.0,8.2,9.4,3.14,9.0625,9.76,10.0,8.65075,Topázio,0,-0.8000000000000007,-0.29999999999999893,0.43074999999999974
RA-326,FASE 3,13.0,Feminino,2022,Privada,Topázio,8.65075,9.6,9.4,3.14,9.0625,8.2,8.3,7.5,8.8,9.76,10.0,Fase 3 (7° e 8° ano),0,2023,3,1,Em fase / adiantado,0,10.0,True,2024.0,1.0,9.333333333333334,8.973112128333334,6.26,8.875,8.704,10.0,8.832389092333335,Topázio,0,1.1333333333333346,-0.42688787166666664,0.18163909233333442
RA-326,4A,14.0,Feminino,2022,Privada,Topázio,8.832389092333335,9.168,8.973112128333334,6.26,8.875,9.333333333333334,10.0,9.0,9.0,8.704,10.0,Fase 3 (7° e 8° ano),1,2024,4,2,Em fase / adiantado,0,10.0,True,,,,,,,,,,,,,,
RA-327,2,11.0,Menino,2021,Escola Pública,Ágata,6.986,8.5,8.8,7.5,,2.8,2.3,3.2,,7.333,10.0,Fase 2 (5º e 6º ano),0,2022,2,1,Em fase / adiantado,0,10.0,True,,,,,,,,,,,,,,
RA-328,2,12.0,Menino,2020,Escola Pública,Ágata,6.823,10.0,7.0,7.5,,5.3,4.0,6.5,,7.5,5.0,Fase 3 (7º e 8º ano),-1,2022,2,2,Defasagem moderada,1,5.0,True,,,,,,,,,,,,,,
RA-329,2,11.0,Menino,2019,Escola Pública,Ágata,6.313,7.4,6.9,4.4,,5.0,3.0,7.0,,5.778,10.0,Fase 2 (5º e 6º ano),0,2022,2,3,Em fase / adiantado,0,10.0,True,,,,,,,,,,,,,,
RA-33,6,17.0,Menina,2020,Escola Pública,Quartzo,4.952,0.0,4.6,7.5,,4.8,9.0,1.6,3.7,6.0,5.0,Fase 7 (3º EM),-1,2022,6,2,Defasagem moderada,1,5.0,True,,,,,,,,,,,,,,
RA-330,2,14.0,Menina,2018,Escola Pública,Ágata,6.446,9.5,8.8,7.5,,2.5,2.3,2.7,,7.056,5.0,Fase 4 (9º ano),-2,2022,2,4,Defasagem moderada,1,5.0,True,2023.0,-2.0,3.3,7.2,6.89,6.71875,5.8275,5.0,6.084875,Ágata,1,0.7999999999999998,-1.6000000000000005,-0.3611249999999995
RA-330,FASE 3,,Feminino,2018,Pública,Ágata,6.084875,9.6,7.2,6.89,6.71875,3.3,3.8,3.8,2.3,5.8275,5.0,Fase 5 (1° EM),-2,2023,3,5,Defasagem moderada,1,5.0,True,,,,,,,,,,,,,,
RA-331,2,12.0,Menina,2019,Escola Pública,Ágata,6.636,9.0,8.7,7.5,,3.7,2.3,5.0,,6.944,5.0,Fase 3 (7º e 8º ano),-1,2022,2,3,Defasagem moderada,1,5.0,True,2023.0,0.0,5.2,8.6,2.52,7.03125,6.7975,10.0,7.039791667,Ametista,0,1.5,-0.09999999999999964,0.40379166700000013
RA-331,FASE 3,13.0,Feminino,2019,Pública,Ametista,7.039791667,9.6,8.6,2.52,7.03125,5.2,5.7,4.8,5.2,6.7975,10.0,Fase 3 (7° e 8° ano),0,2023,3,4,Em fase / adiantado,0,10.0,True,2024.0,-1.0,3.5,7.735353535333334,8.755,6.09375,5.62,5.0,6.231045707066668,Ágata,1,-1.7000000000000002,-0.8646464646666656,-0.808745959933332
RA-331,3B,14.0,Feminino,2021,Pública,Ágata,6.231045707066668,8.751,7.735353535333334,8.755,6.09375,3.5,4.0,3.5,3.0,5.62,5.0,Fase 4 (9° ano),-1,2024,3,3,Defasagem moderada,1,5.0,True,,,,,,,,,,,,,,
RA-332,2,13.0,Menino,2017,Rede Decisão,Ametista,7.883,9.5,9.0,8.1,,7.5,7.5,7.5,,8.5,5.0,Fase 3 (7º e 8º ano),-1,2022,2,5,Defasagem moderada,1,5.0,True,2023.0,-1.0,6.8,8.4,8.76,8.28125,9.175,5.0,8.002591667,Topázio,1,-0.7000000000000002,-0.5999999999999996,0.11959166700000079
RA-332,FASE 3,,Masculino,2017,Privada - Programa de Apadrinhamento,Topázio,8.002591667,9.2,8.4,8.76,8.28125,6.8,6.3,7.7,6.5,9.175,5.0,Fase 4 (9° ano),-1,2023,3,6,Defasagem moderada,1,5.0,True,2024.0,1.0,7.0,7.605358505000001,9.38,8.625,8.706,10.0,8.421271701,Topázio,0,0.20000000000000018,-0.7946414949999996,0.4186800339999994
RA-332,4A,15.0,Masculino,2021,Privada - Programa de Apadrinhamento,Topázio,8.421271701,9.585,7.605358505000001,9.38,8.625,7.0,7.0,7.0,7.0,8.706,10.0,Fase 3 (7° e 8° ano),1,2024,4,3,Em fase / adiantado,0,10.0,True,,,,,,,,,,,,,,
RA-333,2,14.0,Menino,2018,Escola JP II,Quartzo,5.249,8.0,5.8,3.8,,2.9,0.2,5.7,,6.722,5.0,Fase 4 (9º ano),-2,2022,2,4,Defasagem moderada,1,5.0,True,,,,,,,,,,,,,,
RA-334,2,11.0,Menina,2019,Rede Decisão,Ametista,7.961,6.9,9.2,4.4,,8.0,7.0,9.0,,8.722,10.0,Fase 2 (5º e 6º ano),0,2022,2,3,Em fase / adiantado,0,10.0,True,,,,,,,,,,,,,,
RA-335,2,10.0,Menino,2022,Escola Pública,Ametista,7.902,9.5,9.4,7.5,,7.4,5.8,9.0,,6.833,10.0,Fase 2 (5º e 6º ano),0,2022,2,0,Em fase / adiantado,0,10.0,True,,,,,,,,,,,,,,
RA-336,2,13.0,Menino,2016,Escola Pública,Ágata,6.787,9.5,8.5,4.4,,5.1,4.5,5.7,,7.889,5.0,Fase 3 (7º e 8º ano),-1,2022,2,6,Defasagem moderada,1,5.0,True,2023.0,-1.0,5.1,7.5,6.89,7.34375,7.255,5.0,5.887708333,Quartzo,1,0.0,-1.0,-0.899291667
RA-336,FASE 3,14.0,Masculino,2016,Pública,Quartzo,5.887708333,0.0,7.5,6.89,7.34375,5.1,6.7,5.2,3.3,7.255,5.0,Fase 4 (9° ano),-1,2023,3,7,Defasagem moderada,1,5.0,True,2024.0,0.0,5.833333333333333,5.512100409000001,6.26,7.5,7.196,10.0,6.834286748466667,Ágata,0,0.7333333333333334,-1.9878995909999988,0.946578415466667
RA-336,4A,15.0,Masculino,2021,Pública,Ágata,6.834286748466667,7.5,5.512100409000001,6.26,7.5,5.833333333333333,6.0,6.5,5.0,7.196,10.0,Fase 4 (9° ano),0,2024,4,3,Em fase / adiantado,0,10.0,True,,,,,,,,,,,,,,
RA-337,2,11.0,Menino,2022,Escola Pública,Ametista,7.914,10.0,9.3,7.5,,5.8,7.5,4.0,,7.611,10.0,Fase 2 (5º e 6º ano),0,2022,2,0,Em fase / adiantado,0,10.0,True,,,,,,,,,,,,,,
RA-338,2,12.0,Menino,2019,Escola Pública,Ágata,6.837,8.5,7.3,7.5,,5.8,5.3,6.2,,7.611,5.0,Fase 3 (7º e 8º ano),-1,2022,2,3,Defasagem moderada,1,5.0,True,2023.0,0.0,6.7,9.1,7.52,8.59375,8.38,10.0,8.287441667,Topázio,0,0.9000000000000004,1.7999999999999998,1.4504416669999998
RA-338,FASE 3,,Masculino,2019,Pública,Topázio,8.287441667,8.3,9.1,7.52,8.59375,6.7,8.7,7.0,4.5,8.38,10.0,Fase 3 (7° e 8° ano),0,2023,3,4,Em fase / adiantado,0,10.0,True,2024.0,0.0,6.833333333333333,7.441643324,7.51,7.625,8.8375,10.0,8.052795331466667,Topázio,0,0.13333333333333286,-1.6583566759999995,-0.23464633553333236
RA-338,4B,14.0,Masculino,2021,Pública,Topázio,8.052795331466667,9.168,7.441643324,7.51,7.625,6.833333333333333,5.0,8.0,7.5,8.8375,10.0,Fase 4 (9° ano),0,2024,4,3,Em fase / adiantado,0,10.0,True,,,,,,,,,,,,,,
RA-339,2,11.0,Menina,2019,Escola Pública,Topázio,8.488,6.9,9.9,7.5,,8.1,7.1,9.2,,8.889,10.0,Fase 2 (5º e 6º ano),0,2022,2,3,Em fase / adiantado,0,10.0,True,2023.0,0.0,7.1,8.9,7.52,7.8125,8.255,10.0,7.377583333,Ametista,0,-1.0,-1.0,-1.110416667
RA-339,FASE 3,,Feminino,2019,Pública,Ametista,7.377583333,0.0,8.9,7.52,7.8125,7.1,7.7,5.7,7.8,8.255,10.0,Fase 3 (7° e 8° ano),0,2023,3,4,Em fase / adiantado,0,10.0,True,2024.0,1.0,8.166666666666666,7.155537064000001,5.635,8.0,7.668,10.0,7.711540746133334,Ametista,0,1.0666666666666664,-1.7444629359999997,0.3339574131333345
RA-339,4A,13.0,Feminino,2021,Pública,Ametista,7.711540746133334,7.5,7.155537064000001,5.635,8.0,8.166666666666666,8.0,7.0,9.5,7.668,10.0,Fase 3 (7° e 8° ano),1,2024,4,3,Em fase / adiantado,0,10.0,True,,,,,,,,,,,,,,
RA-34,6,17.0,Menino,2016,Rede Decisão,Ágata,6.259,9.6,4.8,8.1,,3.8,4.7,4.0,2.8,7.278,5.0,Fase 7 (3º EM),-1,2022,6,6,Defasagem moderada,1,5.0,True,2023.0,0.0,,,,,,10.0,,,0,,,
RA-34,FASE 8,,Masculino,2016,Privada *Parcerias com Bolsa 100%,,,,,,,,,,,,10.0,Fase 8 (Universitários),0,2023,8,7,Em fase / adiantado,0,10.0,True,,,,,,,,,,,,,,
RA-340,2,11.0,Menino,2017,Escola Pública,Ametista,7.721,9.0,8.2,7.5,,6.5,6.0,7.0,,7.667,10.0,Fase 2 (5º e 6º ano),0,2022,2,5,Em fase / adiantado,0,10.0,True,2023.0,-1.0,8.9,9.6,2.52,9.166666667,8.505,5.0,7.059666667,Ametista,1,2.4000000000000004,1.4000000000000004,-0.661333333
RA-340,FASE 2,,Masculino,2017,Pública,Ametista,7.059666667,0.0,9.6,2.52,9.166666667,8.9,9.0,8.7,,8.505,5.0,Fase 3 (7° e 8° ano),-1,2023,2,6,Defasagem moderada,1,5.0,True,2024.0,0.0,5.166666666666667,6.585769980666666,7.51,6.5625,5.83,10.0,6.715437329466668,Ágata,0,-3.7333333333333334,-3.0142300193333336,-0.3442293375333323
RA-340,3D,13.0,Masculino,2021,Pública,Ágata,6.715437329466668,7.917,6.585769980666666,7.51,6.5625,5.166666666666667,6.0,7.0,2.5,5.83,10.0,Fase 3 (7° e 8° ano),0,2024,3,3,Em fase / adiantado,0,10.0,True,,,,,,,,,,,,,,
RA-341,2,12.0,Menino,2022,Escola Pública,Ágata,6.854,8.0,7.7,7.5,,5.8,5.0,6.5,,7.5,5.0,Fase 3 (7º e 8º ano),-1,2022,2,0,Defasagem moderada,1,5.0,True,,,,,,,,,,,,,,
RA-342,2,14.0,Menina,2021,Escola Pública,Ágata,6.941,9.0,6.7,7.5,,6.6,5.5,7.7,,7.5,5.0,Fase 4 (9º ano),-2,2022,2,1,Defasagem moderada,1,5.0,True,2023.0,-2.0,6.6,8.6,7.52,7.96875,8.505,5.0,7.539875,Ametista,1,0.0,1.8999999999999995,0.5988750000000005
RA-342,FASE 3,15.0,Feminino,2021,Pública,Ametista,7.539875,7.5,8.6,7.52,7.96875,6.6,6.3,7.8,5.7,8.505,5.0,Fase 5 (1° EM),-2,2023,3,2,Defasagem moderada,1,5.0,True,2024.0,-1.0,4.5,7.728174603333334,6.26,7.65625,7.723333333,5.0,6.757026587266667,Ágata,1,-2.0999999999999996,-0.871825396666666,-0.7828484127333333
RA-342,4C,16.0,Feminino,2021,Pública,Ágata,6.757026587266667,8.751,7.728174603333334,6.26,7.65625,4.5,6.5,7.0,0.0,7.723333333,5.0,Fase 5 (1° EM),-1,2024,4,3,Defasagem moderada,1,5.0,True,,,,,,,,,,,,,,
RA-343,2,14.0,Menino,2020,Escola Pública,Ágata,6.9,9.5,7.4,7.5,,5.9,4.2,7.7,,7.167,5.0,Fase 4 (9º ano),-2,2022,2,2,Defasagem moderada,1,5.0,True,2023.0,-2.0,5.7,7.2,6.26,7.65625,6.9225,5.0,6.779591667,Ágata,1,-0.20000000000000018,-0.20000000000000018,-0.12040833300000031
RA-343,FASE 3,,Masculino,2020,Pública,Ágata,6.779591667,9.2,7.2,6.26,7.65625,5.7,4.5,6.7,6.0,6.9225,5.0,Fase 5 (1° EM),-2,2023,3,3,Defasagem moderada,1,5.0,True,,,,,,,,,,,,,,
RA-344,2,11.0,Menino,2019,Escola Pública,Ametista,7.263,8.5,8.3,7.5,,4.5,2.3,6.7,,7.5,10.0,Fase 2 (5º e 6º ano),0,2022,2,3,Em fase / adiantado,0,10.0,True,,,,,,,,,,,,,,
RA-345,2,13.0,Menino,2021,Escola Pública,Quartzo,5.75,9.5,5.4,5.6,,3.6,1.3,5.8,,6.667,5.0,Fase 3 (7º e 8º ano),-1,2022,2,1,Defasagem moderada,1,5.0,True,2023.0,-1.0,4.6,6.8,6.26,8.125,7.1725,5.0,6.534766667,Ágata,1,0.9999999999999996,1.3999999999999995,0.7847666670000004
RA-345,FASE 3,,Masculino,2021,Pública,Ágata,6.534766667,8.8,6.8,6.26,8.125,4.6,5.7,5.7,2.5,7.1725,5.0,Fase 4 (9° ano),-1,2023,3,2,Defasagem moderada,1,5.0,True,,,,,,,,,,,,,,
RA-346,2,10.0,Menino,2022,Escola Pública,Topázio,8.143,10.0,9.1,7.5,,7.0,6.0,8.0,,7.889,10.0,Fase 2 (5º e 6º ano),0,2022,2,0,Em fase / adiantado,0,10.0,True,2023.0,1.0,6.2,9.4,8.14,7.96875,7.84,10.0,7.305541667,Ametista,0,-0.7999999999999998,0.3000000000000007,-0.8374583330000007
RA-346,FASE 3,,Masculino,2022,Pública,Ametista,7.305541667,0.0,9.4,8.14,7.96875,6.2,6.7,5.5,6.5,7.84,10.0,Fase 2 (5° e 6° ano),1,2023,3,1,Em fase / adiantado,0,10.0,True,2024.0,0.0,6.166666666666667,9.149206349333333,2.51,7.96875,8.2525,10.0,7.761749603200001,Ametista,0,-0.033333333333333215,-0.25079365066666703,0.4562079362000011
RA-346,3A,12.0,Masculino,2022,Pública,Ametista,7.761749603200001,10.002,9.149206349333333,2.51,7.96875,6.166666666666667,6.0,4.5,8.0,8.2525,10.0,Fase 3 (7° e 8° ano),0,2024,3,2,Em fase / adiantado,0,10.0,True,,,,,,,,,,,,,,
RA-347,2,12.0,Menina,2019,Escola Pública,Ametista,7.908,9.0,10.0,5.6,,8.5,8.5,8.5,,8.0,5.0,Fase 3 (7º e 8º ano),-1,2022,2,3,Defasagem moderada,1,5.0,True,2023.0,0.0,7.3,9.5,2.52,7.8125,7.7925,10.0,7.61835,Ametista,0,-1.2000000000000002,-0.5,-0.28964999999999996
RA-347,FASE 3,13.0,Feminino,2019,Pública,Ametista,7.61835,6.7,9.5,2.52,7.8125,7.3,6.7,6.2,9.0,7.7925,10.0,Fase 3 (7° e 8° ano),0,2023,3,4,Em fase / adiantado,0,10.0,True,2024.0,1.0,7.666666666666667,9.673046251999999,6.885,8.0,7.766,10.0,8.384742583733333,Topázio,0,0.36666666666666714,0.1730462519999989,0.7663925837333325
RA-347,4A,14.0,Feminino,2021,Pública,Topázio,8.384742583733333,8.751,9.673046251999999,6.885,8.0,7.666666666666667,6.5,7.5,9.0,7.766,10.0,Fase 3 (7° e 8° ano),1,2024,4,3,Em fase / adiantado,0,10.0,True,,,,,,,,,,,,,,
RA-348,2,12.0,Menino,2022,Escola Pública,Quartzo,5.864,9.0,8.7,7.5,,1.8,0.5,3.0,,5.833,5.0,Fase 3 (7º e 8º ano),-1,2022,2,0,Defasagem moderada,1,5.0,True,2023.0,-1.0,4.4,8.7,2.52,8.541666667,8.0075,5.0,6.817866667,Ágata,1,2.6000000000000005,0.0,0.9538666669999998
RA-348,FASE 2,,Masculino,2022,Pública,Ágata,6.817866667,10.0,8.7,2.52,8.541666667,4.4,2.0,6.7,,8.0075,5.0,Fase 3 (7° e 8° ano),-1,2023,2,1,Defasagem moderada,1,5.0,True,,,,,,,,,,,,,,
RA-349,2,12.0,Menino,2021,Escola Pública,Quartzo,5.658,9.5,7.7,7.5,,3.7,2.2,5.2,,3.944,5.0,Fase 3 (7º e 8º ano),-1,2022,2,1,Defasagem moderada,1,5.0,True,,,,,,,,,,,,,,
RA-35,6,17.0,Menina,2019,Rede Decisão,Topázio,8.965,10.0,9.6,9.4,,8.5,9.0,7.1,9.3,10.0,5.0,Fase 7 (3º EM),-1,2022,6,3,Defasagem moderada,1,5.0,True,2023.0,0.0,,,,,,10.0,,,0,,,
RA-35,FASE 8,18.0,Feminino,2019,Privada *Parcerias com Bolsa 100%,,,,,,,,,,,,10.0,Fase 8 (Universitários),0,2023,8,4,Em fase / adiantado,0,10.0,True,2024.0,0.0,,0.0,,,,10.0,,,0,,,
RA-35,8E,19.0,Feminino,2021,Privada *Parcerias com Bolsa 100%,,,,0.0,,,,,,,,10.0,Fase 8 (Universitários),0,2024,8,3,Em fase / adiantado,0,10.0,True,,,,,,,,,,,,,,
RA-350,2,11.0,Menina,2022,Escola Pública,Topázio,8.206,10.0,8.8,7.5,,6.5,7.0,6.0,,8.611,10.0,Fase 2 (5º e 6º ano),0,2022,2,0,Em fase / adiantado,0,10.0,True,2023.0,-1.0,9.0,9.7,2.52,8.958333333,7.92,5.0,7.972033333,Ametista,1,2.5,0.8999999999999986,-0.2339666669999998
RA-350,FASE 2,,Feminino,2022,Pública,Ametista,7.972033333,10.0,9.7,2.52,8.958333333,9.0,8.8,9.2,,7.92,5.0,Fase 3 (7° e 8° ano),-1,2023,2,1,Defasagem moderada,1,5.0,True,,,,,,,,,,,,,,
RA-351,2,14.0,Menino,2022,Escola Pública,Ágata,6.622,9.0,7.2,7.5,,4.0,3.2,4.8,,8.111,5.0,Fase 4 (9º ano),-2,2022,2,0,Defasagem moderada,1,5.0,True,,,,,,,,,,,,,,
RA-352,2,11.0,Menino,2019,Escola Pública,Ametista,7.834,9.0,8.1,5.6,,7.0,7.3,6.7,,8.389,10.0,Fase 2 (5º e 6º ano),0,2022,2,3,Em fase / adiantado,0,10.0,True,2023.0,0.0,7.2,8.1,6.26,7.96875,7.17,10.0,7.840341667,Ametista,0,0.20000000000000018,0.0,0.006341667000000051
RA-352,FASE 3,12.0,Masculino,2019,Pública,Ametista,7.840341667,9.2,8.1,6.26,7.96875,7.2,8.2,6.0,7.5,7.17,10.0,Fase 3 (7° e 8° ano),0,2023,3,4,Em fase / adiantado,0,10.0,True,2024.0,1.0,3.1666666666666665,4.453748006333333,6.26,6.375,6.7925,10.0,5.9794829346,Quartzo,0,-4.033333333333333,-3.6462519936666666,-1.8608587323999997
RA-352,4B,13.0,Masculino,2021,Pública,Quartzo,5.9794829346,8.334,4.453748006333333,6.26,6.375,3.1666666666666665,2.0,5.5,2.0,6.7925,10.0,Fase 3 (7° e 8° ano),1,2024,4,3,Em fase / adiantado,0,10.0,True,,,,,,,,,,,,,,
RA-353,2,11.0,Menina,2022,Escola Pública,Topázio,8.264,7.0,10.0,7.5,,7.5,8.0,7.0,,8.444,10.0,Fase 2 (5º e 6º ano),0,2022,2,0,Em fase / adiantado,0,10.0,True,2023.0,0.0,8.4,9.9,2.52,7.8125,8.67,10.0,8.309016667,Topázio,0,0.9000000000000004,-0.09999999999999964,0.04501666700000051
RA-353,FASE 3,12.0,Feminino,2022,Pública,Topázio,8.309016667,8.8,9.9,2.52,7.8125,8.4,8.5,7.3,9.5,8.67,10.0,Fase 3 (7° e 8° ano),0,2023,3,1,Em fase / adiantado,0,10.0,True,,,,,,,,,,,,,,
RA-354,2,13.0,Menina,2018,Escola Pública,Quartzo,5.858,8.5,4.3,7.5,,4.5,2.8,6.2,,7.333,5.0,Fase 3 (7º e 8º ano),-1,2022,2,4,Defasagem moderada,1,5.0,True,,,,,,,,,,,,,,
RA-355,2,12.0,Menina,2018,Escola Pública,Quartzo,5.379,5.8,5.0,7.5,,4.5,5.5,3.5,,6.056,5.0,Fase 3 (7º e 8º ano),-1,2022,2,4,Defasagem moderada,1,5.0,True,,,,,,,,,,,,,,
RA-356,2,12.0,Menino,2019,Escola Pública,Ágata,6.69,10.0,8.4,5.0,,4.6,5.3,3.8,,8.278,5.0,Fase 3 (7º e 8º ano),-1,2022,2,3,Defasagem moderada,1,5.0,True,2023.0,0.0,3.4,8.5,2.52,6.09375,6.5025,10.0,6.452008333,Ágata,0,-1.1999999999999997,0.09999999999999964,-0.23799166700000018
RA-356,FASE 3,,Masculino,2019,Pública,Ágata,6.452008333,9.2,8.5,2.52,6.09375,3.4,4.3,4.5,1.3,6.5025,10.0,Fase 3 (7° e 8° ano),0,2023,3,4,Em fase / adiantado,0,10.0,True,2024.0,1.0,5.333333333333333,6.656346749333334,5.635,5.25,6.5375,10.0,6.627336016533334,Ágata,0,1.9333333333333331,-1.8436532506666659,0.17532768353333417
RA-356,4B,14.0,Masculino,2021,Pública,Ágata,6.627336016533334,8.334,6.656346749333334,5.635,5.25,5.333333333333333,1.0,7.0,8.0,6.5375,10.0,Fase 3 (7° e 8° ano),1,2024,4,3,Em fase / adiantado,0,10.0,True,,,,,,,,,,,,,,
RA-357,2,12.0,Menino,2022,Escola Pública,Ametista,7.836,8.0,9.6,7.5,,8.5,10.0,7.0,,7.778,5.0,Fase 3 (7º e 8º ano),-1,2022,2,0,Defasagem moderada,1,5.0,True,2023.0,-1.0,8.7,9.6,7.52,8.75,8.23,5.0,8.2832,Topázio,1,0.1999999999999993,0.0,0.4472000000000005
RA-357,FASE 2,13.0,Masculino,2022,Pública,Topázio,8.2832,8.5,9.6,7.52,8.75,8.7,8.7,8.7,,8.23,5.0,Fase 3 (7° e 8° ano),-1,2023,2,1,Defasagem moderada,1,5.0,True,2024.0,-1.0,7.666666666666667,9.028180354333333,8.135,7.875,7.0825,5.0,7.731569404200001,Ametista,1,-1.0333333333333323,-0.5718196456666664,-0.5516305957999998
RA-357,3I,14.0,Masculino,2022,Pública,Ametista,7.731569404200001,8.751,9.028180354333333,8.135,7.875,7.666666666666667,8.5,7.0,7.5,7.0825,5.0,Fase 4 (9° ano),-1,2024,3,2,Defasagem moderada,1,5.0,True,,,,,,,,,,,,,,
RA-358,2,13.0,Menino,2022,Escola Pública,Quartzo,5.412,7.5,6.5,7.5,,0.0,0.0,0.0,,7.556,5.0,Fase 3 (7º e 8º ano),-1,2022,2,0,Defasagem moderada,1,5.0,True,,,,,,,,,,,,,,
RA-359,2,12.0,Menina,2019,Escola Pública,Ágata,6.606,9.0,7.0,7.5,,4.6,3.3,5.8,,7.5,5.0,Fase 3 (7º e 8º ano),-1,2022,2,3,Defasagem moderada,1,5.0,True,2023.0,0.0,5.8,9.2,2.52,7.65625,8.255,10.0,7.627125,Ametista,0,1.2000000000000002,2.1999999999999993,1.0211250000000005
RA-359,FASE 3,13.0,Feminino,2019,Pública,Ametista,7.627125,9.6,9.2,2.52,7.65625,5.8,6.0,6.7,4.7,8.255,10.0,Fase 3 (7° e 8° ano),0,2023,3,4,Em fase / adiantado,0,10.0,True,2024.0,1.0,5.5,7.162698412666667,6.26,7.5,8.333333333,10.0,7.492006349133335,Ametista,0,-0.2999999999999998,-2.0373015873333324,-0.13511865086666575
RA-359,4C,14.0,Feminino,2021,Pública,Ametista,7.492006349133335,9.168,7.162698412666667,6.26,7.5,5.5,4.0,4.5,8.0,8.333333333,10.0,Fase 3 (7° e 8° ano),1,2024,4,3,Em fase / adiantado,0,10.0,True,,,,,,,,,,,,,,
RA-36,6,17.0,Menina,2019,Rede Decisão,Ametista,7.876,9.2,9.0,6.9,,6.8,8.5,4.3,7.8,8.944,5.0,Fase 7 (3º EM),-1,2022,6,3,Defasagem moderada,1,5.0,True,2023.0,0.0,,,,,,10.0,,,0,,,
RA-36,FASE 8,18.0,Feminino,2019,Privada *Parcerias com Bolsa 100%,,,,,,,,,,,,10.0,Fase 8 (Universitários),0,2023,8,4,Em fase / adiantado,0,10.0,True,2024.0,0.0,,0.0,,,,10.0,,,0,,,
RA-36,8E,19.0,Feminino,2021,Privada *Parcerias com Bolsa 100%,,,,0.0,,,,,,,,10.0,Fase 8 (Universitários),0,2024,8,3,Em fase / adiantado,0,10.0,True,,,,,,,,,,,,,,
RA-360,2,12.0,Menina,2019,Escola Pública,Ametista,7.075,9.5,8.5,7.5,,5.2,4.7,5.7,,7.5,5.0,Fase 3 (7º e 8º ano),-1,2022,2,3,Defasagem moderada,1,5.0,True,2023.0,0.0,4.3,7.3,2.52,7.34375,7.4225,10.0,5.790875,Quartzo,0,-0.9000000000000004,-1.2000000000000002,-1.2841250000000004
RA-360,FASE 3,13.0,Feminino,2019,Pública,Quartzo,5.790875,0.0,7.3,2.52,7.34375,4.3,5.3,4.8,2.8,7.4225,10.0,Fase 3 (7° e 8° ano),0,2023,3,4,Em fase / adiantado,0,10.0,True,2024.0,-1.0,5.833333333333333,5.618045113,5.0,7.708333333,6.993333333,5.0,6.293175689166667,Ágata,1,1.5333333333333332,-1.6819548869999998,0.5023006891666668
RA-360,3C,14.0,Feminino,2021,Pública,Ágata,6.293175689166667,8.334,5.618045113,5.0,7.708333333,5.833333333333333,4.0,6.0,7.5,6.993333333,5.0,Fase 4 (9° ano),-1,2024,3,3,Defasagem moderada,1,5.0,True,,,,,,,,,,,,,,
RA-361,2,13.0,Menina,2022,Escola Pública,Ágata,6.731,7.9,9.2,6.3,,5.0,4.0,6.0,,6.778,5.0,Fase 3 (7º e 8º ano),-1,2022,2,0,Defasagem moderada,1,5.0,True,,,,,,,,,,,,,,
RA-362,2,12.0,Menina,2018,Escola Pública,Ametista,7.413,8.5,7.9,7.5,,7.9,6.5,9.3,,7.5,5.0,Fase 3 (7º e 8º ano),-1,2022,2,4,Defasagem moderada,1,5.0,True,2023.0,0.0,5.1,7.5,7.52,7.03125,7.0875,10.0,6.392625,Ágata,0,-2.8000000000000007,-0.40000000000000036,-1.0203750000000005
RA-362,FASE 3,13.0,Feminino,2018,Pública,Ágata,6.392625,0.0,7.5,7.52,7.03125,5.1,5.7,6.8,2.8,7.0875,10.0,Fase 3 (7° e 8° ano),0,2023,3,5,Em fase / adiantado,0,10.0,True,,,,,,,,,,,,,,
RA-363,2,12.0,Menino,2022,Escola Pública,Ágata,6.644,10.0,10.0,6.9,,2.0,1.0,3.0,,7.056,5.0,Fase 3 (7º e 8º ano),-1,2022,2,0,Defasagem moderada,1,5.0,True,2023.0,-1.0,6.8,9.9,2.52,8.541666667,8.673333333,5.0,6.680833333,Ágata,1,4.8,-0.09999999999999964,0.03683333299999969
RA-363,FASE 2,13.0,Masculino,2022,Pública,Ágata,6.680833333,0.0,9.9,2.52,8.541666667,6.8,6.8,6.8,,8.673333333,5.0,Fase 3 (7° e 8° ano),-1,2023,2,1,Defasagem moderada,1,5.0,True,2024.0,0.0,5.333333333333333,9.523809524,5.625,7.34375,6.955,10.0,7.617803571466666,Ametista,0,-1.4666666666666668,-0.37619047599999966,0.9369702384666665
RA-363,3D,14.0,Masculino,2022,Privada,Ametista,7.617803571466666,9.585,9.523809524,5.625,7.34375,5.333333333333333,4.0,3.5,8.5,6.955,10.0,Fase 3 (7° e 8° ano),0,2024,3,2,Em fase / adiantado,0,10.0,True,,,,,,,,,,,,,,
RA-364,2,11.0,Menino,2019,Escola Pública,Topázio,8.75,9.5,10.0,7.5,,8.8,9.5,8.0,,8.167,10.0,Fase 2 (5º e 6º ano),0,2022,2,3,Em fase / adiantado,0,10.0,True,2023.0,0.0,5.8,9.0,6.89,7.03125,7.505,10.0,7.734891667,Ametista,0,-3.000000000000001,-1.0,-1.0151083329999997
RA-364,FASE 3,,Masculino,2019,Pública,Ametista,7.734891667,8.8,9.0,6.89,7.03125,5.8,8.0,5.2,4.3,7.505,10.0,Fase 3 (7° e 8° ano),0,2023,3,4,Em fase / adiantado,0,10.0,True,2024.0,0.0,7.5,9.526143791,7.51,7.96875,7.2075,10.0,8.2697037582,Topázio,0,1.7000000000000002,0.5261437910000009,0.5348120912000001
RA-364,3G,13.0,Masculino,2021,Pública,Topázio,8.2697037582,8.751,9.526143791,7.51,7.96875,7.5,8.0,5.0,9.5,7.2075,10.0,Fase 3 (7° e 8° ano),0,2024,3,3,Em fase / adiantado,0,10.0,True,,,,,,,,,,,,,,
RA-365,2,10.0,Menina,2022,Escola Pública,Topázio,8.063,8.0,10.0,5.0,,7.8,6.0,9.5,,7.833,10.0,Fase 2 (5º e 6º ano),0,2022,2,0,Em fase / adiantado,0,10.0,True,2023.0,0.0,8.7,9.9,2.52,8.958333333,8.953333333,10.0,8.6587,Topázio,0,0.8999999999999995,-0.09999999999999964,0.595699999999999
RA-365,FASE 2,10.0,Feminino,2022,Pública,Topázio,8.6587,10.0,9.9,2.52,8.958333333,8.7,8.2,9.2,,8.953333333,10.0,Fase 2 (5° e 6° ano),0,2023,2,1,Em fase / adiantado,0,10.0,True,2024.0,1.0,6.666666666666667,10.0,7.51,8.4375,8.202,10.0,8.526983333333334,Topázio,0,-2.0333333333333323,0.09999999999999964,-0.13171666666666582
RA-365,3H,11.0,Feminino,2022,Pública,Topázio,8.526983333333334,9.585,10.0,7.51,8.4375,6.666666666666667,8.0,7.0,5.0,8.202,10.0,Fase 2 (5° e 6° ano),1,2024,3,2,Em fase / adiantado,0,10.0,True,,,,,,,,,,,,,,
RA-366,2,12.0,Menino,2022,Escola Pública,Ametista,7.181,9.5,9.4,7.5,,5.5,6.0,5.0,,6.833,5.0,Fase 3 (7º e 8º ano),-1,2022,2,0,Defasagem moderada,1,5.0,True,,,,,,,,,,,,,,
RA-367,2,12.0,Menina,2018,Escola Pública,Ágata,6.95,8.5,7.4,6.3,,6.7,5.2,8.2,,7.5,5.0,Fase 3 (7º e 8º ano),-1,2022,2,4,Defasagem moderada,1,5.0,True,2023.0,0.0,5.9,8.7,2.52,7.8125,7.7925,10.0,7.38685,Ametista,0,-0.7999999999999998,1.299999999999999,0.43684999999999974
RA-367,FASE 3,12.0,Feminino,2018,Pública,Ametista,7.38685,8.8,8.7,2.52,7.8125,5.9,7.0,5.5,5.2,7.7925,10.0,Fase 3 (7° e 8° ano),0,2023,3,5,Em fase / adiantado,0,10.0,True,2024.0,1.0,5.0,7.268170426,6.26,6.875,7.6275,10.0,7.209434085200001,Ametista,0,-0.9000000000000004,-1.431829573999999,-0.17741591479999919
RA-367,4B,13.0,Feminino,2021,Pública,Ametista,7.209434085200001,9.168,7.268170426,6.26,6.875,5.0,2.0,5.5,7.5,7.6275,10.0,Fase 3 (7° e 8° ano),1,2024,4,3,Em fase / adiantado,0,10.0,True,,,,,,,,,,,,,,
RA-368,2,13.0,Menino,2018,Rede Decisão,Ágata,6.969,8.0,7.9,5.0,,7.3,5.5,9.0,,7.5,5.0,Fase 3 (7º e 8º ano),-1,2022,2,4,Defasagem moderada,1,5.0,True,2023.0,-1.0,6.7,7.7,2.52,7.03125,7.34,5.0,5.796458333,Quartzo,1,-0.5999999999999996,-0.20000000000000018,-1.172541667
RA-368,FASE 3,,Masculino,2018,Pública,Quartzo,5.796458333,0.0,7.7,2.52,7.03125,6.7,5.0,7.2,7.8,7.34,5.0,Fase 4 (9° ano),-1,2023,3,5,Defasagem moderada,1,5.0,True,2024.0,-1.0,7.0,6.166666666666667,7.51,7.65625,6.7025,5.0,6.782158333333333,Ágata,1,0.2999999999999998,-1.5333333333333332,0.9857000003333329
RA-368,3G,15.0,Masculino,2021,Pública,Ágata,6.782158333333333,7.917,6.166666666666667,7.51,7.65625,7.0,4.5,7.0,9.5,6.7025,5.0,Fase 4 (9° ano),-1,2024,3,3,Defasagem moderada,1,5.0,True,,,,,,,,,,,,,,
RA-369,2,11.0,Menino,2022,Escola Pública,Ágata,6.973,9.0,6.9,7.5,,4.8,4.0,5.5,,6.889,10.0,Fase 2 (5º e 6º ano),0,2022,2,0,Em fase / adiantado,0,10.0,True,2023.0,-1.0,4.0,4.1,5.0,8.541666667,7.726666667,5.0,6.0197,Ágata,1,-0.7999999999999998,-2.8000000000000007,-0.9532999999999996
RA-369,FASE 2,,Masculino,2022,Pública,Ágata,6.0197,10.0,4.1,5.0,8.541666667,4.0,5.0,3.0,,7.726666667,5.0,Fase 3 (7° e 8° ano),-1,2023,2,1,Defasagem moderada,1,5.0,True,2024.0,0.0,1.6666666666666667,4.908119658333334,7.51,6.40625,5.428,10.0,5.667282265,Quartzo,0,-2.333333333333333,0.8081196583333341,-0.3524177350000004
RA-369,3H,13.0,Masculino,2022,Pública,Quartzo,5.667282265,8.751,4.908119658333334,7.51,6.40625,1.6666666666666667,0.0,0.0,5.0,5.428,10.0,Fase 3 (7° e 8° ano),0,2024,3,2,Em fase / adiantado,0,10.0,True,,,,,,,,,,,,,,
RA-37,6,17.0,Menina,2019,Rede Decisão,Quartzo,4.95,0.0,5.4,5.0,,5.9,2.3,5.3,10.0,5.222,5.0,Fase 7 (3º EM),-1,2022,6,3,Defasagem moderada,1,5.0,True,,,,,,,,,,,,,,
RA-370,2,12.0,Menina,2018,Rede Decisão,Ametista,7.066,8.5,8.2,5.0,,7.2,5.2,9.2,,7.611,5.0,Fase 3 (7º e 8º ano),-1,2022,2,4,Defasagem moderada,1,5.0,True,,,,,,,,,,,,,,
RA-371,2,10.0,Menina,2022,Escola Pública,Topázio,8.112,9.5,8.0,6.9,,8.4,7.8,9.0,,7.667,10.0,Fase 2 (5º e 6º ano),0,2022,2,0,Em fase / adiantado,0,10.0,True,,,,,,,,,,,,,,
RA-372,2,10.0,Menino,2021,Escola Pública,Ametista,7.304,8.5,5.5,6.9,,7.8,8.3,7.2,,7.389,10.0,Fase 2 (5º e 6º ano),0,2022,2,1,Em fase / adiantado,0,10.0,True,,,,,,,,,,,,,,
RA-373,2,11.0,Menino,2022,Escola Pública,Ametista,7.503,6.4,9.5,5.0,,7.3,6.5,8.0,,6.944,10.0,Fase 2 (5º e 6º ano),0,2022,2,0,Em fase / adiantado,0,10.0,True,2023.0,-1.0,8.4,9.7,2.52,8.75,7.84,5.0,6.805,Ágata,1,1.1000000000000005,0.1999999999999993,-0.6980000000000004
RA-373,FASE 2,,Masculino,2022,Pública,Ágata,6.805,0.0,9.7,2.52,8.75,8.4,7.7,9.0,,7.84,5.0,Fase 3 (7° e 8° ano),-1,2023,2,1,Defasagem moderada,1,5.0,True,,,,,,,,,,,,,,
RA-374,2,12.0,Menina,2021,Escola Pública,Ametista,7.747,9.0,9.8,7.5,,6.9,5.3,8.5,,7.944,5.0,Fase 3 (7º e 8º ano),-1,2022,2,1,Defasagem moderada,1,5.0,True,2023.0,0.0,5.4,8.3,5.63,7.65625,7.9175,10.0,7.533891667,Ametista,0,-1.5,-1.5,-0.2131083330000001
RA-374,FASE 3,13.0,Feminino,2021,Privada,Ametista,7.533891667,8.8,8.3,5.63,7.65625,5.4,6.3,6.3,3.7,7.9175,10.0,Fase 3 (7° e 8° ano),0,2023,3,2,Em fase / adiantado,0,10.0,True,,,,,,,,,,,,,,
RA-375,2,11.0,Menino,2019,Escola Pública,Ametista,7.831,9.0,9.5,7.5,,5.4,3.3,7.5,,7.667,10.0,Fase 2 (5º e 6º ano),0,2022,2,3,Em fase / adiantado,0,10.0,True,2023.0,-1.0,7.9,9.9,5.0,8.541666667,8.283333333,5.0,7.070833333,Ametista,1,2.5,0.40000000000000036,-0.760166667
RA-375,FASE 2,12.0,Masculino,2019,Pública,Ametista,7.070833333,0.0,9.9,5.0,8.541666667,7.9,6.8,9.0,,8.283333333,5.0,Fase 3 (7° e 8° ano),-1,2023,2,4,Defasagem moderada,1,5.0,True,2024.0,0.0,6.833333333333333,9.443589743666667,7.51,7.1875,6.432,10.0,7.970034615400001,Ametista,0,-1.0666666666666673,-0.4564102563333332,0.8992012824000009
RA-375,3H,13.0,Masculino,2021,Pública,Ametista,7.970034615400001,9.585,9.443589743666667,7.51,7.1875,6.833333333333333,9.0,5.5,6.0,6.432,10.0,Fase 3 (7° e 8° ano),0,2024,3,3,Em fase / adiantado,0,10.0,True,,,,,,,,,,,,,,
RA-376,2,12.0,Menina,2019,Escola Pública,Ágata,6.957,9.0,9.0,7.5,,4.3,2.0,6.7,,7.5,5.0,Fase 3 (7º e 8º ano),-1,2022,2,3,Defasagem moderada,1,5.0,True,2023.0,-1.0,5.9,9.6,2.52,7.916666667,8.226666667,5.0,7.1392,Ametista,1,1.6000000000000005,0.5999999999999996,0.18219999999999992
RA-376,FASE 2,,Feminino,2019,Pública,Ametista,7.1392,8.5,9.6,2.52,7.916666667,5.9,4.3,7.5,,8.226666667,5.0,Fase 3 (7° e 8° ano),-1,2023,2,4,Defasagem moderada,1,5.0,True,2024.0,-1.0,2.8333333333333335,8.287284610666667,2.51,6.5625,6.325,5.0,5.896573588800001,Quartzo,1,-3.066666666666667,-1.3127153893333325,-1.242626411199999
RA-376,3G,14.0,Feminino,2021,Pública,Quartzo,5.896573588800001,10.002,8.287284610666667,2.51,6.5625,2.8333333333333335,2.0,5.0,1.5,6.325,5.0,Fase 4 (9° ano),-1,2024,3,3,Defasagem moderada,1,5.0,True,,,,,,,,,,,,,,
RA-377,2,12.0,Menina,2021,Escola Pública,Ágata,6.743,9.0,7.7,5.6,,6.2,4.3,8.0,,6.833,5.0,Fase 3 (7º e 8º ano),-1,2022,2,1,Defasagem moderada,1,5.0,True,2023.0,0.0,4.8,7.6,5.0,7.34375,7.6275,10.0,7.205041667,Ametista,0,-1.4000000000000004,-0.10000000000000053,0.4620416669999994
RA-377,FASE 3,13.0,Feminino,2021,Pública,Ametista,7.205041667,9.6,7.6,5.0,7.34375,4.8,6.0,5.7,2.8,7.6275,10.0,Fase 3 (7° e 8° ano),0,2023,3,2,Em fase / adiantado,0,10.0,True,2024.0,0.0,5.166666666666667,7.698412698333333,7.51,7.125,7.634,10.0,7.480115873000001,Ametista,0,0.36666666666666714,0.0984126983333331,0.2750742060000011
RA-377,4F,14.0,Feminino,2021,Pública,Ametista,7.480115873000001,9.168,7.698412698333333,7.51,7.125,5.166666666666667,4.0,6.5,5.0,7.634,10.0,Fase 4 (9° ano),0,2024,4,3,Em fase / adiantado,0,10.0,True,,,,,,,,,,,,,,
RA-378,2,12.0,Menino,2021,Escola Pública,Ametista,7.203,9.0,6.8,5.6,,8.1,8.7,7.5,,7.889,5.0,Fase 3 (7º e 8º ano),-1,2022,2,1,Defasagem moderada,1,5.0,True,,,,,,,,,,,,,,
RA-379,2,13.0,Menina,2022,Escola Pública,Ágata,6.722,8.5,8.1,7.5,,5.0,5.0,5.0,,6.778,5.0,Fase 3 (7º e 8º ano),-1,2022,2,0,Defasagem moderada,1,5.0,True,,,,,,,,,,,,,,
RA-38,6,17.0,Menina,2017,Rede Decisão,Topázio,8.523,9.2,8.9,7.5,,8.6,9.0,7.0,9.7,9.833,5.0,Fase 7 (3º EM),-1,2022,6,5,Defasagem moderada,1,5.0,True,2023.0,0.0,7.7,9.7,7.52,8.75,8.8825,10.0,8.835333333,Topázio,0,-0.8999999999999995,0.7999999999999989,0.31233333299999977
RA-38,FASE 7,17.0,Feminino,2017,Privada - Programa de Apadrinhamento,Topázio,8.835333333,9.6,9.7,7.52,8.75,7.7,8.2,8.8,6.0,8.8825,10.0,Fase 7 (3° EM),0,2023,7,6,Em fase / adiantado,0,10.0,True,2024.0,0.0,,0.0,,,,10.0,,,0,,-9.7,
RA-38,8F,18.0,Feminino,2021,Privada - Programa de Apadrinhamento,,,,0.0,,,,,,,,10.0,Fase 8 (Universitários),0,2024,8,3,Em fase / adiantado,0,10.0,True,,,,,,,,,,,,,,
RA-380,2,13.0,Menino,2017,Escola Pública,Quartzo,4.556,7.9,4.4,5.0,,2.5,2.3,2.7,,4.833,5.0,Fase 3 (7º e 8º ano),-1,2022,2,5,Defasagem moderada,1,5.0,True,2023.0,-1.0,4.5,6.4,2.52,6.71875,6.5425,5.0,4.912375,Quartzo,1,2.0,2.0,0.3563749999999999
RA-380,FASE 3,14.0,Masculino,2017,Pública,Quartzo,4.912375,0.0,6.4,2.52,6.71875,4.5,7.0,4.0,2.5,6.5425,5.0,Fase 4 (9° ano),-1,2023,3,6,Defasagem moderada,1,5.0,True,,,,,,,,,,,,,,
RA-381,2,13.0,Menino,2018,Escola Pública,Ágata,6.454,9.0,8.3,6.9,,3.3,1.5,5.2,,6.944,5.0,Fase 3 (7º e 8º ano),-1,2022,2,4,Defasagem moderada,1,5.0,True,2023.0,-1.0,3.9,8.4,6.89,7.34375,6.84,5.0,5.758041667,Quartzo,1,0.6000000000000001,0.09999999999999964,-0.6959583330000001
RA-381,FASE 3,,Masculino,2018,Pública,Quartzo,5.758041667,0.0,8.4,6.89,7.34375,3.9,5.3,5.3,1.2,6.84,5.0,Fase 4 (9° ano),-1,2023,3,5,Defasagem moderada,1,5.0,True,2024.0,-2.0,3.6666666666666665,6.133333333333333,7.51,6.71875,6.1225,5.0,5.940775,Quartzo,1,-0.2333333333333334,-2.2666666666666675,0.18273333300000072
RA-381,3G,15.0,Masculino,2021,Pública,Quartzo,5.940775,8.334,6.133333333333333,7.51,6.71875,3.6666666666666665,2.5,4.5,4.0,6.1225,5.0,Fase 5 (1° EM),-2,2024,3,3,Defasagem moderada,1,5.0,True,,,,,,,,,,,,,,
RA-382,2,14.0,Menino,2017,Escola Pública,Ágata,6.777,9.0,7.7,6.3,,5.4,4.0,6.8,,7.333,5.0,Fase 4 (9º ano),-2,2022,2,5,Defasagem moderada,1,5.0,True,2023.0,-2.0,5.2,9.4,6.26,7.5,7.1725,5.0,6.223833333,Ágata,1,-0.20000000000000018,1.7000000000000002,-0.5531666670000002
RA-382,FASE 3,15.0,Masculino,2017,Pública,Ágata,6.223833333,0.0,9.4,6.26,7.5,5.2,5.0,5.8,4.7,7.1725,5.0,Fase 5 (1° EM),-2,2023,3,6,Defasagem moderada,1,5.0,True,2024.0,-1.0,3.0,6.324561403666666,5.63,6.75,6.43,5.0,5.805712280733333,Quartzo,1,-2.2,-3.075438596333334,-0.41812105226666674
RA-382,4F,16.0,Masculino,2021,Pública,Quartzo,5.805712280733333,9.168,6.324561403666666,5.63,6.75,3.0,2.0,3.0,4.0,6.43,5.0,Fase 5 (1° EM),-1,2024,4,3,Defasagem moderada,1,5.0,True,,,,,,,,,,,,,,
RA-383,2,11.0,Menino,2019,Escola Pública,Topázio,8.4,9.0,9.6,7.5,,8.1,8.0,8.2,,7.778,10.0,Fase 2 (5º e 6º ano),0,2022,2,3,Em fase / adiantado,0,10.0,True,2023.0,0.0,6.5,8.8,3.14,7.5,7.5,10.0,7.5408,Ametista,0,-1.5999999999999996,-0.7999999999999989,-0.8592000000000004
RA-383,FASE 3,12.0,Masculino,2019,Pública,Ametista,7.5408,9.2,8.8,3.14,7.5,6.5,6.3,6.2,7.0,7.5,10.0,Fase 3 (7° e 8° ano),0,2023,3,4,Em fase / adiantado,0,10.0,True,2024.0,1.0,5.833333333333333,8.600288600333334,7.51,7.875,8.47,10.0,8.036024386733335,Topázio,0,-0.666666666666667,-0.19971139966666662,0.4952243867333346
RA-383,4F,13.0,Masculino,2021,Pública,Topázio,8.036024386733335,9.168,8.600288600333334,7.51,7.875,5.833333333333333,1.0,8.0,8.5,8.47,10.0,Fase 3 (7° e 8° ano),1,2024,4,3,Em fase / adiantado,0,10.0,True,,,,,,,,,,,,,,
RA-384,2,12.0,Menina,2017,Escola Pública,Ametista,7.558,9.0,8.4,6.3,,8.1,8.0,8.2,,8.0,5.0,Fase 3 (7º e 8º ano),-1,2022,2,5,Defasagem moderada,1,5.0,True,2023.0,0.0,7.3,9.1,2.52,7.65625,7.335,10.0,6.757958333,Ágata,0,-0.7999999999999998,0.6999999999999993,-0.8000416669999995
RA-384,FASE 3,,Feminino,2017,Pública,Ágata,6.757958333,0.0,9.1,2.52,7.65625,7.3,6.3,7.2,8.3,7.335,10.0,Fase 3 (7° e 8° ano),0,2023,3,6,Em fase / adiantado,0,10.0,True,2024.0,0.0,7.5,8.607503607333333,7.51,7.625,7.936,10.0,8.072200721466668,Topázio,0,0.20000000000000018,-0.49249639266666634,1.3142423884666679
RA-384,4F,14.0,Feminino,2021,Pública,Topázio,8.072200721466668,7.5,8.607503607333333,7.51,7.625,7.5,5.0,9.5,8.0,7.936,10.0,Fase 4 (9° ano),0,2024,4,3,Em fase / adiantado,0,10.0,True,,,,,,,,,,,,,,
RA-385,2,12.0,Menina,2022,Escola Pública,Ágata,6.083,7.4,7.5,5.0,,4.9,2.7,7.2,,6.5,5.0,Fase 3 (7º e 8º ano),-1,2022,2,0,Defasagem moderada,1,5.0,True,,,,,,,,,,,,,,
RA-386,2,13.0,Menino,2019,Escola Pública,Ágata,6.104,10.0,5.9,5.6,,4.0,3.7,4.3,,7.222,5.0,Fase 3 (7º e 8º ano),-1,2022,2,3,Defasagem moderada,1,5.0,True,2023.0,-1.0,3.3,7.0,2.52,7.03125,6.6325,5.0,5.758425,Quartzo,1,-0.7000000000000002,1.0999999999999996,-0.3455750000000002
RA-386,FASE 3,,Masculino,2019,Pública,Quartzo,5.758425,9.2,7.0,2.52,7.03125,3.3,5.0,3.7,1.2,6.6325,5.0,Fase 4 (9° ano),-1,2023,3,4,Defasagem moderada,1,5.0,True,,,,,,,,,,,,,,
RA-387,2,13.0,Menino,2019,Escola Pública,Ágata,6.323,7.0,8.2,7.5,,3.7,1.3,6.0,,6.833,5.0,Fase 3 (7º e 8º ano),-1,2022,2,3,Defasagem moderada,1,5.0,True,2023.0,-1.0,3.0,6.8,2.52,6.875,7.0075,5.0,4.794333333,Quartzo,1,-0.7000000000000002,-1.3999999999999995,-1.5286666670000004
RA-387,FASE 3,14.0,Masculino,2019,Pública,Quartzo,4.794333333,0.0,6.8,2.52,6.875,3.0,4.3,2.8,1.8,7.0075,5.0,Fase 4 (9° ano),-1,2023,3,4,Defasagem moderada,1,5.0,True,2024.0,-1.0,4.333333333333333,7.166666666666667,7.51,6.25,5.9975,5.0,6.125500000000001,Ágata,1,1.333333333333333,0.36666666666666714,1.3311666670000006
RA-387,3G,15.0,Masculino,2021,Pública,Ágata,6.125500000000001,7.5,7.166666666666667,7.51,6.25,4.333333333333333,5.0,4.0,4.0,5.9975,5.0,Fase 4 (9° ano),-1,2024,3,3,Defasagem moderada,1,5.0,True,,,,,,,,,,,,,,
RA-388,2,14.0,Menina,2019,Escola Pública,Ágata,6.654,7.9,8.5,5.6,,4.5,3.5,5.5,,7.722,5.0,Fase 4 (9º ano),-2,2022,2,3,Defasagem moderada,1,5.0,True,2023.0,-2.0,4.2,7.4,5.63,6.875,7.835,5.0,5.630833333,Quartzo,1,-0.2999999999999998,-1.0999999999999996,-1.023166667
RA-388,FASE 3,15.0,Feminino,2019,Pública,Quartzo,5.630833333,0.0,7.4,5.63,6.875,4.2,6.0,4.3,2.2,7.835,5.0,Fase 5 (1° EM),-2,2023,3,4,Defasagem moderada,1,5.0,True,2024.0,-1.0,4.333333333333333,6.349206349,7.51,6.75,5.764,5.0,5.965307936466667,Quartzo,1,0.13333333333333286,-1.0507936510000002,0.334474603466667
RA-388,4F,16.0,Feminino,2021,Pública,Quartzo,5.965307936466667,7.5,6.349206349,7.51,6.75,4.333333333333333,1.0,7.0,5.0,5.764,5.0,Fase 5 (1° EM),-1,2024,4,3,Defasagem moderada,1,5.0,True,,,,,,,,,,,,,,
RA-389,2,11.0,Menino,2019,Escola Pública,Ametista,7.184,8.0,8.9,7.5,,3.5,2.0,5.0,,7.556,10.0,Fase 2 (5º e 6º ano),0,2022,2,3,Em fase / adiantado,0,10.0,True,2023.0,-1.0,8.2,8.2,2.52,8.75,8.95,5.0,6.687,Ágata,1,4.699999999999999,-0.7000000000000011,-0.4969999999999999
RA-389,FASE 2,,Masculino,2019,Pública,Ágata,6.687,0.0,8.2,2.52,8.75,8.2,6.8,9.5,,8.95,5.0,Fase 3 (7° e 8° ano),-1,2023,2,4,Defasagem moderada,1,5.0,True,2024.0,0.0,5.166666666666667,6.674358974333333,8.76,6.5625,6.745,10.0,7.2079551282,Ametista,0,-3.0333333333333323,-1.5256410256666664,0.5209551281999998
RA-389,3G,13.0,Masculino,2021,Pública,Ametista,7.2079551282,9.585,6.674358974333333,8.76,6.5625,5.166666666666667,6.5,4.0,5.0,6.745,10.0,Fase 3 (7° e 8° ano),0,2024,3,3,Em fase / adiantado,0,10.0,True,,,,,,,,,,,,,,
RA-39,6,16.0,Menina,2017,Rede Decisão,Ágata,6.033,0.0,4.8,6.9,,6.9,7.7,5.1,7.8,6.111,10.0,Fase 6 (2º EM),0,2022,6,5,Em fase / adiantado,0,10.0,True,2023.0,0.0,7.8,9.1,7.52,8.75,8.7575,10.0,8.710333333,Topázio,0,0.8999999999999995,4.3,2.677333332999999
RA-39,FASE 7,17.0,Feminino,2017,Privada - Programa de Apadrinhamento,Topázio,8.710333333,9.6,9.1,7.52,8.75,7.8,8.3,7.8,7.2,8.7575,10.0,Fase 7 (3° EM),0,2023,7,6,Em fase / adiantado,0,10.0,True,2024.0,0.0,,0.0,,,,10.0,,,0,,-9.1,
RA-39,8F,18.0,Feminino,2021,Privada *Parcerias com Bolsa 100%,,,,0.0,,,,,,,,10.0,Fase 8 (Universitários),0,2024,8,3,Em fase / adiantado,0,10.0,True,,,,,,,,,,,,,,
RA-390,2,12.0,Menina,2022,Escola Pública,Ágata,6.776,7.4,8.8,6.3,,4.7,4.0,5.3,,7.722,5.0,Fase 3 (7º e 8º ano),-1,2022,2,0,Defasagem moderada,1,5.0,True,2023.0,0.0,4.8,8.8,2.52,7.34375,7.005,10.0,6.905741667,Ágata,0,0.09999999999999964,0.0,0.12974166700000023
RA-390,FASE 3,,Feminino,2022,Pública,Ágata,6.905741667,7.9,8.8,2.52,7.34375,4.8,5.7,5.8,3.0,7.005,10.0,Fase 3 (7° e 8° ano),0,2023,3,1,Em fase / adiantado,0,10.0,True,2024.0,0.0,4.166666666666667,6.080701754333333,8.755,6.5625,6.08,10.0,6.5472236842000004,Ágata,0,-0.6333333333333329,-2.7192982456666677,-0.3585179827999996
RA-390,3G,13.0,Feminino,2022,Pública,Ágata,6.5472236842000004,7.5,6.080701754333333,8.755,6.5625,4.166666666666667,3.0,2.5,7.0,6.08,10.0,Fase 3 (7° e 8° ano),0,2024,3,2,Em fase / adiantado,0,10.0,True,,,,,,,,,,,,,,
RA-391,2,12.0,Menina,2022,Escola Pública,Ametista,7.117,10.0,8.1,7.5,,5.1,5.0,5.2,,8.056,5.0,Fase 3 (7º e 8º ano),-1,2022,2,0,Defasagem moderada,1,5.0,True,2023.0,0.0,3.5,7.5,2.52,7.5,7.585,10.0,6.5107,Ágata,0,-1.5999999999999996,-0.5999999999999996,-0.6063000000000001
RA-391,FASE 3,,Feminino,2022,Pública,Ágata,6.5107,7.9,7.5,2.52,7.5,3.5,4.2,5.0,1.3,7.585,10.0,Fase 3 (7° e 8° ano),0,2023,3,1,Em fase / adiantado,0,10.0,True,,,,,,,,,,,,,,
RA-392,2,14.0,Menino,2022,Escola Pública,Ágata,6.418,9.5,8.8,5.6,,4.8,3.7,5.8,,6.778,5.0,Fase 4 (9º ano),-2,2022,2,0,Defasagem moderada,1,5.0,True,2023.0,-2.0,4.6,9.5,2.52,6.09375,7.17,5.0,6.567208333,Ágata,1,-0.20000000000000018,0.6999999999999993,0.1492083329999998
RA-392,FASE 3,15.0,Masculino,2022,Pública,Ágata,6.567208333,9.6,9.5,2.52,6.09375,4.6,6.2,4.7,2.8,7.17,5.0,Fase 5 (1° EM),-2,2023,3,1,Defasagem moderada,1,5.0,True,2024.0,-1.0,1.0,5.414731682,5.635,3.5,3.545,5.0,4.3639463364,Quartzo,1,-3.5999999999999996,-4.085268318,-2.2032619966
RA-392,4B,16.0,Masculino,2022,Pública,Quartzo,4.3639463364,9.585,5.414731682,5.635,3.5,1.0,0.0,2.0,1.0,3.545,5.0,Fase 5 (1° EM),-1,2024,4,2,Defasagem moderada,1,5.0,True,,,,,,,,,,,,,,
RA-393,2,16.0,Menina,2018,Escola Pública,Quartzo,5.518,10.0,5.4,5.0,,4.6,4.7,4.5,,6.778,2.5,Fase 6 (2º EM),-4,2022,2,4,Defasagem severa,1,2.5,True,,,,,,,,,,,,,,
RA-394,2,11.0,Menina,2022,Escola Pública,Ametista,7.897,9.5,8.6,7.5,,5.9,4.3,7.5,,8.444,10.0,Fase 2 (5º e 6º ano),0,2022,2,0,Em fase / adiantado,0,10.0,True,,,,,,,,,,,,,,
RA-395,2,11.0,Menina,2018,Escola Pública,Ametista,7.683,9.0,8.9,7.5,,4.9,4.2,5.7,,8.333,10.0,Fase 2 (5º e 6º ano),0,2022,2,4,Em fase / adiantado,0,10.0,True,2023.0,0.0,6.0,8.6,2.52,7.96875,7.9175,10.0,7.469175,Ametista,0,1.0999999999999996,-0.3000000000000007,-0.21382499999999993
RA-395,FASE 3,12.0,Feminino,2018,Pública,Ametista,7.469175,9.2,8.6,2.52,7.96875,6.0,6.7,5.3,6.0,7.9175,10.0,Fase 3 (7° e 8° ano),0,2023,3,5,Em fase / adiantado,0,10.0,True,2024.0,1.0,4.333333333333333,6.921693121666666,6.26,7.25,8.464,10.0,7.169905291000001,Ametista,0,-1.666666666666667,-1.6783068783333333,-0.29926970899999894
RA-395,4F,13.0,Feminino,2021,Pública,Ametista,7.169905291000001,8.751,6.921693121666666,6.26,7.25,4.333333333333333,2.5,5.5,5.0,8.464,10.0,Fase 3 (7° e 8° ano),1,2024,4,3,Em fase / adiantado,0,10.0,True,,,,,,,,,,,,,,
RA-396,2,12.0,Menino,2022,Escola Pública,Ágata,6.556,9.0,8.0,6.3,,5.6,4.7,6.5,,6.556,5.0,Fase 3 (7º e 8º ano),-1,2022,2,0,Defasagem moderada,1,5.0,True,,,,,,,,,,,,,,
RA-397,2,14.0,Menina,2017,Escola Pública,Quartzo,5.852,9.0,5.7,6.9,,2.8,3.3,2.3,,7.167,5.0,Fase 4 (9º ano),-2,2022,2,5,Defasagem moderada,1,5.0,True,2023.0,-1.0,4.6,7.9,2.52,7.1875,7.465,5.0,6.207083333,Ágata,1,1.7999999999999998,2.2,0.3550833329999996
RA-397,FASE 4,15.0,Feminino,2017,Pública,Ágata,6.207083333,7.5,7.9,2.52,7.1875,4.6,6.7,5.0,2.0,7.465,5.0,Fase 5 (1° EM),-1,2023,4,6,Defasagem moderada,1,5.0,True,2024.0,-2.0,5.666666666666667,7.885292942666666,5.63,7.625,7.398,5.0,6.807291921866668,Ágata,1,1.0666666666666673,-0.014707057333334106,0.6002085888666677
RA-397,4A,16.0,Feminino,2021,Pública,Ágata,6.807291921866668,7.918,7.885292942666666,5.63,7.625,5.666666666666667,5.0,4.5,7.5,7.398,5.0,Fase 6 (2° EM),-2,2024,4,3,Defasagem moderada,1,5.0,True,,,,,,,,,,,,,,
RA-398,2,10.0,Menina,2022,Escola Pública,Ametista,7.742,9.0,9.3,7.5,,5.5,3.0,8.0,,7.5,10.0,Fase 2 (5º e 6º ano),0,2022,2,0,Em fase / adiantado,0,10.0,True,2023.0,1.0,6.5,8.1,2.52,7.5,7.7925,10.0,7.153766667,Ametista,0,1.0,-1.200000000000001,-0.5882333329999998
RA-398,FASE 3,,Feminino,2022,Pública,Ametista,7.153766667,6.7,8.1,2.52,7.5,6.5,9.3,5.8,4.5,7.7925,10.0,Fase 2 (5° e 6° ano),1,2023,3,1,Em fase / adiantado,0,10.0,True,2024.0,0.0,8.0,5.733333333333333,7.51,7.291666667,6.553333333,10.0,7.2457999999666685,Ametista,0,1.5,-2.3666666666666663,0.09203333296666827
RA-398,3U,12.0,Feminino,2022,Pública,Ametista,7.2457999999666685,7.083,5.733333333333333,7.51,7.291666667,8.0,8.5,7.5,8.0,6.553333333,10.0,Fase 3 (7° e 8° ano),0,2024,3,2,Em fase / adiantado,0,10.0,True,,,,,,,,,,,,,,
RA-399,2,12.0,Menina,2022,Escola Pública,Ágata,6.58,6.8,9.3,5.6,,4.3,3.0,5.5,,7.5,5.0,Fase 3 (7º e 8º ano),-1,2022,2,0,Defasagem moderada,1,5.0,True,2023.0,0.0,4.7,8.2,2.52,7.5,8.165,10.0,7.000033333,Ametista,0,0.40000000000000036,-1.1000000000000014,0.4200333330000001
RA-399,FASE 3,,Feminino,2022,Pública,Ametista,7.000033333,7.9,8.2,2.52,7.5,4.7,5.0,4.2,4.8,8.165,10.0,Fase 3 (7° e 8° ano),0,2023,3,1,Em fase / adiantado,0,10.0,True,,,,,,,,,,,,,,
RA-4,7,17.0,Menino,2017,Rede Decisão,Quartzo,5.951,8.8,4.5,5.6,,5.0,2.8,3.5,8.7,5.278,10.0,Fase 7 (3º EM),0,2022,7,5,Em fase / adiantado,0,10.0,True,,,,,,,,,,,,,,
RA-40,5,16.0,Menina,2016,Rede Decisão,Ametista,7.203,7.9,7.8,7.5,,6.8,4.7,7.3,8.4,7.75,5.0,Fase 6 (2º EM),-1,2022,5,6,Defasagem moderada,1,5.0,True,2023.0,-1.0,5.9,8.2,7.52,7.96875,7.755,5.0,7.169975,Ametista,1,-0.8999999999999995,0.39999999999999947,-0.033025000000000304
RA-40,FASE 6,17.0,Feminino,2016,Privada - Programa de Apadrinhamento,Ametista,7.169975,7.5,8.2,7.52,7.96875,5.9,6.2,5.7,5.8,7.755,5.0,Fase 7 (3° EM),-1,2023,6,7,Defasagem moderada,1,5.0,True,2024.0,0.0,5.333333333333333,7.211257310000001,8.13,8.125,6.276666667,10.0,7.098051462066667,Ametista,0,-0.5666666666666673,-0.9887426899999987,-0.07192353793333339
RA-40,7A,18.0,Feminino,2021,Privada - Programa de Apadrinhamento,Ametista,7.098051462066667,7.083,7.211257310000001,8.13,8.125,5.333333333333333,3.5,6.0,6.5,6.276666667,10.0,Fase 7 (3° EM),0,2024,7,3,Em fase / adiantado,0,10.0,True,,,,,,,,,,,,,,
RA-400,2,14.0,Menino,2018,Escola Pública,Ágata,6.042,9.0,8.5,5.0,,1.7,1.2,2.2,,7.444,5.0,Fase 4 (9º ano),-2,2022,2,4,Defasagem moderada,1,5.0,True,2023.0,-1.0,4.1,9.0,2.52,7.65625,7.375,5.0,6.529425,Ágata,1,2.3999999999999995,0.5,0.487425
RA-400,FASE 3,,Masculino,2018,Pública,Ágata,6.529425,9.2,9.0,2.52,7.65625,4.1,4.8,4.7,2.8,7.375,5.0,Fase 4 (9° ano),-1,2023,3,5,Defasagem moderada,1,5.0,True,,,,,,,,,,,,,,
RA-401,2,12.0,Menina,2021,Escola Pública,Ágata,6.645,6.9,9.6,7.5,,4.3,3.7,5.0,,6.722,5.0,Fase 3 (7º e 8º ano),-1,2022,2,1,Defasagem moderada,1,5.0,True,2023.0,-1.0,7.3,8.1,2.52,7.083333333,7.116666667,5.0,6.363666667,Ágata,1,3.0,-1.5,-0.2813333329999992
RA-401,FASE 2,12.0,Feminino,2021,Pública,Ágata,6.363666667,4.0,8.1,2.52,7.083333333,7.3,6.3,8.3,,7.116666667,5.0,Fase 3 (7° e 8° ano),-1,2023,2,2,Defasagem moderada,1,5.0,True,2024.0,0.0,4.833333333333333,6.839473684333334,6.885,6.5625,6.915,10.0,6.728911403533334,Ágata,0,-2.466666666666667,-1.2605263156666657,0.36524473653333356
RA-401,3L,14.0,Feminino,2021,Pública,Ágata,6.728911403533334,6.666,6.839473684333334,6.885,6.5625,4.833333333333333,7.0,5.0,2.5,6.915,10.0,Fase 3 (7° e 8° ano),0,2024,3,3,Em fase / adiantado,0,10.0,True,,,,,,,,,,,,,,
RA-402,2,12.0,Menina,2019,Escola Pública,Quartzo,5.261,9.0,3.7,5.0,,3.0,4.3,1.7,,7.222,5.0,Fase 3 (7º e 8º ano),-1,2022,2,3,Defasagem moderada,1,5.0,True,2023.0,0.0,4.2,7.3,2.52,7.8125,6.88,10.0,6.632716667,Ágata,0,1.2000000000000002,3.5999999999999996,1.3717166670000003
RA-402,FASE 3,13.0,Feminino,2019,Pública,Ágata,6.632716667,9.2,7.3,2.52,7.8125,4.2,4.7,4.0,4.0,6.88,10.0,Fase 3 (7° e 8° ano),0,2023,3,4,Em fase / adiantado,0,10.0,True,2024.0,0.0,4.166666666666667,3.074074074,6.26,6.354166667,6.1175,10.0,5.683064814833333,Quartzo,0,-0.033333333333333215,-4.225925926,-0.9496518521666673
RA-402,4M,14.0,Feminino,2021,Pública,Quartzo,5.683064814833333,7.5,3.074074074,6.26,6.354166667,4.166666666666667,3.0,3.5,6.0,6.1175,10.0,Fase 4 (9° ano),0,2024,4,3,Em fase / adiantado,0,10.0,True,,,,,,,,,,,,,,
RA-403,2,12.0,Menino,2020,Escola Pública,Ametista,7.455,9.5,9.3,7.5,,6.3,6.5,6.2,,7.5,5.0,Fase 3 (7º e 8º ano),-1,2022,2,2,Defasagem moderada,1,5.0,True,2023.0,-1.0,7.8,8.8,6.27,7.291666667,8.45,5.0,7.716366667,Ametista,1,1.5,-0.5,0.2613666669999999
RA-403,FASE 2,,Masculino,2020,Pública,Ametista,7.716366667,8.5,8.8,6.27,7.291666667,7.8,6.8,8.8,,8.45,5.0,Fase 3 (7° e 8° ano),-1,2023,2,3,Defasagem moderada,1,5.0,True,2024.0,0.0,7.666666666666667,7.361111111,7.51,8.541666667,7.613333333,10.0,8.008488888833334,Topázio,0,-0.13333333333333286,-1.4388888890000011,0.2921222218333339
RA-403,3K,14.0,Masculino,2021,Pública,Topázio,8.008488888833334,8.751,7.361111111,7.51,8.541666667,7.666666666666667,6.0,8.0,9.0,7.613333333,10.0,Fase 3 (7° e 8° ano),0,2024,3,3,Em fase / adiantado,0,10.0,True,,,,,,,,,,,,,,
RA-404,2,12.0,Menina,2020,Escola Pública,Ágata,6.658,9.0,7.3,7.5,,5.3,4.0,6.5,,6.944,5.0,Fase 3 (7º e 8º ano),-1,2022,2,2,Defasagem moderada,1,5.0,True,2023.0,-1.0,6.0,8.3,5.02,6.875,6.89,5.0,6.7093,Ágata,1,0.7000000000000002,1.0000000000000009,0.05129999999999946
RA-404,FASE 2,,Feminino,2020,Pública,Ágata,6.7093,7.9,8.3,5.02,6.875,6.0,4.7,7.2,,6.89,5.0,Fase 3 (7° e 8° ano),-1,2023,2,3,Defasagem moderada,1,5.0,True,2024.0,0.0,5.666666666666667,6.286274509666666,2.51,7.5,6.998,10.0,6.624588235266668,Ágata,0,-0.33333333333333304,-2.013725490333335,-0.0847117647333322
RA-404,3M,14.0,Feminino,2021,Pública,Ágata,6.624588235266668,8.334,6.286274509666666,2.51,7.5,5.666666666666667,6.0,5.0,6.0,6.998,10.0,Fase 3 (7° e 8° ano),0,2024,3,3,Em fase / adiantado,0,10.0,True,,,,,,,,,,,,,,
RA-405,2,13.0,Menino,2016,Escola Pública,Quartzo,5.661,9.5,6.2,5.0,,3.3,2.7,3.8,,6.0,5.0,Fase 3 (7º e 8º ano),-1,2022,2,6,Defasagem moderada,1,5.0,True,,,,,,,,,,,,,,
RA-406,2,13.0,Menina,2019,Escola Pública,Ametista,7.496,9.5,9.5,7.5,,6.6,5.4,7.8,,7.333,5.0,Fase 3 (7º e 8º ano),-1,2022,2,3,Defasagem moderada,1,5.0,True,,,,,,,,,,,,,,
RA-407,2,13.0,Menino,2022,Escola Pública,Ametista,7.195,8.5,9.3,7.5,,6.0,4.0,8.0,,7.056,5.0,Fase 3 (7º e 8º ano),-1,2022,2,0,Defasagem moderada,1,5.0,True,2023.0,-1.0,7.3,8.6,7.52,7.8125,7.5,5.0,7.665083333,Ametista,1,1.2999999999999998,-0.7000000000000011,0.4700833329999998
RA-407,FASE 3,14.0,Masculino,2022,Pública,Ametista,7.665083333,9.6,8.6,7.52,7.8125,7.3,7.3,7.2,7.3,7.5,5.0,Fase 4 (9° ano),-1,2023,3,1,Defasagem moderada,1,5.0,True,2024.0,0.0,3.6666666666666665,7.614522417333333,6.26,7.96875,7.875,10.0,7.0875128168,Ametista,0,-3.6333333333333333,-0.9854775826666664,-0.5775705161999998
RA-407,4L,15.0,Masculino,2022,Pública,Ametista,7.0875128168,8.334,7.614522417333333,6.26,7.96875,3.6666666666666665,2.0,5.0,4.0,7.875,10.0,Fase 4 (9° ano),0,2024,4,2,Em fase / adiantado,0,10.0,True,,,,,,,,,,,,,,
RA-408,2,12.0,Menina,2022,Escola Pública,Ágata,6.725,8.0,9.7,7.5,,3.3,1.0,5.5,,7.333,5.0,Fase 3 (7º e 8º ano),-1,2022,2,0,Defasagem moderada,1,5.0,True,2023.0,-1.0,6.8,8.5,3.77,8.333333333,8.45,5.0,7.242133333,Ametista,1,3.5,-1.1999999999999993,0.5171333330000003
RA-408,FASE 2,13.0,Feminino,2022,Pública,Ametista,7.242133333,7.9,8.5,3.77,8.333333333,6.8,6.0,7.5,,8.45,5.0,Fase 3 (7° e 8° ano),-1,2023,2,1,Defasagem moderada,1,5.0,True,2024.0,0.0,4.833333333333333,4.981481481666667,7.51,7.083333333,6.776666667,10.0,6.5276296297,Ágata,0,-1.9666666666666668,-3.518518518333333,-0.7145037033000001
RA-408,3K,14.0,Feminino,2022,Pública,Ágata,6.5276296297,7.5,4.981481481666667,7.51,7.083333333,4.833333333333333,3.0,5.5,6.0,6.776666667,10.0,Fase 3 (7° e 8° ano),0,2024,3,2,Em fase / adiantado,0,10.0,True,,,,,,,,,,,,,,
RA-409,2,11.0,Menina,2022,Escola Pública,Topázio,8.15,7.9,9.7,7.5,,7.8,6.0,9.5,,7.5,10.0,Fase 2 (5º e 6º ano),0,2022,2,0,Em fase / adiantado,0,10.0,True,2023.0,-1.0,8.0,9.5,2.52,7.916666667,8.73,5.0,7.621466667,Ametista,1,0.20000000000000018,-0.1999999999999993,-0.5285333330000004
RA-409,FASE 2,,Feminino,2022,Pública,Ametista,7.621466667,8.4,9.5,2.52,7.916666667,8.0,6.2,9.7,,8.73,5.0,Fase 3 (7° e 8° ano),-1,2023,2,1,Defasagem moderada,1,5.0,True,2024.0,0.0,7.166666666666667,9.231481481333333,7.51,7.916666667,7.223333333,10.0,8.225462962900002,Topázio,0,-0.833333333333333,-0.2685185186666672,0.6039962959000018
RA-409,3K,13.0,Feminino,2022,Pública,Topázio,8.225462962900002,9.585,9.231481481333333,7.51,7.916666667,7.166666666666667,7.0,7.5,7.0,7.223333333,10.0,Fase 3 (7° e 8° ano),0,2024,3,2,Em fase / adiantado,0,10.0,True,,,,,,,,,,,,,,
RA-41,5,17.0,Menino,2018,Escola Pública,Quartzo,5.581,9.2,6.1,5.0,,5.6,6.3,2.5,8.0,4.375,5.0,Fase 7 (3º EM),-2,2022,5,4,Defasagem moderada,1,5.0,True,,,,,,,,,,,,,,
RA-410,2,14.0,Menino,2018,Escola Pública,Quartzo,5.675,7.4,6.5,6.3,,2.0,2.0,2.0,,7.444,5.0,Fase 4 (9º ano),-2,2022,2,4,Defasagem moderada,1,5.0,True,2023.0,-1.0,4.9,5.8,7.52,6.71875,6.0425,5.0,6.140808333,Ágata,1,2.9000000000000004,-0.7000000000000002,0.465808333
RA-410,FASE 3,,Masculino,2018,Pública,Ágata,6.140808333,8.8,5.8,7.52,6.71875,4.9,5.0,4.8,4.8,6.0425,5.0,Fase 4 (9° ano),-1,2023,3,5,Defasagem moderada,1,5.0,True,,,,,,,,,,,,,,
RA-411,2,12.0,Menina,2019,Escola Pública,Ametista,7.232,6.4,8.6,7.5,,7.1,6.7,7.5,,7.833,5.0,Fase 3 (7º e 8º ano),-1,2022,2,3,Defasagem moderada,1,5.0,True,2023.0,0.0,6.6,9.0,7.52,7.8125,7.5425,10.0,7.779983333,Ametista,0,-0.5,0.40000000000000036,0.5479833329999995
RA-411,FASE 3,13.0,Feminino,2019,Privada,Ametista,7.779983333,6.2,9.0,7.52,7.8125,6.6,5.7,6.7,7.3,7.5425,10.0,Fase 3 (7° e 8° ano),0,2023,3,4,Em fase / adiantado,0,10.0,True,2024.0,0.0,4.833333333333333,9.148148147999999,5.635,7.291666667,7.4125,10.0,7.279762962966667,Ametista,0,-1.7666666666666666,0.14814814799999887,-0.5002203700333325
RA-411,4M,14.0,Feminino,2021,Privada,Ametista,7.279762962966667,7.083,9.148148147999999,5.635,7.291666667,4.833333333333333,3.5,7.0,4.0,7.4125,10.0,Fase 4 (9° ano),0,2024,4,3,Em fase / adiantado,0,10.0,True,,,,,,,,,,,,,,
RA-412,2,12.0,Menina,2018,Escola Pública,Ametista,7.556,8.5,9.0,7.5,,7.3,6.5,8.2,,7.778,5.0,Fase 3 (7º e 8º ano),-1,2022,2,4,Defasagem moderada,1,5.0,True,2023.0,0.0,6.2,8.9,2.52,7.03125,7.585,10.0,7.373891667,Ametista,0,-1.0999999999999996,-0.09999999999999964,-0.1821083330000004
RA-412,FASE 3,13.0,Feminino,2018,Pública,Ametista,7.373891667,8.8,8.9,2.52,7.03125,6.2,5.8,5.2,7.7,7.585,10.0,Fase 3 (7° e 8° ano),0,2023,3,5,Em fase / adiantado,0,10.0,True,2024.0,0.0,7.333333333333333,8.456140351,6.26,8.020833333,8.125,10.0,8.044378070166667,Topázio,0,1.1333333333333329,-0.4438596490000002,0.6704864031666675
RA-412,4M,14.0,Feminino,2021,Pública,Topázio,8.044378070166667,8.334,8.456140351,6.26,8.020833333,7.333333333333333,8.0,6.0,8.0,8.125,10.0,Fase 4 (9° ano),0,2024,4,3,Em fase / adiantado,0,10.0,True,,,,,,,,,,,,,,
RA-413,2,12.0,Menina,2022,Escola Pública,Ágata,6.408,6.4,8.7,5.6,,4.7,4.2,5.2,,7.056,5.0,Fase 3 (7º e 8º ano),-1,2022,2,0,Defasagem moderada,1,5.0,True,2023.0,-1.0,6.3,8.9,2.52,7.291666667,7.503333333,5.0,6.803633333,Ágata,1,1.5999999999999996,0.20000000000000107,0.39563333299999925
RA-413,FASE 2,13.0,Feminino,2022,Pública,Ágata,6.803633333,7.9,8.9,2.52,7.291666667,6.3,5.8,6.7,,7.503333333,5.0,Fase 3 (7° e 8° ano),-1,2023,2,1,Defasagem moderada,1,5.0,True,,,,,,,,,,,,,,
RA-414,2,12.0,Menina,2021,Escola Pública,Ametista,7.284,8.0,9.3,7.5,,5.9,5.7,6.2,,7.667,5.0,Fase 3 (7º e 8º ano),-1,2022,2,1,Defasagem moderada,1,5.0,True,2023.0,0.0,6.5,9.5,7.52,7.8125,7.585,10.0,7.25025,Ametista,0,0.5999999999999996,0.1999999999999993,-0.0337499999999995
RA-414,FASE 3,13.0,Feminino,2021,Pública,Ametista,7.25025,0.0,9.5,7.52,7.8125,6.5,6.0,7.0,6.5,7.585,10.0,Fase 3 (7° e 8° ano),0,2023,3,2,Em fase / adiantado,0,10.0,True,2024.0,0.0,6.0,8.429629629666666,7.51,6.25,5.67,10.0,7.187625925933334,Ametista,0,-0.5,-1.0703703703333343,-0.06262407406666615
RA-414,3L,14.0,Feminino,2021,Pública,Ametista,7.187625925933334,7.917,8.429629629666666,7.51,6.25,6.0,9.0,3.0,6.0,5.67,10.0,Fase 3 (7° e 8° ano),0,2024,3,3,Em fase / adiantado,0,10.0,True,,,,,,,,,,,,,,
RA-415,2,11.0,Menina,2019,Escola Pública,Ametista,7.695,8.0,8.3,7.5,,6.2,4.8,7.5,,8.056,10.0,Fase 2 (5º e 6º ano),0,2022,2,3,Em fase / adiantado,0,10.0,True,2023.0,0.0,3.7,8.2,7.52,7.8125,7.8325,10.0,7.18805,Ametista,0,-2.5,-0.10000000000000142,-0.5069500000000007
RA-415,FASE 3,12.0,Feminino,2019,Pública,Ametista,7.18805,7.1,8.2,7.52,7.8125,3.7,2.8,4.0,4.3,7.8325,10.0,Fase 3 (7° e 8° ano),0,2023,3,4,Em fase / adiantado,0,10.0,True,,,,,,,,,,,,,,
RA-416,2,12.0,Menino,2018,Rede Decisão,Ametista,7.913,9.5,9.3,8.8,,7.2,6.7,7.7,,8.222,5.0,Fase 3 (7º e 8º ano),-1,2022,2,4,Defasagem moderada,1,5.0,True,2023.0,0.0,7.6,9.8,2.52,8.28125,8.3375,10.0,8.144425,Topázio,0,0.39999999999999947,0.5,0.23142499999999977
RA-416,FASE 3,13.0,Masculino,2018,Privada - Programa de Apadrinhamento,Topázio,8.144425,9.2,9.8,2.52,8.28125,7.6,7.0,7.0,8.8,8.3375,10.0,Fase 3 (7° e 8° ano),0,2023,3,5,Em fase / adiantado,0,10.0,True,2024.0,1.0,8.0,8.972709551666666,7.51,8.541666667,9.13,10.0,8.700808577033333,Topázio,0,0.40000000000000036,-0.8272904483333345,0.5563835770333334
RA-416,4M,14.0,Masculino,2021,Privada - Programa de Apadrinhamento,Topázio,8.700808577033333,8.751,8.972709551666666,7.51,8.541666667,8.0,8.0,7.5,8.5,9.13,10.0,Fase 3 (7° e 8° ano),1,2024,4,3,Em fase / adiantado,0,10.0,True,,,,,,,,,,,,,,
RA-417,2,13.0,Menina,2022,Escola Pública,Topázio,8.428,10.0,10.0,7.5,,8.0,6.0,10.0,,9.556,5.0,Fase 3 (7º e 8º ano),-1,2022,2,0,Defasagem moderada,1,5.0,True,2023.0,0.0,7.8,9.7,7.52,8.28125,8.2125,10.0,8.257658333,Topázio,0,-0.20000000000000018,-0.3000000000000007,-0.17034166700000064
RA-417,FASE 3,,Feminino,2022,Pública,Topázio,8.257658333,5.4,9.7,7.52,8.28125,7.8,6.7,8.3,8.3,8.2125,10.0,Fase 3 (7° e 8° ano),0,2023,3,1,Em fase / adiantado,0,10.0,True,2024.0,0.0,8.833333333333334,8.401559454333333,7.51,8.4375,8.2925,10.0,8.533628557533333,Topázio,0,1.033333333333334,-1.2984405456666668,0.2759702245333333
RA-417,4L,14.0,Feminino,2022,Pública,Topázio,8.533628557533333,8.334,8.401559454333333,7.51,8.4375,8.833333333333334,9.0,10.0,7.5,8.2925,10.0,Fase 4 (9° ano),0,2024,4,2,Em fase / adiantado,0,10.0,True,,,,,,,,,,,,,,
RA-418,2,10.0,Menina,2020,Rede Decisão,Topázio,8.175,8.0,9.4,7.5,,7.5,6.5,8.5,,8.222,10.0,Fase 2 (5º e 6º ano),0,2022,2,2,Em fase / adiantado,0,10.0,True,2023.0,1.0,8.1,10.0,2.52,8.125,8.045,10.0,8.1686,Topázio,0,0.5999999999999996,0.5999999999999996,-0.0064000000000010715
RA-418,FASE 3,,Feminino,2020,Privada - Programa de Apadrinhamento,Topázio,8.1686,8.8,10.0,2.52,8.125,8.1,6.7,8.3,9.3,8.045,10.0,Fase 2 (5° e 6° ano),1,2023,3,3,Em fase / adiantado,0,10.0,True,2024.0,1.0,9.333333333333334,10.0,7.51,8.229166667,9.0475,10.0,9.125183333366667,Topázio,0,1.2333333333333343,0.0,0.9565833333666678
RA-418,4M,12.0,Feminino,2021,Privada - Programa de Apadrinhamento,Topázio,9.125183333366667,8.751,10.0,7.51,8.229166667,9.333333333333334,9.5,8.5,10.0,9.0475,10.0,Fase 3 (7° e 8° ano),1,2024,4,3,Em fase / adiantado,0,10.0,True,,,,,,,,,,,,,,
RA-419,2,12.0,Menina,2019,Rede Decisão,Ametista,7.359,7.5,9.2,5.6,,6.9,5.3,8.5,,8.389,5.0,Fase 3 (7º e 8º ano),-1,2022,2,3,Defasagem moderada,1,5.0,True,2023.0,0.0,7.6,9.5,2.52,8.125,7.875,10.0,7.7261,Ametista,0,0.6999999999999993,0.3000000000000007,0.36709999999999976
RA-419,FASE 3,,Feminino,2019,Privada - Programa de Apadrinhamento,Ametista,7.7261,6.7,9.5,2.52,8.125,7.6,7.0,7.3,8.5,7.875,10.0,Fase 3 (7° e 8° ano),0,2023,3,4,Em fase / adiantado,0,10.0,True,2024.0,1.0,8.166666666666666,9.382456140666667,6.26,8.020833333,8.5475,10.0,8.355707894766669,Topázio,0,0.5666666666666664,-0.11754385933333289,0.6296078947666688
RA-419,4M,14.0,Feminino,2021,Privada - Programa de Apadrinhamento,Topázio,8.355707894766669,7.083,9.382456140666667,6.26,8.020833333,8.166666666666666,6.5,8.0,10.0,8.5475,10.0,Fase 3 (7° e 8° ano),1,2024,4,3,Em fase / adiantado,0,10.0,True,,,,,,,,,,,,,,
RA-42,5,15.0,Menino,2019,Rede Decisão,Ágata,6.72,8.3,7.9,5.6,,4.8,3.7,4.5,6.2,6.083,10.0,Fase 5 (1º EM),0,2022,5,3,Em fase / adiantado,0,10.0,True,2023.0,-1.0,5.7,8.6,5.63,6.5625,6.6675,5.0,6.794516667,Ágata,1,0.9000000000000004,0.6999999999999993,0.07451666700000015
RA-42,FASE 5,,Masculino,2019,Privada - Programa de Apadrinhamento,Ágata,6.794516667,8.8,8.6,5.63,6.5625,5.7,6.3,4.2,6.7,6.6675,5.0,Fase 6 (2° EM),-1,2023,5,4,Defasagem moderada,1,5.0,True,2024.0,-1.0,8.166666666666666,9.682539682666667,5.635,6.796875,7.134,5.0,7.656628769866667,Ametista,1,2.466666666666666,1.082539682666667,0.862112102866667
RA-42,6A,17.0,Masculino,2021,Pública,Ametista,7.656628769866667,9.168,9.682539682666667,5.635,6.796875,8.166666666666666,9.0,7.5,8.0,7.134,5.0,Fase 7 (3° EM),-1,2024,6,3,Defasagem moderada,1,5.0,True,,,,,,,,,,,,,,
RA-420,2,11.0,Menina,2019,Rede Decisão,Ametista,7.461,9.5,9.0,5.6,,4.5,1.3,7.7,,8.0,10.0,Fase 2 (5º e 6º ano),0,2022,2,3,Em fase / adiantado,0,10.0,True,2023.0,0.0,5.3,9.3,2.52,7.65625,7.96,10.0,7.356358333,Ametista,0,0.7999999999999998,0.3000000000000007,-0.1046416670000001
RA-420,FASE 3,,Feminino,2019,Privada - Programa de Apadrinhamento,Ametista,7.356358333,8.3,9.3,2.52,7.65625,5.3,5.7,5.8,4.3,7.96,10.0,Fase 3 (7° e 8° ano),0,2023,3,4,Em fase / adiantado,0,10.0,True,2024.0,1.0,4.0,9.557894737,6.26,7.8125,7.96,10.0,7.544228947400001,Ametista,0,-1.2999999999999998,0.2578947369999991,0.1878706144000004
RA-420,4M,13.0,Feminino,2021,Privada - Programa de Apadrinhamento,Ametista,7.544228947400001,8.334,9.557894737,6.26,7.8125,4.0,3.0,4.5,4.5,7.96,10.0,Fase 3 (7° e 8° ano),1,2024,4,3,Em fase / adiantado,0,10.0,True,,,,,,,,,,,,,,
RA-421,2,11.0,Menino,2021,Escola Pública,Topázio,8.717,8.5,9.3,7.5,,8.8,9.2,8.5,,9.111,10.0,Fase 2 (5º e 6º ano),0,2022,2,1,Em fase / adiantado,0,10.0,True,2023.0,0.0,7.3,9.9,2.52,7.8125,8.17,10.0,8.030716667,Topázio,0,-1.5000000000000009,0.5999999999999996,-0.6862833330000004
RA-421,FASE 3,,Masculino,2021,Pública,Topázio,8.030716667,9.2,9.9,2.52,7.8125,7.3,8.0,6.2,7.8,8.17,10.0,Fase 3 (7° e 8° ano),0,2023,3,2,Em fase / adiantado,0,10.0,True,2024.0,1.0,6.666666666666667,9.540744978333334,7.51,9.0625,8.572,10.0,8.488232329,Topázio,0,-0.6333333333333329,-0.3592550216666659,0.4575156620000005
RA-421,4N,13.0,Masculino,2021,Pública,Topázio,8.488232329,8.751,9.540744978333334,7.51,9.0625,6.666666666666667,5.0,6.0,9.0,8.572,10.0,Fase 3 (7° e 8° ano),1,2024,4,3,Em fase / adiantado,0,10.0,True,,,,,,,,,,,,,,
RA-422,2,12.0,Menino,2022,Escola Pública,Ágata,6.746,8.5,10.0,7.5,,2.5,1.0,4.0,,7.5,5.0,Fase 3 (7º e 8º ano),-1,2022,2,0,Defasagem moderada,1,5.0,True,2023.0,-1.0,4.4,7.8,7.52,6.666666667,6.106666667,5.0,5.57,Quartzo,1,1.9000000000000004,-2.2,-1.1760000000000002
RA-422,FASE 2,,Masculino,2022,Pública,Quartzo,5.57,0.0,7.8,7.52,6.666666667,4.4,3.0,5.7,,6.106666667,5.0,Fase 3 (7° e 8° ano),-1,2023,2,1,Defasagem moderada,1,5.0,True,2024.0,-1.0,2.8333333333333335,6.157407407333333,7.51,6.458333333,5.5,5.0,5.544981481433334,Quartzo,1,-1.5666666666666669,-1.6425925926666665,-0.02501851856666626
RA-422,3K,14.0,Masculino,2022,Pública,Quartzo,5.544981481433334,7.5,6.157407407333333,7.51,6.458333333,2.8333333333333335,3.0,4.5,1.0,5.5,5.0,Fase 4 (9° ano),-1,2024,3,2,Defasagem moderada,1,5.0,True,,,,,,,,,,,,,,
RA-423,2,12.0,Menina,2022,Escola Pública,Ágata,6.647,8.4,9.6,7.5,,2.3,0.5,4.0,,7.667,5.0,Fase 3 (7º e 8º ano),-1,2022,2,0,Defasagem moderada,1,5.0,True,2023.0,-1.0,3.4,8.7,6.89,7.083333333,7.45,5.0,6.607533333,Ágata,1,1.1,-0.9000000000000004,-0.03946666700000012
RA-423,FASE 2,13.0,Feminino,2022,Pública,Ágata,6.607533333,8.0,8.7,6.89,7.083333333,3.4,2.3,4.5,,7.45,5.0,Fase 3 (7° e 8° ano),-1,2023,2,1,Defasagem moderada,1,5.0,True,2024.0,0.0,4.333333333333333,6.501135191,8.13,6.875,6.8275,10.0,6.616193704866666,Ágata,0,0.9333333333333331,-2.198864808999999,0.008660371866666239
RA-423,3L,14.0,Feminino,2022,Pública,Ágata,6.616193704866666,5.833,6.501135191,8.13,6.875,4.333333333333333,6.0,3.5,3.5,6.8275,10.0,Fase 3 (7° e 8° ano),0,2024,3,2,Em fase / adiantado,0,10.0,True,,,,,,,,,,,,,,
RA-424,2,12.0,Menina,2022,Escola Pública,Ametista,7.94,9.0,10.0,7.5,,7.5,10.0,5.0,,8.222,5.0,Fase 3 (7º e 8º ano),-1,2022,2,0,Defasagem moderada,1,5.0,True,2023.0,0.0,6.4,9.9,2.52,7.8125,7.7925,10.0,7.72685,Ametista,0,-1.0999999999999996,-0.09999999999999964,-0.21315000000000062
RA-424,FASE 3,,Feminino,2022,Pública,Ametista,7.72685,8.8,9.9,2.52,7.8125,6.4,5.0,6.7,7.5,7.7925,10.0,Fase 3 (7° e 8° ano),0,2023,3,1,Em fase / adiantado,0,10.0,True,2024.0,0.0,3.3333333333333335,9.616228070333333,7.51,7.34375,7.1625,10.0,7.341187280733334,Ametista,0,-3.066666666666667,-0.283771929666667,-0.38566271926666573
RA-424,4L,14.0,Feminino,2022,Pública,Ametista,7.341187280733334,8.334,9.616228070333333,7.51,7.34375,3.3333333333333335,2.0,6.0,2.0,7.1625,10.0,Fase 4 (9° ano),0,2024,4,2,Em fase / adiantado,0,10.0,True,,,,,,,,,,,,,,
RA-425,2,12.0,Menino,2022,Escola Pública,Topázio,8.117,9.0,10.0,7.5,,9.0,9.0,9.0,,7.5,5.0,Fase 3 (7º e 8º ano),-1,2022,2,0,Defasagem moderada,1,5.0,True,2023.0,0.0,7.5,9.9,2.52,7.8125,8.3775,10.0,8.10555,Topázio,0,-1.5,-0.09999999999999964,-0.011450000000001737
RA-425,FASE 3,13.0,Masculino,2022,Pública,Topázio,8.10555,9.2,9.9,2.52,7.8125,7.5,6.7,7.3,8.5,8.3775,10.0,Fase 3 (7° e 8° ano),0,2023,3,1,Em fase / adiantado,0,10.0,True,2024.0,0.0,9.0,10.0,6.26,8.229166667,8.8375,10.0,9.016616666700001,Topázio,0,1.5,0.09999999999999964,0.9110666667000018
RA-425,4M,14.0,Masculino,2022,Pública,Topázio,9.016616666700001,10.002,10.0,6.26,8.229166667,9.0,10.0,7.5,9.5,8.8375,10.0,Fase 4 (9° ano),0,2024,4,2,Em fase / adiantado,0,10.0,True,,,,,,,,,,,,,,
RA-426,2,14.0,Menina,2022,Escola Pública,Ágata,6.35,9.0,6.5,7.5,,4.6,2.3,6.8,,7.111,5.0,Fase 4 (9º ano),-2,2022,2,0,Defasagem moderada,1,5.0,True,2023.0,-1.0,5.0,7.6,5.0,7.65625,7.5425,5.0,6.329158333,Ágata,1,0.40000000000000036,1.0999999999999996,-0.020841667000000008
RA-426,FASE 3,,Feminino,2022,Pública,Ágata,6.329158333,5.4,7.6,5.0,7.65625,5.0,4.7,5.2,5.0,7.5425,5.0,Fase 4 (9° ano),-1,2023,3,1,Defasagem moderada,1,5.0,True,2024.0,-1.0,4.833333333333333,7.9050567596666665,4.38,7.65625,8.0,5.0,6.6430030186,Ágata,1,-0.16666666666666696,0.3050567596666669,0.31384468560000034
RA-426,4L,15.0,Feminino,2022,Pública,Ágata,6.6430030186,7.917,7.9050567596666665,4.38,7.65625,4.833333333333333,3.5,7.0,4.0,8.0,5.0,Fase 5 (1° EM),-1,2024,4,2,Defasagem moderada,1,5.0,True,,,,,,,,,,,,,,
RA-427,2,13.0,Menino,2022,Escola Pública,Ágata,6.245,8.0,8.5,7.5,,2.5,3.0,2.0,,6.778,5.0,Fase 3 (7º e 8º ano),-1,2022,2,0,Defasagem moderada,1,5.0,True,,,,,,,,,,,,,,
RA-428,2,13.0,Menino,2022,Escola Pública,Ametista,7.683,6.8,8.7,7.5,,9.5,10.0,9.0,,7.111,5.0,Fase 3 (7º e 8º ano),-1,2022,2,0,Defasagem moderada,1,5.0,True,2023.0,0.0,7.2,9.5,2.52,7.8125,8.0425,10.0,7.821816667,Ametista,0,-2.3,0.8000000000000007,0.1388166670000004
RA-428,FASE 3,,Masculino,2022,Pública,Ametista,7.821816667,8.3,9.5,2.52,7.8125,7.2,9.3,4.7,7.7,8.0425,10.0,Fase 3 (7° e 8° ano),0,2023,3,1,Em fase / adiantado,0,10.0,True,2024.0,0.0,5.0,8.898245614,5.635,7.5,7.625,10.0,7.534949122800001,Ametista,0,-2.2,-0.6017543859999996,-0.2868675441999988
RA-428,4M,14.0,Masculino,2022,Pública,Ametista,7.534949122800001,9.168,8.898245614,5.635,7.5,5.0,3.0,4.0,8.0,7.625,10.0,Fase 4 (9° ano),0,2024,4,2,Em fase / adiantado,0,10.0,True,,,,,,,,,,,,,,
RA-429,2,13.0,Menino,2019,Escola Pública,Quartzo,5.811,10.0,5.3,7.5,,2.7,2.8,2.5,,6.611,5.0,Fase 3 (7º e 8º ano),-1,2022,2,3,Defasagem moderada,1,5.0,True,,,,,,,,,,,,,,
RA-43,5,16.0,Menina,2019,Escola Pública,Quartzo,5.486,6.3,6.5,5.6,,4.3,4.0,5.8,3.2,5.958,5.0,Fase 6 (2º EM),-1,2022,5,3,Defasagem moderada,1,5.0,True,2023.0,-1.0,5.0,6.7,5.63,7.5,7.5875,5.0,6.4622,Ágata,1,0.7000000000000002,0.20000000000000018,0.9762000000000004
RA-43,FASE 6,17.0,Feminino,2019,Pública,Ágata,6.4622,7.9,6.7,5.63,7.5,5.0,4.0,5.0,6.0,7.5875,5.0,Fase 7 (3° EM),-1,2023,6,4,Defasagem moderada,1,5.0,True,,,,,,,,,,,,,,
RA-430,2,13.0,Menino,2022,Escola Pública,Ametista,7.585,9.5,8.6,7.5,,8.5,7.5,9.5,,6.611,5.0,Fase 3 (7º e 8º ano),-1,2022,2,0,Defasagem moderada,1,5.0,True,2023.0,-1.0,6.4,9.3,2.52,7.8125,7.75,5.0,7.146716667,Ametista,1,-2.0999999999999996,0.7000000000000011,-0.4382833330000002
RA-430,FASE 3,14.0,Masculino,2022,Pública,Ametista,7.146716667,9.2,9.3,2.52,7.8125,6.4,7.3,5.5,6.5,7.75,5.0,Fase 4 (9° ano),-1,2023,3,1,Defasagem moderada,1,5.0,True,,,,,,,,,,,,,,
RA-431,2,11.0,Menino,2022,Escola Pública,Ametista,7.175,9.0,8.1,7.5,,4.5,5.0,4.0,,6.778,10.0,Fase 2 (5º e 6º ano),0,2022,2,0,Em fase / adiantado,0,10.0,True,,,,,,,,,,,,,,
RA-432,2,14.0,Menina,2019,Escola Pública,Ágata,6.34,10.0,6.8,5.0,,5.1,5.7,4.5,,6.611,5.0,Fase 4 (9º ano),-2,2022,2,3,Defasagem moderada,1,5.0,True,2023.0,-2.0,5.2,9.0,2.52,7.8125,8.0425,5.0,6.850183333,Ágata,1,0.10000000000000053,2.2,0.5101833330000005
RA-432,FASE 3,,Feminino,2019,Pública,Ágata,6.850183333,8.8,9.0,2.52,7.8125,5.2,5.0,6.3,4.2,8.0425,5.0,Fase 5 (1° EM),-2,2023,3,4,Defasagem moderada,1,5.0,True,2024.0,-1.0,5.5,10.0,6.26,7.34375,7.2875,5.0,7.167975,Ametista,1,0.2999999999999998,1.0,0.31779166699999983
RA-432,4L,16.0,Feminino,2021,Pública,Ametista,7.167975,7.501,10.0,6.26,7.34375,5.5,5.0,6.0,5.5,7.2875,5.0,Fase 5 (1° EM),-1,2024,4,3,Defasagem moderada,1,5.0,True,,,,,,,,,,,,,,
RA-433,2,12.0,Menino,2022,Escola Pública,Quartzo,5.557,8.5,7.3,5.0,,2.6,2.2,3.0,,5.778,5.0,Fase 3 (7º e 8º ano),-1,2022,2,0,Defasagem moderada,1,5.0,True,2023.0,-1.0,4.8,7.2,7.52,5.833333333,7.613333333,5.0,6.5982,Ágata,1,2.1999999999999997,-0.09999999999999964,1.0412
RA-433,FASE 2,,Masculino,2022,Pública,Ágata,6.5982,8.5,7.2,7.52,5.833333333,4.8,1.8,7.7,,7.613333333,5.0,Fase 3 (7° e 8° ano),-1,2023,2,1,Defasagem moderada,1,5.0,True,2024.0,0.0,4.833333333333333,8.380952381,8.13,6.875,6.415,10.0,7.218157142866668,Ametista,0,0.033333333333333215,1.180952381,0.6199571428666681
RA-433,3N,14.0,Masculino,2022,Pública,Ametista,7.218157142866668,7.918,8.380952381,8.13,6.875,4.833333333333333,6.5,4.0,4.0,6.415,10.0,Fase 3 (7° e 8° ano),0,2024,3,2,Em fase / adiantado,0,10.0,True,,,,,,,,,,,,,,
RA-434,2,11.0,Menino,2022,Escola Pública,Ametista,7.403,9.0,8.1,7.5,,5.7,4.8,6.5,,6.778,10.0,Fase 2 (5º e 6º ano),0,2022,2,0,Em fase / adiantado,0,10.0,True,2023.0,-1.0,6.6,8.0,7.52,7.5,7.613333333,5.0,7.069766667,Ametista,1,0.8999999999999995,-0.09999999999999964,-0.3332333329999999
RA-434,FASE 2,12.0,Masculino,2022,Pública,Ametista,7.069766667,6.3,8.0,7.52,7.5,6.6,5.2,8.0,,7.613333333,5.0,Fase 3 (7° e 8° ano),-1,2023,2,1,Defasagem moderada,1,5.0,True,2024.0,0.0,5.5,5.061904762,7.51,7.291666667,6.55,10.0,6.610947619100001,Ágata,0,-1.0999999999999996,-2.938095238,-0.4588190478999987
RA-434,3U,13.0,Masculino,2022,Pública,Ágata,6.610947619100001,7.084,5.061904762,7.51,7.291666667,5.5,5.5,5.5,5.5,6.55,10.0,Fase 3 (7° e 8° ano),0,2024,3,2,Em fase / adiantado,0,10.0,True,,,,,,,,,,,,,,
RA-435,2,10.0,Menina,2022,Escola Pública,Ágata,6.599,7.9,6.2,7.5,,4.7,3.7,5.7,,6.444,10.0,Fase 2 (5º e 6º ano),0,2022,2,0,Em fase / adiantado,0,10.0,True,,,,,,,,,,,,,,
RA-436,2,11.0,Menino,2022,Escola Pública,Ágata,6.687,9.5,8.1,7.5,,2.0,4.0,0.0,,6.611,10.0,Fase 2 (5º e 6º ano),0,2022,2,0,Em fase / adiantado,0,10.0,True,2023.0,-1.0,3.4,4.7,2.52,6.875,7.613333333,5.0,5.322366667,Quartzo,1,1.4,-3.3999999999999995,-1.3646333330000004
RA-436,FASE 2,12.0,Masculino,2022,Pública,Quartzo,5.322366667,7.5,4.7,2.52,6.875,3.4,3.7,3.0,,7.613333333,5.0,Fase 3 (7° e 8° ano),-1,2023,2,1,Defasagem moderada,1,5.0,True,,,,,,,,,,,,,,
RA-437,2,13.0,Menino,2022,Escola Pública,Ágata,6.875,8.5,8.3,7.5,,5.8,6.0,5.5,,6.611,5.0,Fase 3 (7º e 8º ano),-1,2022,2,0,Defasagem moderada,1,5.0,True,2023.0,-2.0,4.7,8.4,7.52,7.291666667,7.78,5.0,6.947366667,Ágata,1,-1.0999999999999996,0.09999999999999964,0.07236666699999983
RA-437,FASE 2,,Masculino,2022,Pública,Ágata,6.947366667,8.0,8.4,7.52,7.291666667,4.7,2.5,6.8,,7.78,5.0,Fase 4 (9° ano),-2,2023,2,1,Defasagem moderada,1,5.0,True,,,,,,,,,,,,,,
RA-438,2,10.0,Menino,2022,Escola Pública,Ametista,7.764,8.0,8.7,7.5,,7.3,6.5,8.0,,6.889,10.0,Fase 2 (5º e 6º ano),0,2022,2,0,Em fase / adiantado,0,10.0,True,2023.0,0.0,5.4,7.5,6.26,6.458333333,7.223333333,10.0,6.9883,Ágata,0,-1.8999999999999995,-1.1999999999999993,-0.7757000000000005
RA-438,FASE 2,,Masculino,2022,Pública,Ágata,6.9883,6.9,7.5,6.26,6.458333333,5.4,3.5,7.3,,7.223333333,10.0,Fase 2 (5° e 6° ano),0,2023,2,1,Em fase / adiantado,0,10.0,True,2024.0,-1.0,8.25,8.6630434785,7.51,7.96875,7.915,5.0,7.930283695700001,Ametista,1,2.8499999999999996,1.1630434785000006,0.9419836957000012
RA-438,2K,12.0,Masculino,2022,Pública,Ametista,7.930283695700001,9.168,8.6630434785,7.51,7.96875,8.25,7.0,9.5,,7.915,5.0,Fase 3 (7° e 8° ano),-1,2024,2,2,Defasagem moderada,1,5.0,True,,,,,,,,,,,,,,
RA-439,2,12.0,Menino,2022,Escola Pública,Quartzo,5.519,9.0,4.9,7.5,,2.3,3.2,1.3,,6.5,5.0,Fase 3 (7º e 8º ano),-1,2022,2,0,Defasagem moderada,1,5.0,True,,,,,,,,,,,,,,
RA-44,5,17.0,Menina,2021,Escola Pública,Quartzo,5.542,5.0,5.9,7.5,,3.0,2.3,3.5,3.2,7.292,5.0,Fase 7 (3º EM),-2,2022,5,1,Defasagem moderada,1,5.0,True,2023.0,-2.0,6.9,8.5,5.01,7.5,7.17,5.0,6.258333333,Ágata,1,3.9000000000000004,2.5999999999999996,0.7163333330000006
RA-44,FASE 6,,Feminino,2021,Pública,Ágata,6.258333333,0.0,8.5,5.01,7.5,6.9,7.3,5.8,7.5,7.17,5.0,Fase 8 (Universitários),-2,2023,6,2,Defasagem moderada,1,5.0,True,,,,,,,,,,,,,,
RA-440,2,11.0,Menino,2022,Escola Pública,Ametista,7.329,9.5,9.0,6.9,,5.5,6.0,5.0,,5.833,10.0,Fase 2 (5º e 6º ano),0,2022,2,0,Em fase / adiantado,0,10.0,True,2023.0,0.0,6.2,8.2,7.52,7.96875,7.835,10.0,6.989208333,Ágata,0,0.7000000000000002,-0.8000000000000007,-0.3397916670000001
RA-440,FASE 3,12.0,Masculino,2022,Pública,Ágata,6.989208333,0.0,8.2,7.52,7.96875,6.2,7.3,7.0,4.2,7.835,10.0,Fase 3 (7° e 8° ano),0,2023,3,1,Em fase / adiantado,0,10.0,True,,,,,,,,,,,,,,
RA-441,2,11.0,Menina,2019,Escola Pública,Topázio,8.188,9.0,7.9,7.5,,8.0,8.0,8.0,,8.333,10.0,Fase 2 (5º e 6º ano),0,2022,2,3,Em fase / adiantado,0,10.0,True,,,,,,,,,,,,,,
RA-442,2,11.0,Menina,2022,Escola Pública,Topázio,8.226,10.0,8.2,7.5,,7.5,9.0,6.0,,8.222,10.0,Fase 2 (5º e 6º ano),0,2022,2,0,Em fase / adiantado,0,10.0,True,2023.0,0.0,5.8,7.6,7.52,7.5,8.1275,10.0,6.814166667,Ágata,0,-1.7000000000000002,-0.5999999999999996,-1.4118333330000006
RA-442,FASE 3,,Feminino,2022,Pública,Ágata,6.814166667,0.0,7.6,7.52,7.5,5.8,6.7,6.5,4.3,8.1275,10.0,Fase 3 (7° e 8° ano),0,2023,3,1,Em fase / adiantado,0,10.0,True,2024.0,1.0,5.0,5.9151960783333335,5.635,7.5,7.8775,10.0,6.905439215666667,Ágata,0,-0.7999999999999998,-1.6848039216666661,0.09127254866666679
RA-442,4M,13.0,Feminino,2022,Pública,Ágata,6.905439215666667,8.334,5.9151960783333335,5.635,7.5,5.0,4.5,7.0,3.5,7.8775,10.0,Fase 3 (7° e 8° ano),1,2024,4,2,Em fase / adiantado,0,10.0,True,,,,,,,,,,,,,,
RA-443,2,13.0,Menina,2019,Escola Pública,Ametista,7.482,9.0,9.1,7.5,,5.6,8.0,3.2,,8.5,5.0,Fase 3 (7º e 8º ano),-1,2022,2,3,Defasagem moderada,1,5.0,True,2023.0,-1.0,7.6,7.5,2.52,7.96875,8.125,5.0,6.895508333,Ágata,1,2.0,-1.5999999999999996,-0.5864916669999998
RA-443,FASE 3,14.0,Feminino,2019,Pública,Ágata,6.895508333,7.1,7.5,2.52,7.96875,7.6,7.0,8.7,7.0,8.125,5.0,Fase 4 (9° ano),-1,2023,3,4,Defasagem moderada,1,5.0,True,,,,,,,,,,,,,,
RA-444,2,11.0,Menino,2018,Escola Pública,Ágata,6.665,9.0,7.2,5.0,,3.1,1.5,4.7,,7.778,10.0,Fase 2 (5º e 6º ano),0,2022,2,4,Em fase / adiantado,0,10.0,True,2023.0,1.0,4.7,7.9,5.0,6.40625,6.4575,10.0,5.958791667,Quartzo,0,1.6,0.7000000000000002,-0.7062083330000002
RA-444,FASE 3,11.0,Masculino,2018,Pública,Quartzo,5.958791667,0.0,7.9,5.0,6.40625,4.7,4.7,5.8,3.7,6.4575,10.0,Fase 2 (5° e 6° ano),1,2023,3,5,Em fase / adiantado,0,10.0,True,2024.0,-1.0,3.6666666666666665,6.377276524666667,2.51,6.25,5.96,5.0,5.410188638266668,Quartzo,1,-1.0333333333333337,-1.5227234753333336,-0.5486030287333321
RA-444,3P,14.0,Masculino,2021,Pública,Quartzo,5.410188638266668,8.334,6.377276524666667,2.51,6.25,3.6666666666666665,2.0,5.0,4.0,5.96,5.0,Fase 4 (9° ano),-1,2024,3,3,Defasagem moderada,1,5.0,True,,,,,,,,,,,,,,
RA-445,2,12.0,Menino,2022,Escola Pública,Ágata,6.924,9.0,9.4,7.5,,3.8,0.0,7.5,,7.5,5.0,Fase 3 (7º e 8º ano),-1,2022,2,0,Defasagem moderada,1,5.0,True,2023.0,-1.0,8.4,8.8,6.89,8.541666667,8.176666667,5.0,7.9087,Ametista,1,4.6000000000000005,-0.5999999999999996,0.9846999999999992
RA-445,FASE 2,13.0,Masculino,2022,Pública,Ametista,7.9087,8.0,8.8,6.89,8.541666667,8.4,7.7,9.0,,8.176666667,5.0,Fase 3 (7° e 8° ano),-1,2023,2,1,Defasagem moderada,1,5.0,True,2024.0,0.0,4.0,8.715873016,7.51,7.8125,7.3725,10.0,7.3416246032,Ametista,0,-4.4,-0.08412698400000096,-0.5670753968
RA-445,3P,14.0,Masculino,2022,Pública,Ametista,7.3416246032,7.917,8.715873016,7.51,7.8125,4.0,3.0,6.0,3.0,7.3725,10.0,Fase 3 (7° e 8° ano),0,2024,3,2,Em fase / adiantado,0,10.0,True,,,,,,,,,,,,,,
RA-446,2,13.0,Menina,2018,Escola Pública,Ametista,7.367,9.5,8.9,5.0,,6.9,6.3,7.5,,7.889,5.0,Fase 3 (7º e 8º ano),-1,2022,2,4,Defasagem moderada,1,5.0,True,,,,,,,,,,,,,,
RA-447,2,10.0,Menina,2022,Escola Pública,Quartzo,5.607,0.0,7.0,7.5,,3.5,7.0,0.0,,5.556,10.0,Fase 2 (5º e 6º ano),0,2022,2,0,Em fase / adiantado,0,10.0,True,,,,,,,,,,,,,,
RA-448,2,11.0,Menina,2022,Escola Pública,Ametista,7.972,9.0,9.7,7.5,,5.5,5.0,6.0,,8.111,10.0,Fase 2 (5º e 6º ano),0,2022,2,0,Em fase / adiantado,0,10.0,True,,,,,,,,,,,,,,
RA-449,2,12.0,Menina,2022,Escola Pública,Ágata,6.143,0.0,6.0,7.5,,7.0,6.0,8.0,,8.111,5.0,Fase 3 (7º e 8º ano),-1,2022,2,0,Defasagem moderada,1,5.0,True,2023.0,0.0,7.0,7.2,7.52,7.34375,6.8425,10.0,7.396508333,Ametista,0,0.0,1.2000000000000002,1.253508333
RA-449,FASE 3,12.0,Feminino,2022,Pública,Ametista,7.396508333,7.1,7.2,7.52,7.34375,7.0,5.5,7.7,7.7,6.8425,10.0,Fase 3 (7° e 8° ano),0,2023,3,1,Em fase / adiantado,0,10.0,True,,,,,,,,,,,,,,
RA-45,5,15.0,Menina,2019,Rede Decisão,Ametista,7.591,7.9,8.9,5.6,,6.8,6.3,5.2,8.8,7.417,10.0,Fase 5 (1º EM),0,2022,5,3,Em fase / adiantado,0,10.0,True,2023.0,0.0,7.9,9.6,6.26,8.28125,8.1725,10.0,8.303591667,Topázio,0,1.1000000000000005,0.6999999999999993,0.712591666999999
RA-45,FASE 6,,Feminino,2019,Privada - Programa de Apadrinhamento,Topázio,8.303591667,7.1,9.6,6.26,8.28125,7.9,7.8,6.3,9.7,8.1725,10.0,Fase 6 (2° EM),0,2023,6,4,Em fase / adiantado,0,10.0,True,2024.0,0.0,8.0,9.619047619,9.38,8.75,8.283333333,10.0,8.743476190400001,Topázio,0,0.09999999999999964,0.019047619000000182,0.4398845234000017
RA-45,7A,17.0,Feminino,2021,Privada - Programa de Apadrinhamento,Topázio,8.743476190400001,7.5,9.619047619,9.38,8.75,8.0,7.5,7.0,9.5,8.283333333,10.0,Fase 7 (3° EM),0,2024,7,3,Em fase / adiantado,0,10.0,True,,,,,,,,,,,,,,
RA-450,2,13.0,Menino,2021,Escola Pública,Ametista,7.843,10.0,9.1,7.5,,7.5,6.8,8.2,,8.111,5.0,Fase 3 (7º e 8º ano),-1,2022,2,1,Defasagem moderada,1,5.0,True,2023.0,-1.0,5.4,8.4,2.52,7.65625,7.9175,5.0,6.819625,Ágata,1,-2.0999999999999996,-0.6999999999999993,-1.0233749999999997
RA-450,FASE 3,14.0,Masculino,2021,Pública,Ágata,6.819625,9.6,8.4,2.52,7.65625,5.4,7.0,6.5,2.7,7.9175,5.0,Fase 4 (9° ano),-1,2023,3,2,Defasagem moderada,1,5.0,True,2024.0,-1.0,7.5,8.954191033333332,5.63,7.8125,7.58,5.0,7.526188206666666,Ametista,1,2.0999999999999996,0.554191033333332,0.706563206666666
RA-450,4L,15.0,Masculino,2021,Pública,Ametista,7.526188206666666,8.751,8.954191033333332,5.63,7.8125,7.5,8.0,8.5,6.0,7.58,5.0,Fase 5 (1° EM),-1,2024,4,3,Defasagem moderada,1,5.0,True,,,,,,,,,,,,,,
RA-451,2,13.0,Menina,2019,Escola Pública,Ágata,6.434,9.0,6.0,6.3,,6.1,3.1,9.2,,6.889,5.0,Fase 3 (7º e 8º ano),-1,2022,2,3,Defasagem moderada,1,5.0,True,2023.0,-2.0,8.9,9.5,4.39,9.375,9.896666667,5.0,8.386033333,Topázio,1,2.8000000000000007,3.5,1.9520333330000001
RA-451,FASE 2,14.0,Feminino,2019,Pública,Topázio,8.386033333,8.5,9.5,4.39,9.375,8.9,7.8,10.0,,9.896666667,5.0,Fase 4 (9° ano),-2,2023,2,4,Defasagem moderada,1,5.0,True,,,,,,,,,,,,,,
RA-452,2,13.0,Menina,2021,Escola Pública,Ágata,6.287,9.0,5.6,7.5,,4.8,5.0,4.5,,7.167,5.0,Fase 3 (7º e 8º ano),-1,2022,2,1,Defasagem moderada,1,5.0,True,,,,,,,,,,,,,,
RA-453,2,13.0,Menina,2022,Escola Pública,Ametista,7.845,9.0,8.7,7.5,,8.8,8.0,9.5,,7.778,5.0,Fase 3 (7º e 8º ano),-1,2022,2,0,Defasagem moderada,1,5.0,True,,,,,,,,,,,,,,
RA-454,2,14.0,Menino,2018,Escola Pública,Quartzo,5.561,9.5,8.6,5.0,,2.3,0.0,4.7,,5.444,5.0,Fase 4 (9º ano),-2,2022,2,4,Defasagem moderada,1,5.0,True,2023.0,-2.0,2.6,7.5,5.0,4.6875,5.54,5.0,4.603416667,Quartzo,1,0.30000000000000027,-1.0999999999999996,-0.9575833329999996
RA-454,FASE 3,15.0,Masculino,2018,Pública,Quartzo,4.603416667,0.0,7.5,5.0,4.6875,2.6,4.2,1.2,2.5,5.54,5.0,Fase 5 (1° EM),-2,2023,3,5,Defasagem moderada,1,5.0,True,2024.0,-2.0,3.6666666666666665,6.633138401666667,6.255,5.416666667,5.833333333,5.0,5.8522943469666675,Quartzo,1,1.0666666666666664,-0.8668615983333332,1.2488776799666672
RA-454,4R,17.0,Masculino,2021,Pública,Quartzo,5.8522943469666675,9.585,6.633138401666667,6.255,5.416666667,3.6666666666666665,3.0,2.0,6.0,5.833333333,5.0,Fase 6 (2° EM),-2,2024,4,3,Defasagem moderada,1,5.0,True,,,,,,,,,,,,,,
RA-455,2,12.0,Menina,2022,Escola Pública,Ágata,6.876,7.0,7.9,7.5,,6.3,6.0,6.5,,7.278,5.0,Fase 3 (7º e 8º ano),-1,2022,2,0,Defasagem moderada,1,5.0,True,2024.0,,,,,,,,,,,,,
RA-455,3U,14.0,Feminino,2022,Pública,Ametista,7.098988888900001,8.751,6.111111111,8.13,8.333333333,4.5,3.0,6.5,4.0,7.276666667,10.0,Fase 3 (7° e 8° ano),0,2024,3,2,Em fase / adiantado,0,10.0,True,,,,,,,,,,,,,,
RA-456,2,12.0,Menina,2022,Escola Pública,Ametista,7.193,6.4,8.2,6.3,,7.3,6.0,8.7,,8.389,5.0,Fase 3 (7º e 8º ano),-1,2022,2,0,Defasagem moderada,1,5.0,True,2023.0,-1.0,9.9,8.3,4.39,9.583333333,9.953333333,5.0,7.518,Ametista,1,2.6000000000000005,0.10000000000000142,0.3250000000000002
RA-456,FASE 2,12.0,Feminino,2022,Pública,Ametista,7.518,0.0,8.3,4.39,9.583333333,9.9,9.7,10.0,,9.953333333,5.0,Fase 3 (7° e 8° ano),-1,2023,2,1,Defasagem moderada,1,5.0,True,2024.0,0.0,6.5,9.382456140333334,7.51,9.166666667,8.893333333,10.0,8.331124561366668,Topázio,0,-3.4000000000000004,1.082456140333333,0.813124561366668
RA-456,3R,13.0,Feminino,2022,Pública,Topázio,8.331124561366668,7.083,9.382456140333334,7.51,9.166666667,6.5,9.0,6.0,4.5,8.893333333,10.0,Fase 3 (7° e 8° ano),0,2024,3,2,Em fase / adiantado,0,10.0,True,,,,,,,,,,,,,,
RA-457,2,12.0,Menina,2022,Escola Pública,Ametista,7.68,8.0,8.8,7.5,,8.5,7.0,10.0,,7.667,5.0,Fase 3 (7º e 8º ano),-1,2022,2,0,Defasagem moderada,1,5.0,True,2023.0,0.0,8.1,8.6,7.52,8.125,8.045,10.0,8.256833333,Topázio,0,-0.40000000000000036,-0.20000000000000107,0.5768333329999997
RA-457,FASE 3,13.0,Feminino,2022,Pública,Topázio,8.256833333,7.5,8.6,7.52,8.125,8.1,6.7,8.5,9.0,8.045,10.0,Fase 3 (7° e 8° ano),0,2023,3,1,Em fase / adiantado,0,10.0,True,2024.0,1.0,8.666666666666666,8.743961352333335,7.51,9.6875,7.77,10.0,8.5892756038,Topázio,0,0.5666666666666664,0.14396135233333496,0.33244227080000144
RA-457,4N,14.0,Feminino,2022,Pública,Topázio,8.5892756038,8.334,8.743961352333335,7.51,9.6875,8.666666666666666,8.0,8.0,10.0,7.77,10.0,Fase 3 (7° e 8° ano),1,2024,4,2,Em fase / adiantado,0,10.0,True,,,,,,,,,,,,,,
RA-458,2,13.0,Menino,2019,Escola Pública,Ágata,6.512,8.0,7.7,7.5,,5.6,4.7,6.5,,5.833,5.0,Fase 3 (7º e 8º ano),-1,2022,2,3,Defasagem moderada,1,5.0,True,2023.0,-1.0,3.8,6.9,7.52,7.1875,6.2475,5.0,6.312083333,Ágata,1,-1.7999999999999998,-0.7999999999999998,-0.19991666699999922
RA-458,FASE 3,,Masculino,2019,Pública,Ágata,6.312083333,9.6,6.9,7.52,7.1875,3.8,4.3,4.8,2.2,6.2475,5.0,Fase 4 (9° ano),-1,2023,3,4,Defasagem moderada,1,5.0,True,2024.0,-1.0,4.0,3.7396825396666666,6.88,7.03125,6.83,5.0,5.680161507933333,Quartzo,1,0.20000000000000018,-3.1603174603333337,-0.6319218250666676
RA-458,3P,15.0,Masculino,2021,Pública,Quartzo,5.680161507933333,8.751,3.7396825396666666,6.88,7.03125,4.0,3.0,4.0,5.0,6.83,5.0,Fase 4 (9° ano),-1,2024,3,3,Defasagem moderada,1,5.0,True,,,,,,,,,,,,,,
RA-459,2,12.0,Menino,2019,Escola Pública,Ametista,7.28,7.0,9.1,8.1,,7.3,5.3,9.2,,7.222,5.0,Fase 3 (7º e 8º ano),-1,2022,2,3,Defasagem moderada,1,5.0,True,2023.0,0.0,8.3,9.3,7.52,7.1875,7.88,10.0,8.240016667,Topázio,0,1.0000000000000009,0.20000000000000107,0.9600166670000005
RA-459,FASE 3,13.0,Masculino,2019,Pública,Topázio,8.240016667,6.7,9.3,7.52,7.1875,8.3,8.3,9.2,7.5,7.88,10.0,Fase 3 (7° e 8° ano),0,2023,3,4,Em fase / adiantado,0,10.0,True,2024.0,0.0,4.666666666666667,8.454106280333333,5.635,7.8125,7.366,10.0,7.233804589400001,Ametista,0,-3.6333333333333337,-0.8458937196666678,-1.0062120775999999
RA-459,4N,14.0,Masculino,2021,Pública,Ametista,7.233804589400001,7.917,8.454106280333333,5.635,7.8125,4.666666666666667,0.0,6.0,8.0,7.366,10.0,Fase 4 (9° ano),0,2024,4,3,Em fase / adiantado,0,10.0,True,,,,,,,,,,,,,,
RA-46,5,17.0,Menina,2022,Escola Pública,Ágata,6.048,8.8,8.4,6.3,,2.1,2.8,2.8,0.7,7.083,5.0,Fase 7 (3º EM),-2,2022,5,0,Defasagem moderada,1,5.0,True,2023.0,-3.0,4.4,7.4,2.52,6.5625,6.6275,2.5,5.545383333,Quartzo,1,2.3000000000000003,-1.0,-0.5026166669999999
RA-46,FASE 5,18.0,Feminino,2022,Pública,Quartzo,5.545383333,7.1,7.4,2.52,6.5625,4.4,2.8,3.0,7.3,6.6275,2.5,Fase 8 (Universitários),-3,2023,5,1,Defasagem severa,1,2.5,True,,,,,,,,,,,,,,
RA-460,2,12.0,Menino,2022,Escola Pública,Quartzo,5.711,6.8,8.1,7.5,,3.3,0.5,6.0,,5.056,5.0,Fase 3 (7º e 8º ano),-1,2022,2,0,Defasagem moderada,1,5.0,True,,,,,,,,,,,,,,
RA-461,2,12.0,Menina,2018,Escola Pública,Quartzo,5.451,0.0,6.7,7.5,,3.8,1.5,6.2,,7.222,5.0,Fase 3 (7º e 8º ano),-1,2022,2,4,Defasagem moderada,1,5.0,True,2023.0,-1.0,7.4,7.9,3.77,8.541666667,8.616666667,5.0,7.2379,Ametista,1,3.6000000000000005,1.2000000000000002,1.7869000000000002
RA-461,FASE 2,12.0,Feminino,2018,Pública,Ametista,7.2379,7.3,7.9,3.77,8.541666667,7.4,5.7,9.0,,8.616666667,5.0,Fase 3 (7° e 8° ano),-1,2023,2,5,Defasagem moderada,1,5.0,True,2024.0,0.0,4.5,9.182446312,7.51,7.708333333,7.056666667,10.0,7.5447559291,Ametista,0,-2.9000000000000004,1.2824463119999994,0.30685592910000015
RA-461,3R,13.0,Feminino,2021,Pública,Ametista,7.5447559291,8.751,9.182446312,7.51,7.708333333,4.5,3.0,4.5,6.0,7.056666667,10.0,Fase 3 (7° e 8° ano),0,2024,3,3,Em fase / adiantado,0,10.0,True,,,,,,,,,,,,,,
RA-462,2,14.0,Menino,2022,Escola Pública,Ágata,6.626,10.0,8.5,7.5,,3.6,2.0,5.2,,6.778,5.0,Fase 4 (9º ano),-2,2022,2,0,Defasagem moderada,1,5.0,True,2023.0,-2.0,2.7,8.1,5.0,7.5,6.5825,5.0,6.2267,Ágata,1,-0.8999999999999999,-0.40000000000000036,-0.3993000000000002
RA-462,FASE 3,,Feminino,2022,Pública,Ágata,6.2267,10.0,8.1,5.0,7.5,2.7,4.0,2.8,1.3,6.5825,5.0,Fase 5 (1° EM),-2,2023,3,1,Defasagem moderada,1,5.0,True,,,,,,,,,,,,,,
RA-463,2,12.0,Menina,2020,Escola Pública,Ágata,6.41,10.0,7.8,7.5,,2.5,2.0,3.0,,7.389,5.0,Fase 3 (7º e 8º ano),-1,2022,2,2,Defasagem moderada,1,5.0,True,2023.0,0.0,4.0,5.4,2.52,7.8125,7.795,10.0,6.382383333,Ágata,0,1.5,-2.3999999999999995,-0.027616667000000206
RA-463,FASE 3,13.0,Feminino,2020,Pública,Ágata,6.382383333,9.2,5.4,2.52,7.8125,4.0,6.3,4.3,1.3,7.795,10.0,Fase 3 (7° e 8° ano),0,2023,3,3,Em fase / adiantado,0,10.0,True,,,,,,,,,,,,,,
RA-464,2,13.0,Menina,2022,Escola Pública,Ágata,6.745,7.5,8.0,7.5,,4.8,2.7,7.0,,7.722,5.0,Fase 3 (7º e 8º ano),-1,2022,2,0,Defasagem moderada,1,5.0,True,2023.0,-1.0,3.0,7.7,2.52,7.96875,7.38,5.0,6.081675,Ágata,1,-1.7999999999999998,-0.2999999999999998,-0.6633250000000004
RA-464,FASE 3,,Feminino,2022,Pública,Ágata,6.081675,9.2,7.7,2.52,7.96875,3.0,4.8,3.7,0.5,7.38,5.0,Fase 4 (9° ano),-1,2023,3,1,Defasagem moderada,1,5.0,True,2024.0,-1.0,4.333333333333333,7.851461988333334,8.76,7.1875,7.1175,5.0,6.872009064333334,Ágata,1,1.333333333333333,0.15146198833333369,0.7903340643333339
RA-464,3L,15.0,Feminino,2022,Pública,Ágata,6.872009064333334,9.168,7.851461988333334,8.76,7.1875,4.333333333333333,3.0,3.5,6.5,7.1175,5.0,Fase 4 (9° ano),-1,2024,3,2,Defasagem moderada,1,5.0,True,,,,,,,,,,,,,,
RA-465,2,11.0,Menino,2019,Escola Pública,Ametista,8.012,8.0,7.9,7.5,,7.8,9.3,6.3,,8.444,10.0,Fase 2 (5º e 6º ano),0,2022,2,3,Em fase / adiantado,0,10.0,True,2023.0,0.0,8.5,9.4,2.52,7.96875,8.17,10.0,8.012875,Topázio,0,0.7000000000000002,1.5,0.0008749999999988489
RA-465,FASE 3,,Masculino,2019,Pública,Topázio,8.012875,7.5,9.4,2.52,7.96875,8.5,8.3,8.2,9.0,8.17,10.0,Fase 3 (7° e 8° ano),0,2023,3,4,Em fase / adiantado,0,10.0,True,,,,,,,,,,,,,,
RA-466,2,13.0,Menino,2022,Escola Pública,Ágata,6.826,8.5,9.7,7.5,,3.3,0.5,6.0,,7.556,5.0,Fase 3 (7º e 8º ano),-1,2022,2,0,Defasagem moderada,1,5.0,True,2023.0,-2.0,4.5,7.6,6.89,6.25,7.056666667,5.0,6.595533333,Ágata,1,1.2000000000000002,-2.0999999999999996,-0.23046666699999996
RA-466,FASE 2,14.0,Masculino,2022,Pública,Ágata,6.595533333,9.5,7.6,6.89,6.25,4.5,2.5,6.5,,7.056666667,5.0,Fase 4 (9° ano),-2,2023,2,1,Defasagem moderada,1,5.0,True,2024.0,-1.0,4.0,7.223245614,8.76,7.5,7.665,5.0,6.778749122800001,Ágata,1,-0.5,-0.376754386,0.18321578980000108
RA-466,3L,15.0,Masculino,2022,Pública,Ágata,6.778749122800001,8.751,7.223245614,8.76,7.5,4.0,3.0,6.5,2.5,7.665,5.0,Fase 4 (9° ano),-1,2024,3,2,Defasagem moderada,1,5.0,True,,,,,,,,,,,,,,
RA-467,2,13.0,Menina,2022,Escola Pública,Ágata,6.38,5.8,8.4,5.0,,5.5,5.0,6.0,,7.111,5.0,Fase 3 (7º e 8º ano),-1,2022,2,0,Defasagem moderada,1,5.0,True,2023.0,-1.0,5.2,9.2,3.14,7.1875,7.5425,5.0,6.552916667,Ágata,1,-0.2999999999999998,0.7999999999999989,0.17291666699999997
RA-467,FASE 3,,Feminino,2022,Pública,Ágata,6.552916667,6.3,9.2,3.14,7.1875,5.2,6.0,6.0,3.7,7.5425,5.0,Fase 4 (9° ano),-1,2023,3,1,Defasagem moderada,1,5.0,True,2024.0,0.0,6.833333333333333,9.140350877333333,5.01,7.34375,7.54,10.0,7.7298118421333335,Ametista,0,1.6333333333333329,-0.05964912266666644,1.1768951751333336
RA-467,4L,15.0,Feminino,2022,Pública,Ametista,7.7298118421333335,7.917,9.140350877333333,5.01,7.34375,6.833333333333333,5.5,9.0,6.0,7.54,10.0,Fase 4 (9° ano),0,2024,4,2,Em fase / adiantado,0,10.0,True,,,,,,,,,,,,,,
RA-468,2,13.0,Menino,2022,Escola Pública,Ágata,6.313,9.5,6.7,7.5,,4.1,4.5,3.7,,6.722,5.0,Fase 3 (7º e 8º ano),-1,2022,2,0,Defasagem moderada,1,5.0,True,2023.0,-1.0,3.4,6.0,6.27,7.34375,6.715,5.0,5.911108333,Quartzo,1,-0.6999999999999997,-0.7000000000000002,-0.4018916670000001
RA-468,FASE 3,,Masculino,2022,Pública,Quartzo,5.911108333,8.3,6.0,6.27,7.34375,3.4,4.8,3.0,2.3,6.715,5.0,Fase 4 (9° ano),-1,2023,3,1,Defasagem moderada,1,5.0,True,,,,,,,,,,,,,,
RA-469,2,11.0,Menina,2022,Escola Pública,Ametista,7.624,9.0,9.6,5.0,,5.7,6.2,5.2,,7.833,10.0,Fase 2 (5º e 6º ano),0,2022,2,0,Em fase / adiantado,0,10.0,True,2023.0,-1.0,7.8,9.3,2.52,7.916666667,8.843333333,5.0,7.482533333,Ametista,1,2.0999999999999996,-0.29999999999999893,-0.14146666699999955
RA-469,FASE 2,,Feminino,2022,Pública,Ametista,7.482533333,7.5,9.3,2.52,7.916666667,7.8,6.8,8.8,,8.843333333,5.0,Fase 3 (7° e 8° ano),-1,2023,2,1,Defasagem moderada,1,5.0,True,2024.0,0.0,5.0,9.498366013,7.51,7.291666667,6.94,10.0,7.684639869300001,Ametista,0,-2.8,0.19836601299999934,0.20210653630000053
RA-469,3K,13.0,Feminino,2022,Pública,Ametista,7.684639869300001,9.168,9.498366013,7.51,7.291666667,5.0,6.0,4.0,5.0,6.94,10.0,Fase 3 (7° e 8° ano),0,2024,3,2,Em fase / adiantado,0,10.0,True,,,,,,,,,,,,,,
RA-47,5,17.0,Menina,2022,Escola Pública,Quartzo,5.677,7.9,6.3,7.5,,2.1,2.5,2.2,1.5,7.042,5.0,Fase 7 (3º EM),-2,2022,5,0,Defasagem moderada,1,5.0,True,,,,,,,,,,,,,,
RA-470,2,13.0,Menina,2019,Escola Pública,Ametista,7.378,8.0,9.7,7.5,,6.3,5.3,7.3,,7.5,5.0,Fase 3 (7º e 8º ano),-1,2022,2,3,Defasagem moderada,1,5.0,True,2023.0,-1.0,4.9,9.2,5.0,7.5,7.71,5.0,6.993766667,Ágata,1,-1.3999999999999995,-0.5,-0.38423333300000007
RA-470,FASE 3,14.0,Feminino,2019,Pública,Ágata,6.993766667,8.8,9.2,5.0,7.5,4.9,6.0,4.3,4.5,7.71,5.0,Fase 4 (9° ano),-1,2023,3,4,Defasagem moderada,1,5.0,True,2024.0,0.0,3.3333333333333335,8.011695906666667,7.51,7.03125,6.4975,10.0,6.981130848,Ágata,0,-1.5666666666666669,-1.1883040933333326,-0.01263581899999977
RA-470,4L,15.0,Feminino,2021,Pública,Ágata,6.981130848,9.585,8.011695906666667,7.51,7.03125,3.3333333333333335,3.5,4.0,2.5,6.4975,10.0,Fase 4 (9° ano),0,2024,4,3,Em fase / adiantado,0,10.0,True,,,,,,,,,,,,,,
RA-471,2,13.0,Menina,2020,Escola Pública,Ágata,6.535,3.5,8.5,5.0,,6.3,5.7,6.8,,8.056,5.0,Fase 3 (7º e 8º ano),-1,2022,2,2,Defasagem moderada,1,5.0,True,2023.0,0.0,5.0,9.0,6.27,7.96875,8.125,10.0,6.855541667,Ágata,0,-1.2999999999999998,0.5,0.32054166699999964
RA-471,FASE 3,,Feminino,2020,Pública,Ágata,6.855541667,0.0,9.0,6.27,7.96875,5.0,6.3,4.0,4.8,8.125,10.0,Fase 3 (7° e 8° ano),0,2023,3,3,Em fase / adiantado,0,10.0,True,2024.0,0.0,5.5,7.027568922333333,7.51,7.708333333,8.0425,10.0,6.635847117766667,Ágata,0,0.5,-1.9724310776666671,-0.2196945492333331
RA-471,4M,14.0,Feminino,2021,Pública,Ágata,6.635847117766667,0.0,7.027568922333333,7.51,7.708333333,5.5,4.0,5.5,7.0,8.0425,10.0,Fase 4 (9° ano),0,2024,4,3,Em fase / adiantado,0,10.0,True,,,,,,,,,,,,,,
RA-472,2,12.0,Menina,2022,Escola Pública,Quartzo,5.93,9.0,7.0,7.5,,2.0,1.8,2.2,,7.056,5.0,Fase 3 (7º e 8º ano),-1,2022,2,0,Defasagem moderada,1,5.0,True,2023.0,-1.0,5.5,7.1,7.52,7.708333333,8.223333333,5.0,6.6858,Ágata,1,3.5,0.09999999999999964,0.7558000000000007
RA-472,FASE 2,,Feminino,2022,Pública,Ágata,6.6858,5.1,7.1,7.52,7.708333333,5.5,3.7,7.2,,8.223333333,5.0,Fase 3 (7° e 8° ano),-1,2023,2,1,Defasagem moderada,1,5.0,True,2024.0,-1.0,6.25,7.48447205,7.51,6.25,6.333333333,5.0,6.6397610766,Ágata,1,0.75,0.3844720500000003,-0.046038923400000265
RA-472,2U,14.0,Feminino,2022,Pública,Ágata,6.6397610766,7.502,7.48447205,7.51,6.25,6.25,4.0,8.5,,6.333333333,5.0,Fase 3 (7° e 8° ano),-1,2024,2,2,Defasagem moderada,1,5.0,True,,,,,,,,,,,,,,
RA-473,2,12.0,Menino,2019,Escola Pública,Quartzo,5.915,8.0,6.1,7.5,,4.3,4.5,4.0,,5.889,5.0,Fase 3 (7º e 8º ano),-1,2022,2,3,Defasagem moderada,1,5.0,True,,,,,,,,,,,,,,
RA-474,2,13.0,Menino,2019,Escola Pública,Ágata,6.446,9.5,9.1,7.5,,3.0,1.3,4.7,,6.0,5.0,Fase 3 (7º e 8º ano),-1,2022,2,3,Defasagem moderada,1,5.0,True,2023.0,-1.0,3.3,7.8,5.0,7.1875,6.7575,5.0,5.283583333,Quartzo,1,0.2999999999999998,-1.2999999999999998,-1.1624166669999996
RA-474,FASE 3,14.0,Masculino,2019,Pública,Quartzo,5.283583333,0.0,7.8,5.0,7.1875,3.3,4.8,3.8,1.2,6.7575,5.0,Fase 4 (9° ano),-1,2023,3,4,Defasagem moderada,1,5.0,True,2024.0,-1.0,3.0,5.818518518666667,7.51,7.1875,6.8725,5.0,6.024753703733333,Ágata,1,-0.2999999999999998,-1.9814814813333328,0.7411703707333333
RA-474,3L,15.0,Masculino,2021,Pública,Ágata,6.024753703733333,9.168,5.818518518666667,7.51,7.1875,3.0,4.0,3.0,2.0,6.8725,5.0,Fase 4 (9° ano),-1,2024,3,3,Defasagem moderada,1,5.0,True,,,,,,,,,,,,,,
RA-475,2,12.0,Menina,2022,Escola Pública,Ametista,7.199,8.5,9.2,7.5,,5.8,3.3,8.3,,7.667,5.0,Fase 3 (7º e 8º ano),-1,2022,2,0,Defasagem moderada,1,5.0,True,,,,,,,,,,,,,,
RA-476,2,12.0,Menina,2019,Escola Pública,Ágata,6.931,9.0,9.3,4.4,,5.5,5.0,6.0,,7.556,5.0,Fase 3 (7º e 8º ano),-1,2022,2,3,Defasagem moderada,1,5.0,True,2023.0,0.0,4.1,7.0,2.52,7.34375,7.505,10.0,6.492408333,Ágata,0,-1.4000000000000004,-2.3000000000000007,-0.43859166699999985
RA-476,FASE 3,13.0,Feminino,2019,Pública,Ágata,6.492408333,7.9,7.0,2.52,7.34375,4.1,5.0,4.5,2.7,7.505,10.0,Fase 3 (7° e 8° ano),0,2023,3,4,Em fase / adiantado,0,10.0,True,2024.0,0.0,4.5,6.5964912280000005,7.51,6.25,6.745,10.0,6.7359982456,Ágata,0,0.40000000000000036,-0.40350877199999946,0.24358991260000007
RA-476,3L,14.0,Feminino,2021,Pública,Ágata,6.7359982456,7.917,6.5964912280000005,7.51,6.25,4.5,7.0,4.0,2.5,6.745,10.0,Fase 3 (7° e 8° ano),0,2024,3,3,Em fase / adiantado,0,10.0,True,,,,,,,,,,,,,,
RA-477,2,13.0,Menino,2022,Escola Pública,Quartzo,3.633,0.0,5.0,5.6,,0.7,0.3,1.0,,4.5,5.0,Fase 3 (7º e 8º ano),-1,2022,2,0,Defasagem moderada,1,5.0,True,,,,,,,,,,,,,,
RA-478,2,12.0,Menina,2019,Escola Pública,Ágata,6.709,8.5,9.1,5.6,,4.9,3.8,6.0,,7.056,5.0,Fase 3 (7º e 8º ano),-1,2022,2,3,Defasagem moderada,1,5.0,True,2023.0,0.0,4.4,7.3,2.52,7.1875,7.2975,10.0,6.443616667,Ágata,0,-0.5,-1.7999999999999998,-0.26538333299999994
RA-478,FASE 3,12.0,Feminino,2019,Pública,Ágata,6.443616667,6.7,7.3,2.52,7.1875,4.4,4.3,4.7,4.3,7.2975,10.0,Fase 3 (7° e 8° ano),0,2023,3,4,Em fase / adiantado,0,10.0,True,,,,,,,,,,,,,,
RA-479,1,10.0,Menino,2020,Rede Decisão,Topázio,8.465,8.0,9.2,7.5,,9.8,10.0,9.7,,9.5,5.0,Fase 2 (5º e 6º ano),-1,2022,1,2,Defasagem moderada,1,5.0,True,2023.0,0.0,9.7,10.0,2.52,9.791666667,9.6375,10.0,8.988866667,Topázio,0,-0.10000000000000142,0.8000000000000007,0.5238666670000001
RA-479,FASE 2,,Masculino,2020,Privada - Programa de Apadrinhamento,Topázio,8.988866667,9.0,10.0,2.52,9.791666667,9.7,9.3,10.0,,9.6375,10.0,Fase 2 (5° e 6° ano),0,2023,2,3,Em fase / adiantado,0,10.0,True,2024.0,1.0,9.666666666666666,9.866666666666667,2.51,9.375,9.45,10.0,8.901966666666668,Topázio,0,-0.033333333333333215,-0.13333333333333286,-0.08690000033333156
RA-479,3C,12.0,Masculino,2021,Privada - Programa de Apadrinhamento,Topázio,8.901966666666668,9.168,9.866666666666667,2.51,9.375,9.666666666666666,10.0,9.0,10.0,9.45,10.0,Fase 2 (5° e 6° ano),1,2024,3,3,Em fase / adiantado,0,10.0,True,,,,,,,,,,,,,,
RA-48,5,15.0,Menina,2017,Rede Decisão,Ametista,8.006,6.7,8.4,7.5,,8.1,6.7,8.0,9.5,8.5,10.0,Fase 5 (1º EM),0,2022,5,5,Em fase / adiantado,0,10.0,True,2023.0,0.0,7.7,8.4,6.26,7.65625,7.6275,10.0,7.797058333,Ametista,0,-0.39999999999999947,0.0,-0.2089416670000004
RA-48,FASE 6,16.0,Feminino,2017,Privada - Programa de Apadrinhamento,Ametista,7.797058333,6.7,8.4,6.26,7.65625,7.7,8.3,5.7,9.0,7.6275,10.0,Fase 6 (2° EM),0,2023,6,6,Em fase / adiantado,0,10.0,True,2024.0,0.0,7.5,8.339076859,9.375,8.59375,8.23,10.0,8.402390371800001,Topázio,0,-0.20000000000000018,-0.06092314099999996,0.6053320388000012
RA-48,7A,17.0,Feminino,2021,Privada - Programa de Apadrinhamento,Topázio,8.402390371800001,7.917,8.339076859,9.375,8.59375,7.5,6.5,6.0,10.0,8.23,10.0,Fase 7 (3° EM),0,2024,7,3,Em fase / adiantado,0,10.0,True,,,,,,,,,,,,,,
RA-480,1,10.0,Menina,2021,Escola Pública,Ametista,7.502,9.0,8.8,7.5,,6.3,6.8,5.7,,8.444,5.0,Fase 2 (5º e 6º ano),-1,2022,1,1,Defasagem moderada,1,5.0,True,2023.0,-1.0,7.9,9.7,7.52,7.96875,8.336666667,5.0,8.226408333,Topázio,1,1.6000000000000005,0.8999999999999986,0.7244083330000004
RA-480,FASE 1,11.0,Feminino,2021,Pública,Topázio,8.226408333,10.0,9.7,7.52,7.96875,7.9,7.2,8.5,,8.336666667,5.0,Fase 2 (5° e 6° ano),-1,2023,1,2,Defasagem moderada,1,5.0,True,2024.0,0.0,5.0,8.0714285715,7.51,7.8125,7.443333333,10.0,7.260202380900001,Ametista,0,-2.9000000000000004,-1.628571428499999,-0.9662059520999993
RA-480,2C,12.0,Feminino,2021,Pública,Ametista,7.260202380900001,6.25,8.0714285715,7.51,7.8125,5.0,2.5,7.5,,7.443333333,10.0,Fase 2 (5° e 6° ano),0,2024,2,3,Em fase / adiantado,0,10.0,True,,,,,,,,,,,,,,
RA-481,1,9.0,Menino,2021,Escola Pública,Ametista,7.21,9.0,8.0,7.5,,5.2,5.7,4.7,,6.889,10.0,Fase 1 (4º ano),0,2022,1,1,Em fase / adiantado,0,10.0,True,,,,,,,,,,,,,,
RA-482,1,11.0,Menino,2021,Escola Pública,Ágata,6.866,10.0,7.9,7.5,,5.5,4.3,6.7,,6.833,5.0,Fase 2 (5º e 6º ano),-1,2022,1,1,Defasagem moderada,1,5.0,True,,,,,,,,,,,,,,
RA-483,1,11.0,Menina,2019,Escola Pública,Quartzo,5.263,9.0,4.8,5.0,,2.4,2.0,2.8,,6.833,5.0,Fase 2 (5º e 6º ano),-1,2022,1,3,Defasagem moderada,1,5.0,True,2023.0,-2.0,5.6,6.0,2.52,7.916666667,8.166666667,5.0,6.3972,Ágata,1,3.1999999999999997,1.2000000000000002,1.1341999999999999
RA-483,FASE 1,12.0,Feminino,2019,Pública,Ágata,6.3972,9.0,6.0,2.52,7.916666667,5.6,5.0,6.2,,8.166666667,5.0,Fase 3 (7° e 8° ano),-2,2023,1,4,Defasagem moderada,1,5.0,True,2024.0,-1.0,5.25,5.6428571430000005,6.26,8.125,8.056666667,5.0,6.578604762,Ágata,1,-0.34999999999999964,-0.3571428569999995,0.18140476200000055
RA-483,2B,13.0,Feminino,2021,Pública,Ágata,6.578604762,8.502,5.6428571430000005,6.26,8.125,5.25,2.0,8.5,,8.056666667,5.0,Fase 3 (7° e 8° ano),-1,2024,2,3,Defasagem moderada,1,5.0,True,,,,,,,,,,,,,,
RA-484,1,11.0,Menino,2022,Escola Pública,Ágata,6.71,9.5,8.7,5.0,,6.5,8.0,5.0,,6.389,5.0,Fase 2 (5º e 6º ano),-1,2022,1,0,Defasagem moderada,1,5.0,True,2023.0,-1.0,3.6,7.5,2.52,5.416666667,6.8,5.0,5.515466667,Quartzo,1,-2.9,-1.1999999999999993,-1.1945333329999999
RA-484,FASE 2,12.0,Masculino,2022,Pública,Quartzo,5.515466667,6.4,7.5,2.52,5.416666667,3.6,3.2,4.0,,6.8,5.0,Fase 3 (7° e 8° ano),-1,2023,2,1,Defasagem moderada,1,5.0,True,2024.0,0.0,0.0,3.9141382866666667,2.51,3.4375,3.1225,10.0,3.8354776573333336,Quartzo,0,-3.6,-3.5858617133333333,-1.6799890096666665
RA-484,3A,13.0,Masculino,2022,Pública,Quartzo,3.8354776573333336,8.334,3.9141382866666667,2.51,3.4375,0.0,0.0,0.0,0.0,3.1225,10.0,Fase 3 (7° e 8° ano),0,2024,3,2,Em fase / adiantado,0,10.0,True,,,,,,,,,,,,,,
RA-485,1,10.0,Menino,2020,Escola Pública,Quartzo,4.742,9.5,4.0,7.5,,1.2,1.0,1.3,,5.444,5.0,Fase 2 (5º e 6º ano),-1,2022,1,2,Defasagem moderada,1,5.0,True,,,,,,,,,,,,,,
RA-486,1,10.0,Menina,2020,Escola Pública,Ametista,7.621,10.0,9.9,7.5,,7.3,6.7,7.8,,7.222,5.0,Fase 2 (5º e 6º ano),-1,2022,1,2,Defasagem moderada,1,5.0,True,2023.0,0.0,6.2,6.4,2.52,7.5,8.7525,10.0,7.1043,Ametista,0,-1.0999999999999996,-3.5,-0.5167000000000002
RA-486,FASE 2,11.0,Feminino,2020,Privada,Ametista,7.1043,8.4,6.4,2.52,7.5,6.2,3.3,9.0,,8.7525,10.0,Fase 2 (5° e 6° ano),0,2023,2,3,Em fase / adiantado,0,10.0,True,,,,,,,,,,,,,,
RA-487,1,10.0,Menina,2019,Rede Decisão,Topázio,8.417,7.5,9.7,7.5,,9.6,9.7,9.5,,9.333,5.0,Fase 2 (5º e 6º ano),-1,2022,1,3,Defasagem moderada,1,5.0,True,2023.0,0.0,9.5,9.9,5.0,9.166666667,9.26,10.0,8.988866667,Topázio,0,-0.09999999999999964,0.20000000000000107,0.5718666670000001
RA-487,FASE 2,11.0,Feminino,2019,Privada - Programa de Apadrinhamento,Topázio,8.988866667,8.5,9.9,5.0,9.166666667,9.5,9.2,9.7,,9.26,10.0,Fase 2 (5° e 6° ano),0,2023,2,4,Em fase / adiantado,0,10.0,True,2024.0,0.0,9.666666666666666,9.441269841333334,9.38,9.0625,9.1725,10.0,9.4171373016,Topázio,0,0.16666666666666607,-0.45873015866666655,0.4282706346000005
RA-487,3A,12.0,Feminino,2021,Privada - Programa de Apadrinhamento,Topázio,9.4171373016,9.168,9.441269841333334,9.38,9.0625,9.666666666666666,10.0,9.0,10.0,9.1725,10.0,Fase 3 (7° e 8° ano),0,2024,3,3,Em fase / adiantado,0,10.0,True,,,,,,,,,,,,,,
RA-488,1,10.0,Menina,2022,Escola Pública,Ametista,7.413,8.5,8.8,7.5,,7.3,6.0,8.5,,7.722,5.0,Fase 2 (5º e 6º ano),-1,2022,1,0,Defasagem moderada,1,5.0,True,,,,,,,,,,,,,,
RA-489,1,9.0,Menina,2022,Escola Pública,Quartzo,5.853,9.0,7.2,7.5,,0.0,0.0,0.0,,6.5,10.0,Fase 1 (4º ano),0,2022,1,0,Em fase / adiantado,0,10.0,True,,,,,,,,,,,,,,
RA-49,5,17.0,Menina,2022,Escola Pública,Ágata,6.304,7.5,7.4,7.5,,3.9,1.5,4.2,6.2,7.042,5.0,Fase 7 (3º EM),-2,2022,5,0,Defasagem moderada,1,5.0,True,2023.0,0.0,,,,,,10.0,,,0,,,
RA-49,FASE 8,18.0,Feminino,2022,Privada *Parcerias com Bolsa 100%,,,,,,,,,,,,10.0,Fase 8 (Universitários),0,2023,8,1,Em fase / adiantado,0,10.0,True,2024.0,0.0,,0.0,,,,10.0,,,0,,,
RA-49,8E,19.0,Feminino,2022,Privada - Pagamento por *Empresa Parceira,,,,0.0,,,,,,,,10.0,Fase 8 (Universitários),0,2024,8,2,Em fase / adiantado,0,10.0,True,,,,,,,,,,,,,,
RA-490,1,10.0,Menina,2022,Escola Pública,Ametista,7.576,7.9,8.2,7.5,,7.7,6.0,9.3,,8.722,5.0,Fase 2 (5º e 6º ano),-1,2022,1,0,Defasagem moderada,1,5.0,True,2023.0,0.0,5.8,7.9,2.52,8.541666667,9.0075,10.0,7.429466667,Ametista,0,-1.9000000000000004,-0.29999999999999893,-0.14653333299999982
RA-490,FASE 2,,Feminino,2022,Privada,Ametista,7.429466667,7.9,7.9,2.52,8.541666667,5.8,2.8,8.7,,9.0075,10.0,Fase 2 (5° e 6° ano),0,2023,2,1,Em fase / adiantado,0,10.0,True,2024.0,1.0,6.166666666666667,5.5110047846666665,8.755,7.8125,7.295,10.0,7.368084290266667,Ametista,0,0.36666666666666714,-2.388995215333334,-0.06138237673333258
RA-490,3A,12.0,Feminino,2022,Privada,Ametista,7.368084290266667,9.168,5.5110047846666665,8.755,7.8125,6.166666666666667,5.5,6.0,7.0,7.295,10.0,Fase 2 (5° e 6° ano),1,2024,3,2,Em fase / adiantado,0,10.0,True,,,,,,,,,,,,,,
RA-491,1,11.0,Menino,2022,Escola Pública,Ametista,7.461,7.5,9.7,7.5,,7.0,6.0,8.0,,7.722,5.0,Fase 2 (5º e 6º ano),-1,2022,1,0,Defasagem moderada,1,5.0,True,2023.0,0.0,5.0,9.6,2.52,7.708333333,8.3375,10.0,7.560533333,Ametista,0,-2.0,-0.09999999999999964,0.09953333300000011
RA-491,FASE 2,,Masculino,2022,Pública,Ametista,7.560533333,9.5,9.6,2.52,7.708333333,5.0,3.3,6.7,,8.3375,10.0,Fase 2 (5° e 6° ano),0,2023,2,1,Em fase / adiantado,0,10.0,True,2024.0,-1.0,5.25,9.011904762,7.51,7.083333333,7.166666667,5.0,6.995247619100001,Ágata,1,0.25,-0.5880952379999993,-0.5652857138999998
RA-491,2B,12.0,Masculino,2022,Pública,Ágata,6.995247619100001,7.502,9.011904762,7.51,7.083333333,5.25,1.5,9.0,,7.166666667,5.0,Fase 3 (7° e 8° ano),-1,2024,2,2,Defasagem moderada,1,5.0,True,,,,,,,,,,,,,,
RA-492,1,11.0,Menina,2022,Escola Pública,Ametista,7.678,10.0,8.8,7.5,,7.1,8.2,6.0,,8.278,5.0,Fase 2 (5º e 6º ano),-1,2022,1,0,Defasagem moderada,1,5.0,True,,,,,,,,,,,,,,
RA-493,1,9.0,Menina,2020,Escola Pública,Topázio,8.306,10.0,9.4,7.5,,7.2,7.3,7.0,,8.278,10.0,Fase 1 (4º ano),0,2022,1,2,Em fase / adiantado,0,10.0,True,2023.0,0.0,6.0,9.6,2.52,8.541666667,8.84,10.0,7.934366667,Ametista,0,-1.2000000000000002,0.1999999999999993,-0.37163333299999923
RA-493,FASE 2,10.0,Feminino,2020,Pública,Ametista,7.934366667,9.5,9.6,2.52,8.541666667,6.0,4.7,7.2,,8.84,10.0,Fase 2 (5° e 6° ano),0,2023,2,3,Em fase / adiantado,0,10.0,True,2024.0,1.0,3.1666666666666665,8.933333333333334,10.0,7.03125,6.705,10.0,7.4643250000000005,Ametista,0,-2.8333333333333335,-0.6666666666666661,-0.4700416669999994
RA-493,3B,11.0,Feminino,2021,Pública,Ametista,7.4643250000000005,10.002,8.933333333333334,10.0,7.03125,3.1666666666666665,3.0,4.0,2.5,6.705,10.0,Fase 2 (5° e 6° ano),1,2024,3,3,Em fase / adiantado,0,10.0,True,,,,,,,,,,,,,,
RA-494,1,11.0,Menina,2022,Escola Pública,Ágata,6.407,6.4,8.3,5.0,,5.8,6.3,5.2,,6.944,5.0,Fase 2 (5º e 6º ano),-1,2022,1,0,Defasagem moderada,1,5.0,True,2023.0,-1.0,6.8,9.0,2.52,7.708333333,8.71,5.0,7.116633333,Ametista,1,1.0,0.6999999999999993,0.7096333330000002
RA-494,FASE 2,12.0,Feminino,2022,Privada,Ametista,7.116633333,6.9,9.0,2.52,7.708333333,6.8,6.3,7.3,,8.71,5.0,Fase 3 (7° e 8° ano),-1,2023,2,1,Defasagem moderada,1,5.0,True,2024.0,0.0,6.333333333333333,7.329323308333333,8.755,7.8125,8.915,10.0,7.922281328333334,Ametista,0,-0.4666666666666668,-1.6706766916666673,0.8056479953333335
RA-494,3A,13.0,Feminino,2022,Privada,Ametista,7.922281328333334,7.5,7.329323308333333,8.755,7.8125,6.333333333333333,6.0,5.5,7.5,8.915,10.0,Fase 3 (7° e 8° ano),0,2024,3,2,Em fase / adiantado,0,10.0,True,,,,,,,,,,,,,,
RA-495,1,11.0,Menino,2022,Escola Pública,Ametista,7.857,9.0,8.9,7.5,,8.4,8.0,8.8,,8.056,5.0,Fase 2 (5º e 6º ano),-1,2022,1,0,Defasagem moderada,1,5.0,True,2023.0,-1.0,7.4,8.4,2.52,8.541666667,8.755,5.0,7.417366667,Ametista,1,-1.0,-0.5,-0.4396333330000006
RA-495,FASE 2,,Masculino,2022,Privada,Ametista,7.417366667,9.0,8.4,2.52,8.541666667,7.4,6.0,8.8,,8.755,5.0,Fase 3 (7° e 8° ano),-1,2023,2,1,Defasagem moderada,1,5.0,True,,,,,,,,,,,,,,
RA-496,1,11.0,Menino,2018,Escola Pública,Ágata,6.683,8.5,6.8,7.5,,5.7,5.8,5.5,,7.556,5.0,Fase 2 (5º e 6º ano),-1,2022,1,4,Defasagem moderada,1,5.0,True,2023.0,-1.0,8.3,7.1,5.0,7.916666667,8.71,5.0,6.603666667,Ágata,1,2.6000000000000005,0.2999999999999998,-0.07933333300000012
RA-496,FASE 2,,Masculino,2018,Privada,Ágata,6.603666667,0.0,7.1,5.0,7.916666667,8.3,7.5,9.0,,8.71,5.0,Fase 3 (7° e 8° ano),-1,2023,2,5,Defasagem moderada,1,5.0,True,2024.0,0.0,5.666666666666667,5.315995871999999,6.255,6.71875,6.1625,10.0,6.726607507733334,Ágata,0,-2.6333333333333337,-1.7840041280000003,0.12294084073333433
RA-496,3A,13.0,Masculino,2021,Privada,Ágata,6.726607507733334,10.002,5.315995871999999,6.255,6.71875,5.666666666666667,5.0,4.5,7.5,6.1625,10.0,Fase 3 (7° e 8° ano),0,2024,3,3,Em fase / adiantado,0,10.0,True,,,,,,,,,,,,,,
RA-497,1,13.0,Menina,2016,Rede Decisão,Ágata,6.323,6.9,9.2,5.0,,5.1,4.2,6.0,,5.833,5.0,Fase 3 (7º e 8º ano),-2,2022,1,6,Defasagem moderada,1,5.0,True,2023.0,-2.0,3.5,8.7,2.52,6.25,6.885,5.0,5.7191,Quartzo,1,-1.5999999999999996,-0.5,-0.6039000000000003
RA-497,FASE 2,,Feminino,2016,Privada - Programa de apadrinhamento,Quartzo,5.7191,5.3,8.7,2.52,6.25,3.5,1.7,5.3,,6.885,5.0,Fase 4 (9° ano),-2,2023,2,7,Defasagem moderada,1,5.0,True,2024.0,-1.0,1.0,6.095238095,5.63,5.625,3.506666667,5.0,4.4960809524,Quartzo,1,-2.5,-2.6047619049999993,-1.2230190476000002
RA-497,2B,15.0,Feminino,2021,Privada - Programa de apadrinhamento,Quartzo,4.4960809524,7.502,6.095238095,5.63,5.625,1.0,0.0,2.0,,3.506666667,5.0,Fase 3 (7° e 8° ano),-1,2024,2,3,Defasagem moderada,1,5.0,True,,,,,,,,,,,,,,
RA-498,1,11.0,Menina,2018,Escola Pública,Ametista,7.7,8.5,8.8,7.5,,8.8,8.0,9.5,,7.556,5.0,Fase 2 (5º e 6º ano),-1,2022,1,4,Defasagem moderada,1,5.0,True,,,,,,,,,,,,,,
RA-499,1,10.0,Menino,2020,Escola Pública,Ametista,7.826,8.5,10.0,7.5,,8.2,8.2,8.2,,7.444,5.0,Fase 2 (5º e 6º ano),-1,2022,1,2,Defasagem moderada,1,5.0,True,2023.0,0.0,6.6,10.0,2.52,8.75,8.2975,10.0,7.8883,Ametista,0,-1.5999999999999996,0.0,0.062300000000000466
RA-499,FASE 2,11.0,Masculino,2020,Pública,Ametista,7.8883,7.9,10.0,2.52,8.75,6.6,5.3,7.8,,8.2975,10.0,Fase 2 (5° e 6° ano),0,2023,2,3,Em fase / adiantado,0,10.0,True,2024.0,0.0,4.75,9.0476190475,7.51,7.1875,7.5,10.0,7.5794738095000005,Ametista,0,-1.8499999999999996,-0.9523809525000004,-0.3088261904999996
RA-499,2C,12.0,Masculino,2021,Pública,Ametista,7.5794738095000005,8.502,9.0476190475,7.51,7.1875,4.75,2.0,7.5,,7.5,10.0,Fase 2 (5° e 6° ano),0,2024,2,3,Em fase / adiantado,0,10.0,True,,,,,,,,,,,,,,
RA-5,7,17.0,Menina,2016,Rede Decisão,Ametista,7.427,7.9,8.6,5.6,,5.2,7.0,2.9,5.7,7.389,10.0,Fase 7 (3º EM),0,2022,7,6,Em fase / adiantado,0,10.0,True,2023.0,0.0,,,,,,10.0,,,0,,,
RA-5,FASE 8,,Feminino,2016,Privada *Parcerias com Bolsa 100%,,,,,,,,,,,,10.0,Fase 8 (Universitários),0,2023,8,7,Em fase / adiantado,0,10.0,True,,,,,,,,,,,,,,
RA-50,5,18.0,Menina,2022,Escola Pública,Ametista,7.138,7.5,8.4,7.5,,7.8,6.5,7.3,9.7,7.542,2.5,Fase 8 (Universitários),-3,2022,5,0,Defasagem severa,1,2.5,True,,,,,,,,,,,,,,
RA-500,1,10.0,Menina,2020,Escola Pública,Topázio,8.232,9.0,10.0,7.5,,9.5,9.5,9.5,,7.889,5.0,Fase 2 (5º e 6º ano),-1,2022,1,2,Defasagem moderada,1,5.0,True,2023.0,0.0,7.9,10.0,2.52,8.958333333,8.7975,10.0,8.427533333,Topázio,0,-1.5999999999999996,0.0,0.1955333330000002
RA-500,FASE 2,11.0,Feminino,2020,Pública,Topázio,8.427533333,9.5,10.0,2.52,8.958333333,7.9,8.5,7.2,,8.7975,10.0,Fase 2 (5° e 6° ano),0,2023,2,3,Em fase / adiantado,0,10.0,True,2024.0,0.0,6.666666666666667,10.0,2.51,8.59375,8.3775,10.0,8.077708333333334,Topázio,0,-1.2333333333333334,0.0,-0.3498249996666658
RA-500,3D,12.0,Feminino,2021,Privada - Programa de Apadrinhamento,Topázio,8.077708333333334,9.585,10.0,2.51,8.59375,6.666666666666667,6.0,6.0,8.0,8.3775,10.0,Fase 3 (7° e 8° ano),0,2024,3,3,Em fase / adiantado,0,10.0,True,,,,,,,,,,,,,,
RA-501,1,9.0,Menino,2021,Escola Pública,Ametista,7.794,8.5,8.8,7.5,,6.8,8.0,5.7,,7.333,10.0,Fase 1 (4º ano),0,2022,1,1,Em fase / adiantado,0,10.0,True,2023.0,-1.0,8.9,8.4,7.52,8.541666667,9.396666667,5.0,8.1357,Topázio,1,2.1000000000000005,-0.40000000000000036,0.34170000000000034
RA-501,FASE 1,10.0,Masculino,2021,Pública,Topázio,8.1357,7.0,8.4,7.52,8.541666667,8.9,9.2,8.5,,9.396666667,5.0,Fase 2 (5° e 6° ano),-1,2023,1,2,Defasagem moderada,1,5.0,True,2024.0,0.0,8.75,7.9949874685,7.51,8.4375,8.17,10.0,8.2779474937,Topázio,0,-0.15000000000000036,-0.4050125315000006,0.14224749369999934
RA-501,2D,11.0,Masculino,2021,Privada,Topázio,8.2779474937,7.002,7.9949874685,7.51,8.4375,8.75,8.5,9.0,,8.17,10.0,Fase 2 (5° e 6° ano),0,2024,2,3,Em fase / adiantado,0,10.0,True,,,,,,,,,,,,,,
RA-502,1,8.0,Menina,2021,Rede Decisão,Topázio,8.287,9.5,9.7,7.5,,7.4,6.7,8.2,,7.778,10.0,ALFA  (2º e 3º ano),1,2022,1,1,Em fase / adiantado,0,10.0,True,2023.0,0.0,8.0,9.8,7.52,7.96875,8.95,10.0,8.749075,Topázio,0,0.5999999999999996,0.10000000000000142,0.4620749999999987
RA-502,FASE 1,9.0,Feminino,2021,Privada - Programa de Apadrinhamento,Topázio,8.749075,8.5,9.8,7.52,7.96875,8.0,6.7,9.3,,8.95,10.0,Fase 1 (3° e 4° ano),0,2023,1,2,Em fase / adiantado,0,10.0,True,2024.0,0.0,8.0,9.761904762,3.755,9.0625,8.84,10.0,8.5023309524,Topázio,0,0.0,-0.038095238000000364,-0.24674404760000002
RA-502,2D,10.0,Feminino,2021,Privada - Programa de Apadrinhamento,Topázio,8.5023309524,9.002,9.761904762,3.755,9.0625,8.0,6.0,10.0,,8.84,10.0,Fase 2 (5° e 6° ano),0,2024,2,3,Em fase / adiantado,0,10.0,True,,,,,,,,,,,,,,
RA-503,1,10.0,Menino,2020,Escola Pública,Ametista,7.95,8.5,10.0,7.5,,8.8,8.7,9.0,,7.5,5.0,Fase 2 (5º e 6º ano),-1,2022,1,2,Defasagem moderada,1,5.0,True,2023.0,0.0,8.7,10.0,2.52,8.75,8.255,10.0,8.4682,Topázio,0,-0.10000000000000142,0.0,0.5181999999999993
RA-503,FASE 2,,Masculino,2020,Pública,Topázio,8.4682,9.5,10.0,2.52,8.75,8.7,8.7,8.7,,8.255,10.0,Fase 2 (5° e 6° ano),0,2023,2,3,Em fase / adiantado,0,10.0,True,2024.0,1.0,7.666666666666667,9.824561403666666,7.51,7.8125,7.7925,10.0,8.547495614066667,Topázio,0,-1.0333333333333323,-0.17543859633333447,0.07929561406666785
RA-503,3D,12.0,Masculino,2021,Pública,Topázio,8.547495614066667,9.585,9.824561403666666,7.51,7.8125,7.666666666666667,6.0,8.0,9.0,7.7925,10.0,Fase 2 (5° e 6° ano),1,2024,3,3,Em fase / adiantado,0,10.0,True,,,,,,,,,,,,,,
RA-504,1,9.0,Menina,2021,Escola Pública,Topázio,8.072,8.5,8.9,7.5,,8.0,7.8,8.2,,7.556,10.0,Fase 1 (4º ano),0,2022,1,1,Em fase / adiantado,0,10.0,True,2023.0,0.0,7.9,8.3,7.52,7.5,8.836666667,10.0,8.299533333,Topázio,0,-0.09999999999999964,-0.5999999999999996,0.22753333300000023
RA-504,FASE 1,9.0,Feminino,2021,Pública,Topázio,8.299533333,8.0,8.3,7.52,7.5,7.9,6.5,9.2,,8.836666667,10.0,Fase 1 (3° e 4° ano),0,2023,1,2,Em fase / adiantado,0,10.0,True,,,,,,,,,,,,,,
RA-505,1,11.0,Menina,2019,Escola Pública,Ametista,7.591,9.5,8.0,7.5,,8.4,8.2,8.7,,7.556,5.0,Fase 2 (5º e 6º ano),-1,2022,1,3,Defasagem moderada,1,5.0,True,,,,,,,,,,,,,,
RA-506,1,12.0,Menino,2020,Escola Pública,Ametista,7.132,9.5,7.3,7.5,,7.2,8.3,6.0,,7.278,5.0,Fase 3 (7º e 8º ano),-2,2022,1,2,Defasagem moderada,1,5.0,True,2023.0,-1.0,8.5,8.1,5.0,8.958333333,7.92,5.0,7.750033333,Ametista,1,1.2999999999999998,0.7999999999999998,0.6180333330000005
RA-506,FASE 2,13.0,Masculino,2020,Pública,Ametista,7.750033333,9.5,8.1,5.0,8.958333333,8.5,7.3,9.7,,7.92,5.0,Fase 3 (7° e 8° ano),-1,2023,2,3,Defasagem moderada,1,5.0,True,,,,,,,,,,,,,,
RA-507,1,11.0,Menina,2021,Escola Pública,Ametista,7.653,8.5,10.0,7.5,,7.4,7.3,7.5,,7.222,5.0,Fase 2 (5º e 6º ano),-1,2022,1,1,Defasagem moderada,1,5.0,True,,,,,,,,,,,,,,
RA-508,1,10.0,Menino,2022,Escola Pública,Ágata,6.575,8.0,7.4,7.5,,4.5,0.0,9.0,,7.556,5.0,Fase 2 (5º e 6º ano),-1,2022,1,0,Defasagem moderada,1,5.0,True,2023.0,0.0,7.5,8.6,2.52,8.333333333,8.6725,10.0,7.671633333,Ametista,0,3.0,1.1999999999999993,1.0966333329999998
RA-508,FASE 2,10.0,Masculino,2022,Pública,Ametista,7.671633333,6.4,8.6,2.52,8.333333333,7.5,6.2,8.7,,8.6725,10.0,Fase 2 (5° e 6° ano),0,2023,2,1,Em fase / adiantado,0,10.0,True,2024.0,1.0,4.666666666666667,5.567251461999999,7.51,7.65625,7.5,10.0,6.771708625733333,Ágata,0,-2.833333333333333,-3.0327485380000008,-0.899924707266667
RA-508,3D,12.0,Masculino,2022,Pública,Ágata,6.771708625733333,7.083,5.567251461999999,7.51,7.65625,4.666666666666667,0.0,7.0,7.0,7.5,10.0,Fase 2 (5° e 6° ano),1,2024,3,2,Em fase / adiantado,0,10.0,True,,,,,,,,,,,,,,
RA-509,1,12.0,Menina,2018,Escola Pública,Ametista,7.808,9.0,8.2,7.5,,9.2,9.3,9.0,,7.833,5.0,Fase 3 (7º e 8º ano),-2,2022,1,4,Defasagem moderada,1,5.0,True,2023.0,-1.0,8.6,8.1,2.52,8.958333333,8.84,5.0,7.606033333,Ametista,1,-0.5999999999999996,-0.09999999999999964,-0.20196666699999977
RA-509,FASE 2,12.0,Feminino,2018,Pública,Ametista,7.606033333,8.5,8.1,2.52,8.958333333,8.6,8.2,9.0,,8.84,5.0,Fase 3 (7° e 8° ano),-1,2023,2,5,Defasagem moderada,1,5.0,True,2024.0,0.0,6.0,6.363636363666667,2.51,8.28125,7.2475,10.0,6.918152272733334,Ágata,0,-2.5999999999999996,-1.7363636363333326,-0.6878810602666663
RA-509,3D,13.0,Feminino,2021,Pública,Ágata,6.918152272733334,9.168,6.363636363666667,2.51,8.28125,6.0,6.0,4.5,7.5,7.2475,10.0,Fase 3 (7° e 8° ano),0,2024,3,3,Em fase / adiantado,0,10.0,True,,,,,,,,,,,,,,
RA-51,5,17.0,Menina,2022,Escola Pública,Ágata,6.488,8.8,7.6,7.5,,5.0,4.5,4.5,6.0,6.5,5.0,Fase 7 (3º EM),-2,2022,5,0,Defasagem moderada,1,5.0,True,,,,,,,,,,,,,,
RA-510,1,12.0,Menino,2022,Escola Pública,Ametista,7.336,8.0,9.3,7.5,,7.1,5.8,8.3,,7.056,5.0,Fase 3 (7º e 8º ano),-2,2022,1,0,Defasagem moderada,1,5.0,True,,,,,,,,,,,,,,
RA-511,1,10.0,Menina,2022,Escola Pública,Ametista,7.094,8.0,10.0,7.5,,5.3,2.0,8.5,,7.056,5.0,Fase 2 (5º e 6º ano),-1,2022,1,0,Defasagem moderada,1,5.0,True,,,,,,,,,,,,,,
RA-512,1,10.0,Menina,2022,Escola Pública,Ametista,7.365,9.0,9.3,7.5,,6.2,5.3,7.0,,7.722,5.0,Fase 2 (5º e 6º ano),-1,2022,1,0,Defasagem moderada,1,5.0,True,,,,,,,,,,,,,,
RA-513,1,9.0,Menino,2021,Escola Pública,Topázio,8.229,9.0,9.6,5.6,,8.3,8.2,8.5,,7.778,10.0,Fase 1 (4º ano),0,2022,1,1,Em fase / adiantado,0,10.0,True,2023.0,0.0,7.5,9.7,2.52,8.541666667,9.0075,10.0,8.297866667,Topázio,0,-0.8000000000000007,0.09999999999999964,0.06886666699999999
RA-513,FASE 2,10.0,Masculino,2021,Privada,Topázio,8.297866667,9.5,9.7,2.52,8.541666667,7.5,7.2,7.8,,9.0075,10.0,Fase 2 (5° e 6° ano),0,2023,2,2,Em fase / adiantado,0,10.0,True,2024.0,1.0,7.666666666666667,8.831746031666666,8.135,9.0625,8.545,10.0,8.728632539666668,Topázio,0,0.16666666666666696,-0.8682539683333328,0.43076587266666877
RA-513,3B,11.0,Masculino,2021,Privada,Topázio,8.728632539666668,10.002,8.831746031666666,8.135,9.0625,7.666666666666667,9.0,5.5,8.5,8.545,10.0,Fase 2 (5° e 6° ano),1,2024,3,3,Em fase / adiantado,0,10.0,True,,,,,,,,,,,,,,
RA-514,1,9.0,Menina,2022,Escola Pública,Ametista,7.039,8.0,9.7,7.5,,4.8,2.0,7.5,,5.889,10.0,Fase 1 (4º ano),0,2022,1,0,Em fase / adiantado,0,10.0,True,2023.0,-1.0,5.5,7.5,2.52,5.0,5.896666667,5.0,5.823133333,Quartzo,1,0.7000000000000002,-2.1999999999999993,-1.2158666669999993
RA-514,FASE 1,,Feminino,2022,Pública,Quartzo,5.823133333,7.9,7.5,2.52,5.0,5.5,4.2,6.8,,5.896666667,5.0,Fase 2 (5° e 6° ano),-1,2023,1,1,Defasagem moderada,1,5.0,True,2024.0,0.0,3.0,7.595238095,4.385,5.625,5.996666667,10.0,6.219580952400001,Ágata,0,-2.5,0.09523809500000002,0.39644761940000084
RA-514,2C,11.0,Feminino,2022,Pública,Ágata,6.219580952400001,9.002,7.595238095,4.385,5.625,3.0,3.0,3.0,,5.996666667,10.0,Fase 2 (5° e 6° ano),0,2024,2,2,Em fase / adiantado,0,10.0,True,,,,,,,,,,,,,,
RA-515,1,12.0,Menino,2022,Escola Pública,Ágata,6.582,8.0,6.3,7.5,,5.8,8.5,3.2,,7.556,5.0,Fase 3 (7º e 8º ano),-2,2022,1,0,Defasagem moderada,1,5.0,True,,,,,,,,,,,,,,
RA-516,1,9.0,Menino,2019,Rede Decisão,Topázio,8.903,10.0,9.7,7.5,,9.9,10.0,9.8,,8.056,10.0,Fase 1 (4º ano),0,2022,1,3,Em fase / adiantado,0,10.0,True,2023.0,0.0,9.3,9.8,2.52,8.75,8.7175,10.0,8.6807,Topázio,0,-0.5999999999999996,0.10000000000000142,-0.2223000000000006
RA-516,FASE 2,10.0,Masculino,2019,Privada - Programa de Apadrinhamento,Topázio,8.6807,10.0,9.8,2.52,8.75,9.3,9.0,9.5,,8.7175,10.0,Fase 2 (5° e 6° ano),0,2023,2,4,Em fase / adiantado,0,10.0,True,2024.0,1.0,8.833333333333334,10.0,2.51,8.541666667,7.56,10.0,8.384033333366668,Topázio,0,-0.4666666666666668,0.1999999999999993,-0.29666666663333174
RA-516,3C,11.0,Masculino,2021,Privada - Programa de Apadrinhamento,Topázio,8.384033333366668,10.002,10.0,2.51,8.541666667,8.833333333333334,8.0,8.5,10.0,7.56,10.0,Fase 2 (5° e 6° ano),1,2024,3,3,Em fase / adiantado,0,10.0,True,,,,,,,,,,,,,,
RA-517,1,12.0,Menina,2017,Escola Pública,Ametista,7.604,6.9,9.5,7.5,,7.7,7.8,7.5,,7.833,5.0,Fase 3 (7º e 8º ano),-2,2022,1,5,Defasagem moderada,1,5.0,True,2023.0,-1.0,6.6,9.0,2.52,6.875,6.7125,5.0,6.3104,Ágata,1,-1.1000000000000005,-0.5,-1.2936000000000005
RA-517,FASE 2,13.0,Feminino,2017,Pública,Ágata,6.3104,4.1,9.0,2.52,6.875,6.6,4.5,8.7,,6.7125,5.0,Fase 3 (7° e 8° ano),-1,2023,2,6,Defasagem moderada,1,5.0,True,2024.0,0.0,5.0,5.266499582333334,2.51,6.041666667,6.11,10.0,5.880466583166668,Quartzo,0,-1.5999999999999996,-3.733500417666666,-0.4299334168333315
RA-517,3C,14.0,Feminino,2021,Pública,Quartzo,5.880466583166668,7.5,5.266499582333334,2.51,6.041666667,5.0,4.5,4.0,6.5,6.11,10.0,Fase 3 (7° e 8° ano),0,2024,3,3,Em fase / adiantado,0,10.0,True,,,,,,,,,,,,,,
RA-518,1,10.0,Menino,2022,Escola Pública,Ametista,7.661,9.0,9.4,7.5,,7.5,6.0,9.0,,7.5,5.0,Fase 2 (5º e 6º ano),-1,2022,1,0,Defasagem moderada,1,5.0,True,2023.0,0.0,6.7,8.5,5.0,8.125,6.9175,10.0,7.5762,Ametista,0,-0.7999999999999998,-0.9000000000000004,-0.08479999999999954
RA-518,FASE 2,11.0,Masculino,2022,Pública,Ametista,7.5762,8.5,8.5,5.0,8.125,6.7,5.5,7.8,,6.9175,10.0,Fase 2 (5° e 6° ano),0,2023,2,1,Em fase / adiantado,0,10.0,True,2024.0,0.0,4.0,6.8300751879999995,2.51,7.083333333,6.94,10.0,6.3467483709,Ágata,0,-2.7,-1.6699248120000005,-1.2294516290999997
RA-518,3C,12.0,Masculino,2022,Pública,Ágata,6.3467483709,8.334,6.8300751879999995,2.51,7.083333333,4.0,7.5,3.5,1.0,6.94,10.0,Fase 3 (7° e 8° ano),0,2024,3,2,Em fase / adiantado,0,10.0,True,,,,,,,,,,,,,,
RA-519,1,9.0,Menino,2022,Escola Pública,Ametista,8.0,7.4,9.6,7.5,,7.5,7.0,8.0,,7.333,10.0,Fase 1 (4º ano),0,2022,1,0,Em fase / adiantado,0,10.0,True,2023.0,-1.0,7.4,9.9,7.52,7.708333333,8.223333333,5.0,8.0177,Topázio,1,-0.09999999999999964,0.3000000000000007,0.017699999999999605
RA-519,FASE 1,10.0,Masculino,2022,Pública,Topázio,8.0177,9.0,9.9,7.52,7.708333333,7.4,7.5,7.2,,8.223333333,5.0,Fase 2 (5° e 6° ano),-1,2023,1,1,Defasagem moderada,1,5.0,True,,,,,,,,,,,,,,
RA-52,5,13.0,Menino,2018,Rede Decisão,Ametista,7.861,9.6,8.9,7.5,,6.2,3.3,6.3,8.8,7.5,10.0,Fase 3 (7º e 8º ano),2,2022,5,4,Em fase / adiantado,0,10.0,True,2023.0,1.0,6.4,9.8,2.52,8.125,8.2975,10.0,7.9642,Ametista,0,0.20000000000000018,0.9000000000000004,0.10320000000000018
RA-52,FASE 5,,Masculino,2018,Privada - Programa de Apadrinhamento,Ametista,7.9642,10.0,9.8,2.52,8.125,6.4,7.7,4.8,6.7,8.2975,10.0,Fase 4 (9° ano),1,2023,5,5,Em fase / adiantado,0,10.0,True,2024.0,2.0,7.216666666666666,9.437666667,6.885,7.5,7.5,10.0,8.144466666733333,Topázio,0,0.8166666666666655,-0.3623333330000005,0.18026666673333303
RA-52,7E,15.0,Masculino,2021,Privada *Parcerias com Bolsa 100%,Topázio,8.144466666733333,8.751,9.437666667,6.885,7.5,7.216666666666666,6.8,8.85,6.0,7.5,10.0,Fase 5 (1° EM),2,2024,7,3,Em fase / adiantado,0,10.0,True,,,,,,,,,,,,,,
RA-520,1,11.0,Menina,2022,Escola Pública,Ametista,7.035,10.0,6.8,7.5,,6.8,5.0,8.5,,7.278,5.0,Fase 2 (5º e 6º ano),-1,2022,1,0,Defasagem moderada,1,5.0,True,,,,,,,,,,,,,,
RA-521,1,9.0,Menino,2022,Escola Pública,Ametista,7.725,9.0,10.0,5.0,,6.0,5.0,7.0,,7.5,10.0,Fase 1 (4º ano),0,2022,1,0,Em fase / adiantado,0,10.0,True,2023.0,-1.0,7.9,9.9,3.77,7.083333333,8.166666667,5.0,6.768666667,Ágata,1,1.9000000000000004,-0.09999999999999964,-0.9563333329999999
RA-521,FASE 1,,Masculino,2022,Pública,Ágata,6.768666667,0.0,9.9,3.77,7.083333333,7.9,7.0,8.7,,8.166666667,5.0,Fase 2 (5° e 6° ano),-1,2023,1,1,Defasagem moderada,1,5.0,True,2024.0,0.0,6.25,9.0357142855,5.005,6.666666667,7.276666667,10.0,7.4798428571999995,Ametista,0,-1.6500000000000004,-0.8642857145000011,0.7111761901999998
RA-521,2A,11.0,Masculino,2022,Privada,Ametista,7.4798428571999995,8.002,9.0357142855,5.005,6.666666667,6.25,7.0,5.5,,7.276666667,10.0,Fase 2 (5° e 6° ano),0,2024,2,2,Em fase / adiantado,0,10.0,True,,,,,,,,,,,,,,
RA-522,1,9.0,Menino,2021,Escola Pública,Topázio,8.306,9.5,9.1,7.5,,7.5,7.0,8.0,,8.167,10.0,Fase 1 (4º ano),0,2022,1,1,Em fase / adiantado,0,10.0,True,2023.0,-1.0,8.3,9.2,7.52,7.083333333,8.45,5.0,7.890533333,Ametista,1,0.8000000000000007,0.09999999999999964,-0.41546666699999957
RA-522,FASE 1,,Masculino,2021,Pública,Ametista,7.890533333,7.5,9.2,7.52,7.083333333,8.3,8.3,8.2,,8.45,5.0,Fase 2 (5° e 6° ano),-1,2023,1,2,Defasagem moderada,1,5.0,True,2024.0,0.0,9.0,9.523809524,7.51,8.4375,7.89,10.0,8.6777119048,Topázio,0,0.6999999999999993,0.3238095240000014,0.7871785718000011
RA-522,2D,11.0,Masculino,2021,Pública,Topázio,8.6777119048,8.002,9.523809524,7.51,8.4375,9.0,9.5,8.5,,7.89,10.0,Fase 2 (5° e 6° ano),0,2024,2,3,Em fase / adiantado,0,10.0,True,,,,,,,,,,,,,,
RA-523,1,11.0,Menina,2022,Escola Pública,Ametista,7.591,10.0,9.5,7.5,,6.5,5.0,8.0,,7.556,5.0,Fase 2 (5º e 6º ano),-1,2022,1,0,Defasagem moderada,1,5.0,True,,,,,,,,,,,,,,
RA-524,1,11.0,Menino,2019,Escola Pública,Ágata,6.947,0.0,9.4,5.0,,9.1,9.0,9.2,,8.056,5.0,Fase 2 (5º e 6º ano),-1,2022,1,3,Defasagem moderada,1,5.0,True,2023.0,-1.0,8.9,9.2,2.52,8.333333333,7.42,5.0,7.331133333,Ametista,1,-0.1999999999999993,-0.20000000000000107,0.3841333330000003
RA-524,FASE 2,,Masculino,2019,Pública,Ametista,7.331133333,6.4,9.2,2.52,8.333333333,8.9,9.0,8.8,,7.42,5.0,Fase 3 (7° e 8° ano),-1,2023,2,4,Defasagem moderada,1,5.0,True,2024.0,0.0,8.666666666666666,5.111779448666667,2.51,8.333333333,7.39,10.0,7.026322556366667,Ametista,0,-0.23333333333333428,-4.0882205513333325,-0.30481077663333345
RA-524,3C,13.0,Masculino,2021,Pública,Ametista,7.026322556366667,7.083,5.111779448666667,2.51,8.333333333,8.666666666666666,8.5,7.5,10.0,7.39,10.0,Fase 3 (7° e 8° ano),0,2024,3,3,Em fase / adiantado,0,10.0,True,,,,,,,,,,,,,,
RA-525,1,11.0,Menina,2021,Escola Pública,Ametista,8.013,9.0,9.3,7.5,,8.6,8.3,8.8,,8.167,5.0,Fase 2 (5º e 6º ano),-1,2022,1,1,Defasagem moderada,1,5.0,True,2023.0,-1.0,9.2,8.6,2.52,8.958333333,9.566666667,5.0,7.911366667,Ametista,1,0.5999999999999996,-0.7000000000000011,-0.10163333299999966
RA-525,FASE 2,,Feminino,2021,Pública,Ametista,7.911366667,8.0,8.6,2.52,8.958333333,9.2,8.8,9.5,,9.566666667,5.0,Fase 3 (7° e 8° ano),-1,2023,2,2,Defasagem moderada,1,5.0,True,,,,,,,,,,,,,,
RA-526,1,12.0,Menino,2022,Escola Pública,Topázio,8.079,10.0,9.9,7.5,,8.0,7.7,8.3,,8.167,5.0,Fase 3 (7º e 8º ano),-2,2022,1,0,Defasagem moderada,1,5.0,True,2023.0,-1.0,8.8,9.8,5.0,8.75,7.7525,5.0,8.0957,Topázio,1,0.8000000000000007,-0.09999999999999964,0.01670000000000016
RA-526,FASE 2,,Masculino,2022,Pública,Topázio,8.0957,9.5,9.8,5.0,8.75,8.8,8.3,9.3,,7.7525,5.0,Fase 3 (7° e 8° ano),-1,2023,2,1,Defasagem moderada,1,5.0,True,2024.0,-1.0,7.333333333333333,9.382456140333334,8.13,7.291666667,7.496666667,5.0,7.843157894833334,Ametista,1,-1.4666666666666677,-0.41754385966666696,-0.25254210516666653
RA-526,3C,14.0,Masculino,2022,Pública,Ametista,7.843157894833334,9.585,9.382456140333334,8.13,7.291666667,7.333333333333333,8.5,3.5,10.0,7.496666667,5.0,Fase 4 (9° ano),-1,2024,3,2,Defasagem moderada,1,5.0,True,,,,,,,,,,,,,,
RA-527,1,9.0,Menina,2022,Escola Pública,Ametista,8.025,8.5,10.0,7.5,,6.5,5.0,8.0,,7.5,10.0,Fase 1 (4º ano),0,2022,1,0,Em fase / adiantado,0,10.0,True,2023.0,-1.0,6.5,9.1,7.52,7.5,7.78,5.0,7.5682,Ametista,1,0.0,-0.9000000000000004,-0.4568000000000003
RA-527,FASE 1,,Feminino,2022,Pública,Ametista,7.5682,9.0,9.1,7.52,7.5,6.5,5.7,7.2,,7.78,5.0,Fase 2 (5° e 6° ano),-1,2023,1,1,Defasagem moderada,1,5.0,True,2024.0,0.0,6.0,10.0,7.51,8.125,7.383333333,10.0,8.1403666666,Topázio,0,-0.5,0.9000000000000004,0.5721666666000003
RA-527,2D,11.0,Feminino,2022,Pública,Topázio,8.1403666666,9.002,10.0,7.51,8.125,6.0,6.5,5.5,,7.383333333,10.0,Fase 2 (5° e 6° ano),0,2024,2,2,Em fase / adiantado,0,10.0,True,,,,,,,,,,,,,,
RA-528,1,11.0,Menino,2021,Escola Pública,Quartzo,5.335,0.0,6.2,7.5,,4.0,5.3,2.7,,6.944,5.0,Fase 2 (5º e 6º ano),-1,2022,1,1,Defasagem moderada,1,5.0,True,2023.0,-1.0,8.2,8.5,5.0,8.75,7.92,5.0,7.6892,Ametista,1,4.199999999999999,2.3,2.3541999999999996
RA-528,FASE 2,,Masculino,2021,Pública,Ametista,7.6892,9.0,8.5,5.0,8.75,8.2,7.5,8.8,,7.92,5.0,Fase 3 (7° e 8° ano),-1,2023,2,2,Defasagem moderada,1,5.0,True,2024.0,0.0,6.666666666666667,5.793483709333334,7.51,7.291666667,6.936666667,10.0,7.276330075300001,Ametista,0,-1.5333333333333323,-2.7065162906666664,-0.41286992469999895
RA-528,3C,13.0,Masculino,2021,Pública,Ametista,7.276330075300001,9.168,5.793483709333334,7.51,7.291666667,6.666666666666667,8.5,4.5,7.0,6.936666667,10.0,Fase 3 (7° e 8° ano),0,2024,3,3,Em fase / adiantado,0,10.0,True,,,,,,,,,,,,,,
RA-529,1,12.0,Menino,2020,Escola Pública,Ágata,6.51,8.5,8.9,5.0,,5.2,3.3,7.0,,6.556,5.0,Fase 3 (7º e 8º ano),-2,2022,1,2,Defasagem moderada,1,5.0,True,2023.0,-2.0,6.8,9.6,7.52,5.78125,6.893333333,5.0,7.278991667,Ametista,1,1.5999999999999996,0.6999999999999993,0.7689916669999999
RA-529,FASE 1,,Masculino,2020,Pública,Ametista,7.278991667,8.0,9.6,7.52,5.78125,6.8,4.8,8.7,,6.893333333,5.0,Fase 3 (7° e 8° ano),-2,2023,1,3,Defasagem moderada,1,5.0,True,2024.0,-1.0,4.25,6.6071428569999995,4.38,4.791666667,4.886666667,5.0,5.2661285715,Quartzo,1,-2.55,-2.992857143,-2.0128630954999993
RA-529,2A,14.0,Masculino,2021,Pública,Quartzo,5.2661285715,7.002,6.6071428569999995,4.38,4.791666667,4.25,2.5,6.0,,4.886666667,5.0,Fase 3 (7° e 8° ano),-1,2024,2,3,Defasagem moderada,1,5.0,True,,,,,,,,,,,,,,
RA-53,5,17.0,Menino,2022,Escola Pública,Ágata,6.725,9.2,7.0,7.5,,7.0,6.0,8.0,,6.458,5.0,Fase 7 (3º EM),-2,2022,5,0,Defasagem moderada,1,5.0,True,2023.0,-2.0,7.7,9.1,5.63,7.5,7.5875,5.0,7.600633333,Ametista,1,0.7000000000000002,2.0999999999999996,0.8756333330000006
RA-53,FASE 6,18.0,Masculino,2022,Concluiu o 3º EM,Ametista,7.600633333,9.2,9.1,5.63,7.5,7.7,7.3,6.5,9.2,7.5875,5.0,Fase 8 (Universitários),-2,2023,6,1,Defasagem moderada,1,5.0,True,,,,,,,,,,,,,,
RA-530,1,10.0,Menino,2019,Escola Pública,Topázio,8.338,10.0,9.0,7.5,,8.9,9.0,8.8,,9.056,5.0,Fase 2 (5º e 6º ano),-1,2022,1,3,Defasagem moderada,1,5.0,True,2023.0,0.0,5.7,8.8,5.0,7.708333333,7.46,10.0,7.653033333,Ametista,0,-3.2,-0.1999999999999993,-0.6849666669999994
RA-530,FASE 2,11.0,Masculino,2019,Pública,Ametista,7.653033333,10.0,8.8,5.0,7.708333333,5.7,5.8,5.5,,7.46,10.0,Fase 2 (5° e 6° ano),0,2023,2,4,Em fase / adiantado,0,10.0,True,2024.0,0.0,4.5,6.468838763666667,9.38,7.083333333,7.496666667,10.0,7.214534419433333,Ametista,0,-1.2000000000000002,-2.331161236333334,-0.4384989135666668
RA-530,3C,12.0,Masculino,2021,Pública,Ametista,7.214534419433333,8.751,6.468838763666667,9.38,7.083333333,4.5,4.0,6.0,3.5,7.496666667,10.0,Fase 3 (7° e 8° ano),0,2024,3,3,Em fase / adiantado,0,10.0,True,,,,,,,,,,,,,,
RA-531,1,10.0,Menino,2022,Escola Pública,Ametista,8.057,9.5,9.8,7.5,,7.8,8.7,7.0,,8.167,5.0,Fase 2 (5º e 6º ano),-1,2022,1,0,Defasagem moderada,1,5.0,True,2023.0,0.0,7.7,10.0,2.52,8.75,8.59,10.0,8.3252,Topázio,0,-0.09999999999999964,0.1999999999999993,0.2682000000000002
RA-531,FASE 2,11.0,Masculino,2022,Pública,Topázio,8.3252,9.5,10.0,2.52,8.75,7.7,6.3,9.0,,8.59,10.0,Fase 2 (5° e 6° ano),0,2023,2,1,Em fase / adiantado,0,10.0,True,2024.0,0.0,6.666666666666667,9.803921568666667,4.38,7.96875,7.335,10.0,7.9127926470666665,Ametista,0,-1.0333333333333332,-0.19607843133333347,-0.4124073529333341
RA-531,3B,12.0,Masculino,2022,Pública,Ametista,7.9127926470666665,9.168,9.803921568666667,4.38,7.96875,6.666666666666667,6.5,4.5,9.0,7.335,10.0,Fase 3 (7° e 8° ano),0,2024,3,2,Em fase / adiantado,0,10.0,True,,,,,,,,,,,,,,
RA-532,1,9.0,Menina,2022,Escola Pública,Ametista,7.792,9.5,9.7,7.5,,5.5,4.0,7.0,,7.167,10.0,Fase 1 (4º ano),0,2022,1,0,Em fase / adiantado,0,10.0,True,,,,,,,,,,,,,,
RA-533,1,10.0,Menino,2022,Escola Pública,Ágata,6.962,8.5,8.8,5.6,,6.0,5.0,7.0,,7.333,5.0,Fase 2 (5º e 6º ano),-1,2022,1,0,Defasagem moderada,1,5.0,True,2023.0,-1.0,5.8,9.3,7.52,7.5,7.613333333,5.0,7.434866667,Ametista,1,-0.20000000000000018,0.5,0.4728666669999999
RA-533,FASE 1,,Masculino,2022,Pública,Ametista,7.434866667,9.0,9.3,7.52,7.5,5.8,4.8,6.7,,7.613333333,5.0,Fase 2 (5° e 6° ano),-1,2023,1,1,Defasagem moderada,1,5.0,True,,,,,,,,,,,,,,
RA-534,1,12.0,Menina,2021,Escola Pública,Ametista,7.131,9.0,7.4,7.5,,7.1,6.5,7.7,,7.333,5.0,Fase 3 (7º e 8º ano),-2,2022,1,1,Defasagem moderada,1,5.0,True,2023.0,-1.0,5.4,8.1,2.52,8.125,7.92,5.0,5.8385,Quartzo,1,-1.6999999999999993,0.6999999999999993,-1.2925000000000004
RA-534,FASE 2,13.0,Masculino,2021,Pública,Quartzo,5.8385,0.0,8.1,2.52,8.125,5.4,3.7,7.0,,7.92,5.0,Fase 3 (7° e 8° ano),-1,2023,2,2,Defasagem moderada,1,5.0,True,2024.0,0.0,5.0,6.043441938333333,7.51,7.5,7.103333333,10.0,7.088855054266667,Ametista,0,-0.40000000000000036,-2.0565580616666663,1.2503550542666675
RA-534,3C,14.0,Masculino,2021,Pública,Ametista,7.088855054266667,9.585,6.043441938333333,7.51,7.5,5.0,4.0,4.0,7.0,7.103333333,10.0,Fase 3 (7° e 8° ano),0,2024,3,3,Em fase / adiantado,0,10.0,True,,,,,,,,,,,,,,
RA-535,1,10.0,Menina,2019,Escola Pública,Ágata,6.953,9.0,9.2,7.5,,5.1,4.7,5.5,,6.917,5.0,Fase 2 (5º e 6º ano),-1,2022,1,3,Defasagem moderada,1,5.0,True,2023.0,0.0,5.6,9.4,5.0,8.125,8.95,10.0,8.0027,Topázio,0,0.5,0.20000000000000107,1.0497000000000005
RA-535,FASE 2,,Feminino,2019,Pública,Topázio,8.0027,9.0,9.4,5.0,8.125,5.6,4.7,6.5,,8.95,10.0,Fase 2 (5° e 6° ano),0,2023,2,4,Em fase / adiantado,0,10.0,True,2024.0,0.0,6.0,7.161904762,8.135,7.96875,7.5,10.0,7.659555952400001,Ametista,0,0.40000000000000036,-2.2380952380000005,-0.34314404760000006
RA-535,3H,12.0,Feminino,2021,Pública,Ametista,7.659555952400001,9.168,7.161904762,8.135,7.96875,6.0,7.0,5.5,5.5,7.5,10.0,Fase 3 (7° e 8° ano),0,2024,3,3,Em fase / adiantado,0,10.0,True,,,,,,,,,,,,,,
RA-536,1,10.0,Menina,2020,Escola Pública,Ametista,7.106,9.5,8.9,5.6,,6.0,6.3,5.7,,7.75,5.0,Fase 2 (5º e 6º ano),-1,2022,1,2,Defasagem moderada,1,5.0,True,2023.0,0.0,5.9,9.3,2.52,8.333333333,9.17,10.0,7.759533333,Ametista,0,-0.09999999999999964,0.40000000000000036,0.6535333330000004
RA-536,FASE 2,10.0,Feminino,2020,Pública,Ametista,7.759533333,8.0,9.3,2.52,8.333333333,5.9,5.0,6.8,,9.17,10.0,Fase 2 (5° e 6° ano),0,2023,2,3,Em fase / adiantado,0,10.0,True,2024.0,1.0,5.5,9.109090909,8.135,7.1875,7.415,10.0,7.7704681818,Ametista,0,-0.40000000000000036,-0.19090909099999998,0.010934848799999841
RA-536,3B,11.0,Feminino,2021,Pública,Ametista,7.7704681818,8.334,9.109090909,8.135,7.1875,5.5,6.5,4.5,5.5,7.415,10.0,Fase 2 (5° e 6° ano),1,2024,3,3,Em fase / adiantado,0,10.0,True,,,,,,,,,,,,,,
RA-537,1,10.0,Menino,2022,Escola Pública,Ágata,6.641,9.5,9.0,4.4,,4.8,2.5,7.0,,7.167,5.0,Fase 2 (5º e 6º ano),-1,2022,1,0,Defasagem moderada,1,5.0,True,,,,,,,,,,,,,,
RA-538,1,13.0,Menino,2022,Escola Pública,Ágata,6.309,8.5,7.5,5.6,,6.8,4.5,9.0,,5.583,5.0,Fase 3 (7º e 8º ano),-2,2022,1,0,Defasagem moderada,1,5.0,True,2023.0,-1.0,4.7,8.6,2.52,7.916666667,7.39,5.0,6.413466667,Ágata,1,-2.0999999999999996,1.0999999999999996,0.10446666699999962
RA-538,FASE 2,13.0,Masculino,2022,Pública,Ágata,6.413466667,7.4,8.6,2.52,7.916666667,4.7,3.5,5.8,,7.39,5.0,Fase 3 (7° e 8° ano),-1,2023,2,1,Defasagem moderada,1,5.0,True,2024.0,-1.0,6.166666666666667,7.668803418666666,7.51,5.625,5.292,5.0,6.514094017066666,Ágata,1,1.4666666666666668,-0.9311965813333334,0.10062735006666657
RA-538,3H,14.0,Masculino,2022,Pública,Ágata,6.514094017066666,8.751,7.668803418666666,7.51,5.625,6.166666666666667,10.0,4.5,4.0,5.292,5.0,Fase 4 (9° ano),-1,2024,3,2,Defasagem moderada,1,5.0,True,,,,,,,,,,,,,,
RA-539,1,11.0,Menina,2022,Escola Pública,Ametista,7.665,8.5,9.3,6.9,,7.5,6.8,8.2,,8.417,5.0,Fase 2 (5º e 6º ano),-1,2022,1,0,Defasagem moderada,1,5.0,True,2023.0,-1.0,8.5,8.6,2.52,9.166666667,8.84,5.0,7.796866667,Ametista,1,1.0,-0.7000000000000011,0.13186666699999972
RA-539,FASE 2,,Feminino,2022,Pública,Ametista,7.796866667,9.5,8.6,2.52,9.166666667,8.5,7.2,9.7,,8.84,5.0,Fase 3 (7° e 8° ano),-1,2023,2,1,Defasagem moderada,1,5.0,True,2024.0,0.0,5.833333333333333,9.233333333333333,7.51,8.75,9.13,10.0,8.465533333333335,Topázio,0,-2.666666666666667,0.6333333333333329,0.6686666663333352
RA-539,3G,13.0,Feminino,2022,Privada - Programa de Apadrinhamento,Topázio,8.465533333333335,10.002,9.233333333333333,7.51,8.75,5.833333333333333,5.0,3.5,9.0,9.13,10.0,Fase 3 (7° e 8° ano),0,2024,3,2,Em fase / adiantado,0,10.0,True,,,,,,,,,,,,,,
RA-54,5,16.0,Menina,2022,Escola Pública,Ágata,6.058,7.9,6.9,7.5,,4.8,3.0,6.5,,6.125,5.0,Fase 6 (2º EM),-1,2022,5,0,Defasagem moderada,1,5.0,True,,,,,,,,,,,,,,
RA-540,1,10.0,Menina,2019,Escola Pública,Ametista,7.303,8.5,9.5,5.6,,7.0,6.8,7.2,,7.5,5.0,Fase 2 (5º e 6º ano),-1,2022,1,3,Defasagem moderada,1,5.0,True,2023.0,0.0,7.1,8.8,5.0,8.958333333,8.95,10.0,8.216033333,Topázio,0,0.09999999999999964,-0.6999999999999993,0.9130333330000004
RA-540,FASE 2,,Feminino,2019,Pública,Topázio,8.216033333,8.5,8.8,5.0,8.958333333,7.1,6.5,7.7,,8.95,10.0,Fase 2 (5° e 6° ano),0,2023,2,4,Em fase / adiantado,0,10.0,True,,,,,,,,,,,,,,
RA-541,1,14.0,Menino,2022,Escola Pública,Quartzo,5.427,10.0,7.8,6.9,,2.5,0.0,5.0,,5.0,2.5,Fase 4 (9º ano),-3,2022,1,0,Defasagem severa,1,2.5,True,,,,,,,,,,,,,,
RA-542,1,11.0,Menina,2019,Escola Pública,Ametista,7.221,8.0,9.8,6.3,,6.5,5.3,7.7,,7.417,5.0,Fase 2 (5º e 6º ano),-1,2022,1,3,Defasagem moderada,1,5.0,True,2023.0,-1.0,6.3,9.7,5.0,8.75,9.006666667,5.0,7.816533333,Ametista,1,-0.20000000000000018,-0.10000000000000142,0.5955333329999997
RA-542,FASE 2,12.0,Feminino,2019,Pública,Ametista,7.816533333,9.5,9.7,5.0,8.75,6.3,5.2,7.3,,9.006666667,5.0,Fase 3 (7° e 8° ano),-1,2023,2,4,Defasagem moderada,1,5.0,True,2024.0,0.0,3.9333333333333336,6.481366459666667,8.13,7.03125,6.232,10.0,6.7205649586,Ágata,0,-2.3666666666666663,-3.2186335403333324,-1.0959683744
RA-542,3F,13.0,Feminino,2021,Pública,Ágata,6.7205649586,8.751,6.481366459666667,8.13,7.03125,3.9333333333333336,1.5,5.0,5.3,6.232,10.0,Fase 3 (7° e 8° ano),0,2024,3,3,Em fase / adiantado,0,10.0,True,,,,,,,,,,,,,,
RA-543,1,10.0,Menina,2022,Escola Pública,Ametista,7.05,8.5,9.8,4.4,,6.5,5.0,8.0,,7.167,5.0,Fase 2 (5º e 6º ano),-1,2022,1,0,Defasagem moderada,1,5.0,True,2023.0,0.0,6.5,9.8,2.52,8.75,9.006666667,10.0,7.971833333,Ametista,0,0.0,0.0,0.9218333330000004
RA-543,FASE 2,11.0,Feminino,2022,Pública,Ametista,7.971833333,7.8,9.8,2.52,8.75,6.5,5.5,7.5,,9.006666667,10.0,Fase 2 (5° e 6° ano),0,2023,2,1,Em fase / adiantado,0,10.0,True,2024.0,1.0,6.833333333333333,9.616977225666666,2.51,8.90625,8.7,10.0,8.0467871118,Topázio,0,0.33333333333333304,-0.18302277433333458,0.07495377880000031
RA-543,3F,12.0,Feminino,2022,Pública,Topázio,8.0467871118,8.751,9.616977225666666,2.51,8.90625,6.833333333333333,7.0,6.5,7.0,8.7,10.0,Fase 2 (5° e 6° ano),1,2024,3,2,Em fase / adiantado,0,10.0,True,,,,,,,,,,,,,,
RA-544,1,10.0,Menino,2022,Escola Pública,Ágata,6.307,9.5,9.7,5.6,,3.3,1.0,5.5,,6.0,5.0,Fase 2 (5º e 6º ano),-1,2022,1,0,Defasagem moderada,1,5.0,True,,,,,,,,,,,,,,
RA-545,1,13.0,Menino,2018,Escola Pública,Ágata,6.723,9.5,6.6,7.5,,5.5,4.3,6.7,,7.5,5.0,Fase 3 (7º e 8º ano),-2,2022,1,4,Defasagem moderada,1,5.0,True,,,,,,,,,,,,,,
RA-546,1,11.0,Menina,2021,Escola Pública,Ágata,6.77,9.0,7.9,5.0,,5.6,3.3,7.8,,7.917,5.0,Fase 2 (5º e 6º ano),-1,2022,1,1,Defasagem moderada,1,5.0,True,2023.0,-1.0,5.7,7.2,2.52,8.75,9.173333333,5.0,6.031666667,Ágata,1,0.10000000000000053,-0.7000000000000002,-0.7383333329999999
RA-546,FASE 2,,Feminino,2021,Pública,Ágata,6.031666667,0.0,7.2,2.52,8.75,5.7,3.5,7.8,,9.173333333,5.0,Fase 3 (7° e 8° ano),-1,2023,2,2,Defasagem moderada,1,5.0,True,2024.0,0.0,4.666666666666667,3.7838383836666662,8.135,5.15625,5.5,10.0,5.702426010066667,Quartzo,0,-1.0333333333333332,-3.416161616333334,-0.32924065693333304
RA-546,3B,13.0,Feminino,2021,Pública,Quartzo,5.702426010066667,5.832,3.7838383836666662,8.135,5.15625,4.666666666666667,0.0,4.0,10.0,5.5,10.0,Fase 3 (7° e 8° ano),0,2024,3,3,Em fase / adiantado,0,10.0,True,,,,,,,,,,,,,,
RA-547,1,11.0,Menina,2019,Escola Pública,Ametista,7.745,9.5,9.7,5.0,,7.6,7.3,7.8,,8.833,5.0,Fase 2 (5º e 6º ano),-1,2022,1,3,Defasagem moderada,1,5.0,True,2023.0,-1.0,6.2,9.1,2.52,8.75,8.95,5.0,6.467,Ágata,1,-1.3999999999999995,-0.5999999999999996,-1.2780000000000005
RA-547,FASE 2,12.0,Feminino,2019,Pública,Ágata,6.467,0.0,9.1,2.52,8.75,6.2,5.0,7.3,,8.95,5.0,Fase 3 (7° e 8° ano),-1,2023,2,4,Defasagem moderada,1,5.0,True,2024.0,0.0,6.833333333333333,7.030620028333334,8.135,5.625,5.932,10.0,7.2102906723333335,Ametista,0,0.6333333333333329,-2.069379971666666,0.7432906723333339
RA-547,3H,13.0,Feminino,2021,Pública,Ametista,7.2102906723333335,8.751,7.030620028333334,8.135,5.625,6.833333333333333,9.0,4.5,7.0,5.932,10.0,Fase 3 (7° e 8° ano),0,2024,3,3,Em fase / adiantado,0,10.0,True,,,,,,,,,,,,,,
RA-548,1,12.0,Menino,2019,Escola Pública,Ametista,7.292,8.0,9.1,6.9,,7.2,5.7,8.7,,7.583,5.0,Fase 3 (7º e 8º ano),-2,2022,1,3,Defasagem moderada,1,5.0,True,2023.0,-1.0,7.4,9.1,2.52,8.333333333,8.283333333,5.0,7.4322,Ametista,1,0.20000000000000018,0.0,0.1402000000000001
RA-548,FASE 2,12.0,Masculino,2019,Pública,Ametista,7.4322,9.0,9.1,2.52,8.333333333,7.4,6.2,8.5,,8.283333333,5.0,Fase 3 (7° e 8° ano),-1,2023,2,4,Defasagem moderada,1,5.0,True,2024.0,0.0,6.666666666666667,7.600427350666667,7.51,5.9375,5.626,10.0,7.240168803466668,Ametista,0,-0.7333333333333334,-1.4995726493333326,-0.1920311965333319
RA-548,3H,13.0,Masculino,2021,Pública,Ametista,7.240168803466668,9.168,7.600427350666667,7.51,5.9375,6.666666666666667,9.0,5.0,6.0,5.626,10.0,Fase 3 (7° e 8° ano),0,2024,3,3,Em fase / adiantado,0,10.0,True,,,,,,,,,,,,,,
RA-549,1,10.0,Menino,2021,Escola Pública,Ágata,6.301,10.0,7.9,6.9,,4.2,2.2,6.2,,6.167,5.0,Fase 2 (5º e 6º ano),-1,2022,1,1,Defasagem moderada,1,5.0,True,2023.0,-1.0,6.4,8.1,5.02,6.875,7.5,5.0,7.0297,Ametista,1,2.2,0.1999999999999993,0.7286999999999999
RA-549,FASE 1,,Masculino,2021,Pública,Ametista,7.0297,9.5,8.1,5.02,6.875,6.4,5.5,7.2,,7.5,5.0,Fase 2 (5° e 6° ano),-1,2023,1,2,Defasagem moderada,1,5.0,True,2024.0,-1.0,5.75,7.204968943999999,6.255,6.40625,5.9125,5.0,6.5398187888,Ágata,1,-0.6500000000000004,-0.8950310560000005,-0.48988121120000017
RA-549,2G,12.0,Masculino,2021,Pública,Ágata,6.5398187888,10.002,7.204968943999999,6.255,6.40625,5.75,5.0,6.5,,5.9125,5.0,Fase 3 (7° e 8° ano),-1,2024,2,3,Defasagem moderada,1,5.0,True,,,,,,,,,,,,,,
RA-55,5,16.0,Menina,2017,Escola Pública,Ágata,6.576,7.1,7.6,5.6,,7.5,6.7,7.8,7.9,6.5,5.0,Fase 6 (2º EM),-1,2022,5,5,Defasagem moderada,1,5.0,True,2023.0,-1.0,7.1,8.1,3.14,7.5,7.545,5.0,6.898033333,Ágata,1,-0.40000000000000036,0.5,0.32203333300000025
RA-55,FASE 6,,Feminino,2017,Pública,Ágata,6.898033333,7.9,8.1,3.14,7.5,7.1,8.7,6.5,6.0,7.545,5.0,Fase 7 (3° EM),-1,2023,6,6,Defasagem moderada,1,5.0,True,,,,,,,,,,,,,,
RA-550,1,12.0,Menina,2022,Escola Pública,Ágata,6.026,9.0,9.0,6.9,,1.9,2.0,1.8,,6.25,5.0,Fase 3 (7º e 8º ano),-2,2022,1,0,Defasagem moderada,1,5.0,True,,,,,,,,,,,,,,
RA-551,1,12.0,Menina,2018,Escola Pública,Ágata,6.853,8.5,7.3,6.9,,6.6,5.0,8.2,,7.333,5.0,Fase 3 (7º e 8º ano),-2,2022,1,4,Defasagem moderada,1,5.0,True,2023.0,-1.0,5.4,8.6,2.52,8.541666667,8.393333333,5.0,7.075033333,Ametista,1,-1.1999999999999993,1.2999999999999998,0.2220333330000006
RA-551,FASE 2,,Feminino,2018,Pública,Ametista,7.075033333,10.0,8.6,2.52,8.541666667,5.4,4.5,6.2,,8.393333333,5.0,Fase 3 (7° e 8° ano),-1,2023,2,5,Defasagem moderada,1,5.0,True,,,,,,,,,,,,,,
RA-552,1,11.0,Menino,2022,Escola Pública,Ágata,6.625,9.5,8.8,5.0,,5.5,6.0,5.0,,7.167,5.0,Fase 2 (5º e 6º ano),-1,2022,1,0,Defasagem moderada,1,5.0,True,2023.0,-2.0,6.4,5.6,3.14,6.666666667,6.89,5.0,5.248666667,Quartzo,1,0.9000000000000004,-3.200000000000001,-1.3763333329999998
RA-552,FASE 1,,Masculino,2022,Pública,Quartzo,5.248666667,0.0,5.6,3.14,6.666666667,6.4,6.5,6.2,,6.89,5.0,Fase 3 (7° e 8° ano),-2,2023,1,1,Defasagem moderada,1,5.0,True,,,,,,,,,,,,,,
RA-553,1,11.0,Menina,2019,Escola Pública,Ágata,6.39,9.5,6.9,6.9,,3.3,1.0,5.7,,8.167,5.0,Fase 2 (5º e 6º ano),-1,2022,1,3,Defasagem moderada,1,5.0,True,,,,,,,,,,,,,,
RA-554,1,12.0,Menino,2017,Escola Pública,Quartzo,5.588,7.9,6.0,6.9,,4.0,1.7,6.3,,5.75,5.0,Fase 3 (7º e 8º ano),-2,2022,1,5,Defasagem moderada,1,5.0,True,,,,,,,,,,,,,,
RA-555,1,12.0,Menino,2019,Escola Pública,Quartzo,5.949,9.5,8.1,5.0,,4.4,1.8,7.0,,5.167,5.0,Fase 3 (7º e 8º ano),-2,2022,1,3,Defasagem moderada,1,5.0,True,2023.0,-1.0,3.9,8.1,2.52,6.25,6.946666667,5.0,5.898133333,Quartzo,1,-0.5000000000000004,0.0,-0.0508666670000002
RA-555,FASE 2,,Masculino,2019,Pública,Quartzo,5.898133333,7.4,8.1,2.52,6.25,3.9,1.5,6.2,,6.946666667,5.0,Fase 3 (7° e 8° ano),-1,2023,2,4,Defasagem moderada,1,5.0,True,2024.0,-1.0,4.333333333333333,2.7505175983333334,6.885,5.0,5.03,5.0,5.111470186333333,Quartzo,1,0.4333333333333331,-5.349482401666666,-0.7866631466666663
RA-555,3F,14.0,Masculino,2021,Pública,Quartzo,5.111470186333333,10.002,2.7505175983333334,6.885,5.0,4.333333333333333,5.0,4.0,4.0,5.03,5.0,Fase 4 (9° ano),-1,2024,3,3,Defasagem moderada,1,5.0,True,,,,,,,,,,,,,,
RA-556,1,11.0,Menina,2018,Escola Pública,Ametista,7.181,9.0,8.8,5.0,,6.4,4.8,8.0,,8.25,5.0,Fase 2 (5º e 6º ano),-1,2022,1,4,Defasagem moderada,1,5.0,True,2023.0,-1.0,7.2,9.6,2.52,9.166666667,9.396666667,5.0,7.7482,Ametista,1,0.7999999999999998,0.7999999999999989,0.5671999999999997
RA-556,FASE 2,,Feminino,2018,Pública,Ametista,7.7482,8.5,9.6,2.52,9.166666667,7.2,6.5,7.8,,9.396666667,5.0,Fase 3 (7° e 8° ano),-1,2023,2,5,Defasagem moderada,1,5.0,True,2024.0,0.0,3.8333333333333335,6.171428571333333,2.51,6.40625,6.1625,10.0,5.833377380933333,Quartzo,0,-3.3666666666666667,-3.4285714286666664,-1.9148226190666664
RA-556,3G,13.0,Feminino,2021,Pública,Quartzo,5.833377380933333,7.083,6.171428571333333,2.51,6.40625,3.8333333333333335,1.5,4.5,5.5,6.1625,10.0,Fase 3 (7° e 8° ano),0,2024,3,3,Em fase / adiantado,0,10.0,True,,,,,,,,,,,,,,
RA-557,1,10.0,Menino,2019,Escola Pública,Topázio,8.334,10.0,8.4,7.5,,9.4,10.0,8.8,,9.333,5.0,Fase 2 (5º e 6º ano),-1,2022,1,3,Defasagem moderada,1,5.0,True,2023.0,0.0,8.9,8.2,5.0,9.375,9.62,10.0,8.7717,Topázio,0,-0.5,-0.20000000000000107,0.43769999999999953
RA-557,FASE 2,,Masculino,2019,Pública,Topázio,8.7717,10.0,8.2,5.0,9.375,8.9,8.0,9.7,,9.62,10.0,Fase 2 (5° e 6° ano),0,2023,2,4,Em fase / adiantado,0,10.0,True,2024.0,0.0,9.666666666666666,8.756265663999999,7.51,10.0,9.576,10.0,9.350986466133334,Topázio,0,0.7666666666666657,0.5562656639999997,0.5792864661333343
RA-557,3H,12.0,Masculino,2021,Privada - Programa de Apadrinhamento,Topázio,9.350986466133334,10.002,8.756265663999999,7.51,10.0,9.666666666666666,10.0,9.0,10.0,9.576,10.0,Fase 3 (7° e 8° ano),0,2024,3,3,Em fase / adiantado,0,10.0,True,,,,,,,,,,,,,,
RA-558,1,14.0,Menino,2022,Escola Pública,Quartzo,5.539,9.0,8.5,5.0,,4.3,0.5,8.0,,4.5,2.5,Fase 4 (9º ano),-3,2022,1,0,Defasagem severa,1,2.5,True,2023.0,-3.0,6.0,9.4,5.0,6.458333333,6.78,2.5,6.615333333,Ágata,1,1.7000000000000002,0.9000000000000004,1.076333333
RA-558,FASE 2,,Masculino,2022,Pública,Ágata,6.615333333,7.8,9.4,5.0,6.458333333,6.0,5.7,6.3,,6.78,2.5,Fase 5 (1° EM),-3,2023,2,1,Defasagem severa,1,2.5,True,2024.0,-2.0,3.0,3.7763975156666674,8.13,6.09375,4.268,5.0,5.048054503133334,Quartzo,1,-3.0,-5.6236024843333325,-1.567278829866666
RA-558,3F,16.0,Masculino,2022,Pública,Quartzo,5.048054503133334,9.168,3.7763975156666674,8.13,6.09375,3.0,2.5,4.0,2.5,4.268,5.0,Fase 5 (1° EM),-2,2024,3,2,Defasagem moderada,1,5.0,True,,,,,,,,,,,,,,
RA-559,1,11.0,Menino,2021,Escola Pública,Ametista,7.634,9.5,9.2,7.5,,7.1,7.2,7.0,,8.083,5.0,Fase 2 (5º e 6º ano),-1,2022,1,1,Defasagem moderada,1,5.0,True,2023.0,-1.0,7.4,9.4,5.0,8.958333333,8.506666667,5.0,7.947366667,Ametista,1,0.3000000000000007,0.20000000000000107,0.3133666669999995
RA-559,FASE 2,,Masculino,2021,Pública,Ametista,7.947366667,10.0,9.4,5.0,8.958333333,7.4,6.5,8.2,,8.506666667,5.0,Fase 3 (7° e 8° ano),-1,2023,2,2,Defasagem moderada,1,5.0,True,2024.0,0.0,3.1666666666666665,5.705128205,8.13,6.25,4.728,10.0,6.158158974333333,Ágata,0,-4.233333333333334,-3.694871795,-1.7892076926666665
RA-559,3F,13.0,Masculino,2021,Pública,Ágata,6.158158974333333,10.002,5.705128205,8.13,6.25,3.1666666666666665,1.0,2.5,6.0,4.728,10.0,Fase 3 (7° e 8° ano),0,2024,3,3,Em fase / adiantado,0,10.0,True,,,,,,,,,,,,,,
RA-56,5,15.0,Menina,2019,Rede Decisão,Topázio,8.404,10.0,10.0,7.5,,7.0,4.5,6.5,10.0,8.25,10.0,Fase 5 (1º EM),0,2022,5,3,Em fase / adiantado,0,10.0,True,2023.0,0.0,7.8,9.5,5.0,8.125,7.8,10.0,8.284333333,Topázio,0,0.7999999999999998,-0.5,-0.11966666700000061
RA-56,FASE 6,16.0,Feminino,2019,Privada - Programa de Apadrinhamento,Topázio,8.284333333,9.6,9.5,5.0,8.125,7.8,7.8,5.5,10.0,7.8,10.0,Fase 6 (2° EM),0,2023,6,4,Em fase / adiantado,0,10.0,True,2024.0,0.0,7.666666666666667,9.265350877333333,10.0,8.4375,9.233333333,10.0,9.077020175400001,Topázio,0,-0.13333333333333286,-0.23464912266666715,0.792686842400002
RA-56,7A,17.0,Feminino,2021,Privada - Programa de Apadrinhamento,Topázio,9.077020175400001,10.002,9.265350877333333,10.0,8.4375,7.666666666666667,8.0,6.0,9.0,9.233333333,10.0,Fase 7 (3° EM),0,2024,7,3,Em fase / adiantado,0,10.0,True,,,,,,,,,,,,,,
RA-560,1,11.0,Menino,2020,Escola Pública,Quartzo,4.949,6.9,7.2,5.0,,3.8,3.2,4.3,,3.75,5.0,Fase 2 (5º e 6º ano),-1,2022,1,2,Defasagem moderada,1,5.0,True,2023.0,-1.0,4.0,8.4,2.52,5.0,6.0,5.0,4.932,Quartzo,1,0.20000000000000018,1.2000000000000002,-0.01699999999999946
RA-560,FASE 2,,Masculino,2020,Pública,Quartzo,4.932,0.0,8.4,2.52,5.0,4.0,2.3,5.7,,6.0,5.0,Fase 3 (7° e 8° ano),-1,2023,2,3,Defasagem moderada,1,5.0,True,,,,,,,,,,,,,,
RA-561,1,11.0,Menino,2022,Escola Pública,Ametista,7.856,9.0,9.0,7.5,,7.4,9.5,5.3,,8.833,5.0,Fase 2 (5º e 6º ano),-1,2022,1,0,Defasagem moderada,1,5.0,True,,,,,,,,,,,,,,
RA-562,1,11.0,Menina,2021,Escola Pública,Ametista,7.855,8.0,9.0,7.5,,8.0,8.3,7.7,,8.75,5.0,Fase 2 (5º e 6º ano),-1,2022,1,1,Defasagem moderada,1,5.0,True,2023.0,-1.0,8.7,8.5,2.52,8.541666667,8.893333333,5.0,6.824833333,Ágata,1,0.6999999999999993,-0.5,-1.0301666670000005
RA-562,FASE 2,12.0,Feminino,2021,Pública,Ágata,6.824833333,0.0,8.5,2.52,8.541666667,8.7,7.7,9.7,,8.893333333,5.0,Fase 3 (7° e 8° ano),-1,2023,2,2,Defasagem moderada,1,5.0,True,2024.0,0.0,7.833333333333333,9.833333333333334,8.135,7.625,7.25,10.0,8.392733333333334,Topázio,0,-0.8666666666666663,1.333333333333334,1.567900000333334
RA-562,3I,13.0,Feminino,2021,Pública,Topázio,8.392733333333334,8.334,9.833333333333334,8.135,7.625,7.833333333333333,7.5,7.5,8.5,7.25,10.0,Fase 3 (7° e 8° ano),0,2024,3,3,Em fase / adiantado,0,10.0,True,,,,,,,,,,,,,,
RA-563,1,11.0,Menina,2020,Escola Pública,Topázio,8.22,10.0,9.2,7.5,,8.5,9.0,8.0,,8.833,5.0,Fase 2 (5º e 6º ano),-1,2022,1,2,Defasagem moderada,1,5.0,True,2023.0,0.0,6.2,9.7,2.52,8.75,8.726666667,10.0,7.684133333,Ametista,0,-2.3,0.5,-0.5358666670000005
RA-563,FASE 2,11.0,Feminino,2020,Pública,Ametista,7.684133333,6.4,9.7,2.52,8.75,6.2,6.0,6.3,,8.726666667,10.0,Fase 2 (5° e 6° ano),0,2023,2,3,Em fase / adiantado,0,10.0,True,2024.0,0.0,8.333333333333334,9.461904762000001,8.135,8.125,7.468,10.0,8.595447619066668,Topázio,0,2.1333333333333337,-0.23809523799999788,0.9113142860666681
RA-563,3H,12.0,Feminino,2021,Pública,Topázio,8.595447619066668,9.168,9.461904762000001,8.135,8.125,8.333333333333334,10.0,9.0,6.0,7.468,10.0,Fase 3 (7° e 8° ano),0,2024,3,3,Em fase / adiantado,0,10.0,True,,,,,,,,,,,,,,
RA-564,1,13.0,Menino,2019,Escola Pública,Quartzo,4.972,9.5,3.8,5.0,,2.3,2.5,2.0,,6.833,5.0,Fase 3 (7º e 8º ano),-2,2022,1,3,Defasagem moderada,1,5.0,True,,,,,,,,,,,,,,
RA-565,1,13.0,Menino,2022,Escola Pública,Quartzo,5.233,9.0,4.1,7.5,,2.9,4.0,1.8,,5.917,5.0,Fase 3 (7º e 8º ano),-2,2022,1,0,Defasagem moderada,1,5.0,True,,,,,,,,,,,,,,
RA-566,1,12.0,Menina,2022,Escola Pública,Ametista,7.729,9.5,8.4,7.5,,8.5,9.5,7.5,,7.917,5.0,Fase 3 (7º e 8º ano),-2,2022,1,0,Defasagem moderada,1,5.0,True,2023.0,-1.0,8.4,8.8,2.52,8.958333333,8.673333333,5.0,7.7227,Ametista,1,-0.09999999999999964,0.40000000000000036,-0.006300000000000416
RA-566,FASE 2,12.0,Feminino,2022,Pública,Ametista,7.7227,9.0,8.8,2.52,8.958333333,8.4,8.8,8.0,,8.673333333,5.0,Fase 3 (7° e 8° ano),-1,2023,2,1,Defasagem moderada,1,5.0,True,,,,,,,,,,,,,,
RA-567,1,11.0,Menino,2019,Escola Pública,Ágata,6.281,9.5,6.0,7.5,,4.8,4.3,5.2,,6.833,5.0,Fase 2 (5º e 6º ano),-1,2022,1,3,Defasagem moderada,1,5.0,True,,,,,,,,,,,,,,
RA-568,1,14.0,Menino,2018,Escola Pública,Ametista,7.306,8.0,8.6,6.9,,8.3,8.0,8.5,,7.944,2.5,Fase 4 (9º ano),-3,2022,1,4,Defasagem severa,1,2.5,True,2023.0,-3.0,7.6,7.9,5.0,8.125,8.01,2.5,6.9647,Ágata,1,-0.7000000000000011,-0.6999999999999993,-0.3413000000000004
RA-568,FASE 2,,Masculino,2018,Pública,Ágata,6.9647,7.0,7.9,5.0,8.125,7.6,8.5,6.7,,8.01,2.5,Fase 5 (1° EM),-3,2023,2,5,Defasagem severa,1,2.5,True,2024.0,-2.0,5.166666666666667,3.2619047620000003,8.13,6.5625,5.496,5.0,5.545864285733334,Quartzo,1,-2.4333333333333327,-4.638095238,-1.4188357142666659
RA-568,3F,16.0,Masculino,2021,Pública,Quartzo,5.545864285733334,7.917,3.2619047620000003,8.13,6.5625,5.166666666666667,5.0,5.5,5.0,5.496,5.0,Fase 5 (1° EM),-2,2024,3,3,Defasagem moderada,1,5.0,True,,,,,,,,,,,,,,
RA-569,1,12.0,Menina,2020,Escola Pública,Ametista,7.074,9.5,8.7,5.0,,6.8,6.3,7.3,,7.333,5.0,Fase 3 (7º e 8º ano),-2,2022,1,2,Defasagem moderada,1,5.0,True,,,,,,,,,,,,,,
RA-57,5,16.0,Menino,2017,Rede Decisão,Ametista,7.305,7.1,8.1,5.6,,8.4,9.0,7.0,9.3,7.875,5.0,Fase 6 (2º EM),-1,2022,5,5,Defasagem moderada,1,5.0,True,2023.0,-1.0,7.2,8.0,5.63,7.96875,7.755,5.0,6.450875,Ágata,1,-1.2000000000000002,-0.09999999999999964,-0.8541249999999998
RA-57,FASE 6,,Masculino,2017,Privada - Programa de Apadrinhamento,Ágata,6.450875,0.0,8.0,5.63,7.96875,7.2,7.8,6.8,7.0,7.755,5.0,Fase 7 (3° EM),-1,2023,6,6,Defasagem moderada,1,5.0,True,2024.0,0.0,6.166666666666667,6.010860484333333,6.88,8.59375,7.39,10.0,7.4193804301999995,Ametista,0,-1.0333333333333332,-1.9891395156666674,0.9685054301999996
RA-57,7A,18.0,Masculino,2021,Privada - Programa de Apadrinhamento,Ametista,7.4193804301999995,9.585,6.010860484333333,6.88,8.59375,6.166666666666667,6.0,6.5,6.0,7.39,10.0,Fase 7 (3° EM),0,2024,7,3,Em fase / adiantado,0,10.0,True,,,,,,,,,,,,,,
RA-570,1,10.0,Menina,2019,Escola Pública,Quartzo,5.722,9.0,7.0,7.5,,1.3,0.7,2.0,,6.778,5.0,Fase 2 (5º e 6º ano),-1,2022,1,3,Defasagem moderada,1,5.0,True,2023.0,-1.0,5.9,7.3,3.77,8.125,8.056666667,5.0,6.781033333,Ágata,1,4.6000000000000005,0.2999999999999998,1.0590333329999995
RA-570,FASE 1,,Feminino,2019,Pública,Ágata,6.781033333,8.5,7.3,3.77,8.125,5.9,5.7,6.0,,8.056666667,5.0,Fase 2 (5° e 6° ano),-1,2023,1,4,Defasagem moderada,1,5.0,True,2024.0,-1.0,6.75,8.0020703935,5.625,7.1875,6.4075,5.0,6.8133640787,Ágata,1,0.8499999999999996,0.7020703935000006,0.032330745700000385
RA-570,2H,12.0,Feminino,2021,Pública,Ágata,6.8133640787,8.002,8.0020703935,5.625,7.1875,6.75,6.0,7.5,,6.4075,5.0,Fase 3 (7° e 8° ano),-1,2024,2,3,Defasagem moderada,1,5.0,True,,,,,,,,,,,,,,
RA-571,1,11.0,Menina,2019,Escola Pública,Ágata,6.589,8.5,8.8,7.5,,3.7,3.3,4.0,,6.944,5.0,Fase 2 (5º e 6º ano),-1,2022,1,3,Defasagem moderada,1,5.0,True,2023.0,-2.0,5.0,7.9,3.77,7.291666667,7.616666667,5.0,6.6097,Ágata,1,1.2999999999999998,-0.9000000000000004,0.02069999999999972
RA-571,FASE 1,12.0,Feminino,2019,Privada,Ágata,6.6097,9.0,7.9,3.77,7.291666667,5.0,3.8,6.2,,7.616666667,5.0,Fase 3 (7° e 8° ano),-2,2023,1,4,Defasagem moderada,1,5.0,True,2024.0,-1.0,5.25,8.695652174,4.375,7.03125,5.8325,5.0,6.2964554347999995,Ágata,1,0.25,0.7956521739999989,-0.31324456520000066
RA-571,2G,13.0,Feminino,2021,Pública,Ágata,6.2964554347999995,7.002,8.695652174,4.375,7.03125,5.25,5.0,5.5,,5.8325,5.0,Fase 3 (7° e 8° ano),-1,2024,2,3,Defasagem moderada,1,5.0,True,,,,,,,,,,,,,,
RA-572,1,9.0,Menino,2022,Escola Pública,Ametista,7.48,8.5,8.0,7.5,,6.8,4.5,9.0,,6.833,10.0,Fase 1 (4º ano),0,2022,1,0,Em fase / adiantado,0,10.0,True,,,,,,,,,,,,,,
RA-573,1,11.0,Menino,2020,Escola Pública,Topázio,8.261,9.5,9.9,7.5,,8.2,8.3,8.0,,8.944,5.0,Fase 2 (5º e 6º ano),-1,2022,1,2,Defasagem moderada,1,5.0,True,2023.0,-1.0,6.6,9.8,5.0,8.541666667,8.45,5.0,7.774366667,Ametista,1,-1.5999999999999996,-0.09999999999999964,-0.48663333299999945
RA-573,FASE 2,,Masculino,2020,Pública,Ametista,7.774366667,9.5,9.8,5.0,8.541666667,6.6,5.7,7.5,,8.45,5.0,Fase 3 (7° e 8° ano),-1,2023,2,3,Defasagem moderada,1,5.0,True,2024.0,0.0,5.0,9.5,8.755,7.8125,6.8275,10.0,7.839050000000001,Ametista,0,-1.5999999999999996,-0.3000000000000007,0.0646833330000014
RA-573,3G,13.0,Masculino,2021,Pública,Ametista,7.839050000000001,9.168,9.5,8.755,7.8125,5.0,6.0,3.5,5.5,6.8275,10.0,Fase 3 (7° e 8° ano),0,2024,3,3,Em fase / adiantado,0,10.0,True,,,,,,,,,,,,,,
RA-574,1,10.0,Menino,2022,Escola Pública,Ágata,6.86,9.5,7.2,5.0,,7.5,5.5,9.5,,6.944,5.0,Fase 2 (5º e 6º ano),-1,2022,1,0,Defasagem moderada,1,5.0,True,2023.0,0.0,8.1,8.2,5.0,7.916666667,8.173333333,10.0,7.878133333,Ametista,0,0.5999999999999996,0.9999999999999991,1.0181333329999998
RA-574,FASE 2,,Masculino,2022,Pública,Ametista,7.878133333,6.9,8.2,5.0,7.916666667,8.1,7.7,8.5,,8.173333333,10.0,Fase 2 (5° e 6° ano),0,2023,2,1,Em fase / adiantado,0,10.0,True,,,,,,,,,,,,,,
RA-575,1,12.0,Menino,2019,Escola Pública,Quartzo,5.889,8.0,6.1,7.5,,2.8,2.7,3.0,,7.0,5.0,Fase 3 (7º e 8º ano),-2,2022,1,3,Defasagem moderada,1,5.0,True,,,,,,,,,,,,,,
RA-576,1,10.0,Menina,2022,Escola Pública,Ametista,7.59,9.5,9.1,7.5,,7.8,7.5,8.0,,7.111,5.0,Fase 2 (5º e 6º ano),-1,2022,1,0,Defasagem moderada,1,5.0,True,2023.0,-1.0,8.0,9.3,5.02,9.21875,8.503333333,5.0,7.984741667,Ametista,1,0.20000000000000018,0.20000000000000107,0.3947416669999999
RA-576,FASE 1,11.0,Feminino,2022,Pública,Ametista,7.984741667,9.0,9.3,5.02,9.21875,8.0,6.5,9.5,,8.503333333,5.0,Fase 2 (5° e 6° ano),-1,2023,1,1,Defasagem moderada,1,5.0,True,2024.0,0.0,9.25,10.0,7.51,7.8125,8.4975,10.0,8.93195,Topázio,0,1.25,0.6999999999999993,0.9472083330000007
RA-576,2H,12.0,Feminino,2022,Pública,Topázio,8.93195,8.502,10.0,7.51,7.8125,9.25,9.0,9.5,,8.4975,10.0,Fase 2 (5° e 6° ano),0,2024,2,2,Em fase / adiantado,0,10.0,True,,,,,,,,,,,,,,
RA-577,1,10.0,Menina,2022,Escola Pública,Ametista,7.862,9.5,9.3,7.5,,9.0,8.3,9.7,,7.111,5.0,Fase 2 (5º e 6º ano),-1,2022,1,0,Defasagem moderada,1,5.0,True,2023.0,-1.0,7.4,8.2,3.77,6.875,7.673333333,5.0,7.219366667,Ametista,1,-1.5999999999999996,-1.1000000000000014,-0.642633333
RA-577,FASE 1,11.0,Feminino,2022,Pública,Ametista,7.219366667,10.0,8.2,3.77,6.875,7.4,6.5,8.3,,7.673333333,5.0,Fase 2 (5° e 6° ano),-1,2023,1,1,Defasagem moderada,1,5.0,True,2024.0,-1.0,8.0,5.7660455485,5.625,6.5625,6.535,5.0,6.629159109700001,Ágata,1,0.5999999999999996,-2.433954451499999,-0.5902075572999994
RA-577,2H,12.0,Feminino,2022,Pública,Ágata,6.629159109700001,8.502,5.7660455485,5.625,6.5625,8.0,7.0,9.0,,6.535,5.0,Fase 3 (7° e 8° ano),-1,2024,2,2,Defasagem moderada,1,5.0,True,,,,,,,,,,,,,,
RA-578,1,10.0,Menino,2019,Escola Pública,Topázio,8.814,9.5,10.0,8.8,,9.5,9.3,9.7,,9.611,5.0,Fase 2 (5º e 6º ano),-1,2022,1,3,Defasagem moderada,1,5.0,True,2023.0,0.0,9.7,10.0,2.52,9.791666667,9.7625,10.0,9.013866667,Topázio,0,0.1999999999999993,0.0,0.19986666700000022
RA-578,FASE 2,11.0,Masculino,2019,Privada - Programa de Apadrinhamento,Topázio,9.013866667,9.0,10.0,2.52,9.791666667,9.7,9.8,9.5,,9.7625,10.0,Fase 2 (5° e 6° ano),0,2023,2,4,Em fase / adiantado,0,10.0,True,2024.0,1.0,9.833333333333334,10.0,2.51,9.583333333,9.45,10.0,9.066199999966669,Topázio,0,0.13333333333333464,0.0,0.05233333296666842
RA-578,3C,12.0,Masculino,2021,Privada - Programa de Apadrinhamento,Topázio,9.066199999966669,10.002,10.0,2.51,9.583333333,9.833333333333334,10.0,9.5,10.0,9.45,10.0,Fase 2 (5° e 6° ano),1,2024,3,3,Em fase / adiantado,0,10.0,True,,,,,,,,,,,,,,
RA-579,1,10.0,Menina,2022,Escola Pública,Ágata,6.067,8.5,5.8,7.5,,3.8,0.0,7.5,,7.222,5.0,Fase 2 (5º e 6º ano),-1,2022,1,0,Defasagem moderada,1,5.0,True,,,,,,,,,,,,,,
RA-58,5,15.0,Menino,2017,Rede Decisão,Topázio,8.136,9.6,9.2,6.3,,7.2,4.5,8.0,9.0,8.125,10.0,Fase 5 (1º EM),0,2022,5,5,Em fase / adiantado,0,10.0,True,2023.0,0.0,8.1,9.7,6.26,8.4375,8.3825,10.0,7.70625,Ametista,0,0.8999999999999995,0.5,-0.4297499999999994
RA-58,FASE 6,,Masculino,2017,Privada - Programa de Apadrinhamento,Ametista,7.70625,0.0,9.7,6.26,8.4375,8.1,7.8,6.5,10.0,8.3825,10.0,Fase 6 (2° EM),0,2023,6,6,Em fase / adiantado,0,10.0,True,2024.0,0.0,7.333333333333333,9.824561403666666,7.51,9.0625,8.62,10.0,8.7713289474,Topázio,0,-0.7666666666666666,0.12456140366666624,1.0650789474000009
RA-58,7A,17.0,Masculino,2021,Privada - Programa de Apadrinhamento,Topázio,8.7713289474,9.585,9.824561403666666,7.51,9.0625,7.333333333333333,8.0,6.5,7.5,8.62,10.0,Fase 7 (3° EM),0,2024,7,3,Em fase / adiantado,0,10.0,True,,,,,,,,,,,,,,
RA-580,1,10.0,Menina,2020,Escola Pública,Ametista,7.525,8.0,9.6,7.5,,7.6,6.3,8.8,,7.167,5.0,Fase 2 (5º e 6º ano),-1,2022,1,2,Defasagem moderada,1,5.0,True,2023.0,-1.0,9.0,9.8,7.52,8.75,8.67,5.0,8.4712,Topázio,1,1.4000000000000004,0.20000000000000107,0.9461999999999993
RA-580,FASE 1,11.0,Feminino,2020,Pública,Topázio,8.4712,8.5,9.8,7.52,8.75,9.0,8.7,9.3,,8.67,5.0,Fase 2 (5° e 6° ano),-1,2023,1,3,Defasagem moderada,1,5.0,True,2024.0,-1.0,9.25,8.871635610999999,7.51,7.03125,7.2475,5.0,7.9281521222,Ametista,1,0.25,-0.9283643890000022,-0.5430478777999994
RA-580,2H,12.0,Feminino,2021,Pública,Ametista,7.9281521222,9.002,8.871635610999999,7.51,7.03125,9.25,10.0,8.5,,7.2475,5.0,Fase 3 (7° e 8° ano),-1,2024,2,3,Defasagem moderada,1,5.0,True,,,,,,,,,,,,,,
RA-581,1,10.0,Menino,2019,Escola Pública,Ágata,6.464,7.5,8.9,7.5,,5.0,5.3,4.7,,5.889,5.0,Fase 2 (5º e 6º ano),-1,2022,1,3,Defasagem moderada,1,5.0,True,2023.0,-1.0,7.9,9.8,7.52,6.458333333,7.393333333,5.0,7.7167,Ametista,1,2.9000000000000004,0.9000000000000004,1.2527
RA-581,FASE 1,11.0,Masculino,2019,Pública,Ametista,7.7167,8.0,9.8,7.52,6.458333333,7.9,7.0,8.8,,7.393333333,5.0,Fase 2 (5° e 6° ano),-1,2023,1,4,Defasagem moderada,1,5.0,True,2024.0,-1.0,8.75,8.198757764,5.625,6.5625,6.165,5.0,7.0833015528,Ametista,1,0.8499999999999996,-1.601242236000001,-0.6333984472000003
RA-581,2H,12.0,Masculino,2021,Pública,Ametista,7.0833015528,7.418,8.198757764,5.625,6.5625,8.75,8.0,9.5,,6.165,5.0,Fase 3 (7° e 8° ano),-1,2024,2,3,Defasagem moderada,1,5.0,True,,,,,,,,,,,,,,
RA-582,1,10.0,Menina,2022,Escola Pública,Ametista,7.064,10.0,9.0,7.5,,4.9,4.3,5.5,,7.222,5.0,Fase 2 (5º e 6º ano),-1,2022,1,0,Defasagem moderada,1,5.0,True,,,,,,,,,,,,,,
RA-583,1,12.0,Menina,2019,Escola Pública,Ametista,7.456,8.5,9.4,7.5,,7.1,6.2,8.0,,7.333,5.0,Fase 3 (7º e 8º ano),-2,2022,1,3,Defasagem moderada,1,5.0,True,2023.0,-1.0,6.3,9.4,7.52,8.333333333,8.616666667,5.0,7.838866667,Ametista,1,-0.7999999999999998,0.0,0.38286666699999916
RA-583,FASE 2,,Feminino,2019,Pública,Ametista,7.838866667,9.0,9.4,7.52,8.333333333,6.3,5.5,7.0,,8.616666667,5.0,Fase 3 (7° e 8° ano),-1,2023,2,4,Defasagem moderada,1,5.0,True,2024.0,0.0,5.0,8.904455179666668,8.135,6.875,6.87,10.0,7.447591035933334,Ametista,0,-1.2999999999999998,-0.4955448203333326,-0.39127563106666585
RA-583,3I,14.0,Feminino,2021,Pública,Ametista,7.447591035933334,7.917,8.904455179666668,8.135,6.875,5.0,6.5,4.5,4.0,6.87,10.0,Fase 3 (7° e 8° ano),0,2024,3,3,Em fase / adiantado,0,10.0,True,,,,,,,,,,,,,,
RA-584,1,10.0,Menina,2019,Escola Pública,Ágata,6.714,8.0,8.5,7.5,,4.6,4.5,4.7,,7.333,5.0,Fase 2 (5º e 6º ano),-1,2022,1,3,Defasagem moderada,1,5.0,True,2023.0,0.0,5.8,9.0,2.52,8.333333333,8.56,10.0,7.697533333,Ametista,0,1.2000000000000002,0.5,0.9835333329999996
RA-584,FASE 2,11.0,Feminino,2019,Pública,Ametista,7.697533333,9.5,9.0,2.52,8.333333333,5.8,5.0,6.5,,8.56,10.0,Fase 2 (5° e 6° ano),0,2023,2,4,Em fase / adiantado,0,10.0,True,2024.0,0.0,4.333333333333333,5.636363636333333,8.755,7.34375,6.37,10.0,6.752914393933334,Ágata,0,-1.4666666666666668,-3.363636363666667,-0.9446189390666664
RA-584,3G,12.0,Feminino,2021,Pública,Ágata,6.752914393933334,8.751,5.636363636333333,8.755,7.34375,4.333333333333333,2.0,5.0,6.0,6.37,10.0,Fase 3 (7° e 8° ano),0,2024,3,3,Em fase / adiantado,0,10.0,True,,,,,,,,,,,,,,
RA-585,1,9.0,Menina,2020,Escola Pública,Ametista,7.398,8.5,9.1,7.5,,5.0,3.7,6.3,,6.889,10.0,Fase 1 (4º ano),0,2022,1,2,Em fase / adiantado,0,10.0,True,,,,,,,,,,,,,,
RA-586,1,10.0,Menina,2021,Rede Decisão,Ametista,7.988,10.0,9.6,5.6,,8.2,8.2,8.2,,8.778,5.0,Fase 2 (5º e 6º ano),-1,2022,1,1,Defasagem moderada,1,5.0,True,2023.0,0.0,8.4,10.0,2.52,8.333333333,9.343333333,10.0,8.4242,Topázio,0,0.20000000000000107,0.40000000000000036,0.43620000000000037
RA-586,FASE 2,10.0,Feminino,2021,Privada - Programa de Apadrinhamento,Topázio,8.4242,8.0,10.0,2.52,8.333333333,8.4,7.5,9.2,,9.343333333,10.0,Fase 2 (5° e 6° ano),0,2023,2,2,Em fase / adiantado,0,10.0,True,2024.0,1.0,8.5,9.241269841333333,7.51,8.75,8.056666667,10.0,8.702387301666668,Topázio,0,0.09999999999999964,-0.7587301586666673,0.2781873016666676
RA-586,3U,11.0,Feminino,2021,Privada - Programa de Apadrinhamento,Topázio,8.702387301666668,9.168,9.241269841333333,7.51,8.75,8.5,7.5,8.0,10.0,8.056666667,10.0,Fase 2 (5° e 6° ano),1,2024,3,3,Em fase / adiantado,0,10.0,True,,,,,,,,,,,,,,
RA-587,1,10.0,Menino,2022,Escola Pública,Ágata,6.632,9.5,9.3,7.5,,3.8,1.0,6.5,,6.167,5.0,Fase 2 (5º e 6º ano),-1,2022,1,0,Defasagem moderada,1,5.0,True,2023.0,-1.0,2.7,7.0,7.52,6.458333333,6.72,5.0,6.032033333,Ágata,1,-1.0999999999999996,-2.3000000000000007,-0.5999666669999995
RA-587,FASE 1,,Masculino,2022,Pública,Ágata,6.032033333,8.5,7.0,7.52,6.458333333,2.7,2.2,3.2,,6.72,5.0,Fase 2 (5° e 6° ano),-1,2023,1,1,Defasagem moderada,1,5.0,True,2024.0,-2.0,6.25,7.380952381,7.51,7.916666667,5.74,5.0,6.817057142900001,Ágata,1,3.55,0.3809523810000002,0.7850238099000011
RA-587,1L,12.0,Masculino,2022,Pública,Ágata,6.817057142900001,9.002,7.380952381,7.51,7.916666667,6.25,6.5,6.0,,5.74,5.0,Fase 3 (7° e 8° ano),-2,2024,1,2,Defasagem moderada,1,5.0,True,,,,,,,,,,,,,,
RA-588,1,9.0,Menina,2021,Rede Decisão,Topázio,8.622,9.5,10.0,5.6,,9.3,9.3,9.2,,8.278,10.0,Fase 1 (4º ano),0,2022,1,1,Em fase / adiantado,0,10.0,True,2023.0,0.0,7.8,9.6,2.52,8.958333333,9.673333333,10.0,8.3527,Topázio,0,-1.5000000000000009,-0.40000000000000036,-0.26929999999999943
RA-588,FASE 2,10.0,Feminino,2021,Privada - Programa de Apadrinhamento,Topázio,8.3527,8.0,9.6,2.52,8.958333333,7.8,7.5,8.0,,9.673333333,10.0,Fase 2 (5° e 6° ano),0,2023,2,2,Em fase / adiantado,0,10.0,True,2024.0,1.0,7.833333333333333,9.833333333333334,7.51,8.75,8.0,10.0,8.676133333333334,Topázio,0,0.033333333333333215,0.23333333333333428,0.3234333333333339
RA-588,3U,11.0,Feminino,2021,Privada - Programa de Apadrinhamento,Topázio,8.676133333333334,9.168,9.833333333333334,7.51,8.75,7.833333333333333,8.5,8.0,7.0,8.0,10.0,Fase 2 (5° e 6° ano),1,2024,3,3,Em fase / adiantado,0,10.0,True,,,,,,,,,,,,,,
RA-589,1,9.0,Menina,2022,Escola Pública,Ametista,7.744,9.5,9.4,7.5,,5.8,3.0,8.5,,7.056,10.0,Fase 1 (4º ano),0,2022,1,0,Em fase / adiantado,0,10.0,True,,,,,,,,,,,,,,
RA-59,5,17.0,Menino,2022,Escola Pública,Ametista,7.642,9.2,9.3,7.5,,7.2,7.0,5.7,8.8,7.917,5.0,Fase 7 (3º EM),-2,2022,5,0,Defasagem moderada,1,5.0,True,2023.0,-2.0,7.2,9.6,5.63,8.28125,8.4225,5.0,7.692291667,Ametista,1,0.0,0.29999999999999893,0.05029166699999976
RA-59,FASE 6,,Masculino,2022,Privada - Programa de Apadrinhamento,Ametista,7.692291667,7.5,9.6,5.63,8.28125,7.2,7.7,6.8,7.2,8.4225,5.0,Fase 8 (Universitários),-2,2023,6,1,Defasagem moderada,1,5.0,True,2024.0,0.0,,0.0,,,,10.0,,,0,,-9.6,
RA-59,8F,19.0,Masculino,2022,Privada *Parcerias com Bolsa 100%,,,,0.0,,,,,,,,10.0,Fase 8 (Universitários),0,2024,8,2,Em fase / adiantado,0,10.0,True,,,,,,,,,,,,,,
RA-590,1,10.0,Menina,2020,Escola Pública,Ametista,7.435,8.5,8.6,7.5,,7.4,5.7,9.2,,7.611,5.0,Fase 2 (5º e 6º ano),-1,2022,1,2,Defasagem moderada,1,5.0,True,2023.0,0.0,6.5,9.7,3.77,7.291666667,8.34,10.0,7.647666667,Ametista,0,-0.9000000000000004,1.0999999999999996,0.2126666670000006
RA-590,FASE 2,11.0,Feminino,2020,Privada,Ametista,7.647666667,6.3,9.7,3.77,7.291666667,6.5,5.7,7.3,,8.34,10.0,Fase 2 (5° e 6° ano),0,2023,2,3,Em fase / adiantado,0,10.0,True,2024.0,-1.0,4.0,8.457556936,6.26,7.5,7.723333333,5.0,6.712378053800001,Ágata,1,-2.5,-1.2424430639999997,-0.9352886131999991
RA-590,2U,12.0,Feminino,2021,Privada,Ágata,6.712378053800001,8.002,8.457556936,6.26,7.5,4.0,8.0,0.0,,7.723333333,5.0,Fase 3 (7° e 8° ano),-1,2024,2,3,Defasagem moderada,1,5.0,True,,,,,,,,,,,,,,
RA-591,1,11.0,Menino,2021,Escola Pública,Ametista,7.507,9.5,9.3,7.5,,7.1,7.8,6.3,,7.389,5.0,Fase 2 (5º e 6º ano),-1,2022,1,1,Defasagem moderada,1,5.0,True,2023.0,-1.0,6.9,8.5,6.27,5.833333333,7.333333333,5.0,7.1472,Ametista,1,-0.1999999999999993,-0.8000000000000007,-0.3597999999999999
RA-591,FASE 2,,Masculino,2021,Pública,Ametista,7.1472,9.0,8.5,6.27,5.833333333,6.9,6.2,7.5,,7.333333333,5.0,Fase 3 (7° e 8° ano),-1,2023,2,2,Defasagem moderada,1,5.0,True,2024.0,-1.0,7.5,7.913043478500001,6.255,5.78125,6.54,5.0,6.8360336957,Ágata,1,0.5999999999999996,-0.5869565214999994,-0.3111663042999995
RA-591,2K,13.0,Masculino,2021,Pública,Ágata,6.8360336957,7.418,7.913043478500001,6.255,5.78125,7.5,6.0,9.0,,6.54,5.0,Fase 3 (7° e 8° ano),-1,2024,2,3,Defasagem moderada,1,5.0,True,,,,,,,,,,,,,,
RA-592,1,10.0,Menina,2020,Escola Pública,Ametista,7.381,8.0,8.5,5.6,,8.4,7.2,9.7,,7.778,5.0,Fase 2 (5º e 6º ano),-1,2022,1,2,Defasagem moderada,1,5.0,True,2023.0,0.0,7.6,9.2,3.77,7.916666667,8.95,10.0,7.935466667,Ametista,0,-0.8000000000000007,0.6999999999999993,0.5544666669999998
RA-592,FASE 2,11.0,Feminino,2020,Privada,Ametista,7.935466667,6.2,9.2,3.77,7.916666667,7.6,5.5,9.7,,8.95,10.0,Fase 2 (5° e 6° ano),0,2023,2,3,Em fase / adiantado,0,10.0,True,2024.0,1.0,7.833333333333333,6.108152734666667,2.51,7.65625,7.625,10.0,7.121622213600001,Ametista,0,0.2333333333333334,-3.0918472653333327,-0.8138444533999989
RA-592,3L,12.0,Feminino,2021,Privada,Ametista,7.121622213600001,7.917,6.108152734666667,2.51,7.65625,7.833333333333333,7.0,8.0,8.5,7.625,10.0,Fase 2 (5° e 6° ano),1,2024,3,3,Em fase / adiantado,0,10.0,True,,,,,,,,,,,,,,
RA-593,1,10.0,Menina,2021,Escola Pública,Ágata,6.254,7.5,7.4,7.5,,4.6,3.0,6.2,,6.278,5.0,Fase 2 (5º e 6º ano),-1,2022,1,1,Defasagem moderada,1,5.0,True,,,,,,,,,,,,,,
RA-594,1,10.0,Menino,2022,Escola Pública,Ametista,7.392,8.0,9.4,7.5,,7.8,6.0,9.5,,6.889,5.0,Fase 2 (5º e 6º ano),-1,2022,1,0,Defasagem moderada,1,5.0,True,2023.0,-1.0,5.8,7.1,6.27,6.875,7.336666667,5.0,6.702033333,Ágata,1,-2.0,-2.3000000000000007,-0.6899666670000002
RA-594,FASE 1,11.0,Masculino,2022,Pública,Ágata,6.702033333,8.5,7.1,6.27,6.875,5.8,6.2,5.3,,7.336666667,5.0,Fase 2 (5° e 6° ano),-1,2023,1,1,Defasagem moderada,1,5.0,True,2024.0,0.0,7.0,5.75,6.26,8.125,6.053333333,10.0,6.890966666600001,Ágata,0,1.2000000000000002,-1.3499999999999996,0.18893333360000053
RA-594,2M,12.0,Masculino,2022,Pública,Ágata,6.890966666600001,6.918,5.75,6.26,8.125,7.0,6.5,7.5,,6.053333333,10.0,Fase 2 (5° e 6° ano),0,2024,2,2,Em fase / adiantado,0,10.0,True,,,,,,,,,,,,,,
RA-595,1,12.0,Menino,2018,Escola Pública,Quartzo,5.18,8.5,5.5,7.5,,1.0,2.0,0.0,,6.0,5.0,Fase 3 (7º e 8º ano),-2,2022,1,4,Defasagem moderada,1,5.0,True,2023.0,-1.0,3.3,7.0,7.52,6.666666667,5.55,5.0,5.078666667,Quartzo,1,2.3,1.5,-0.10133333299999947
RA-595,FASE 2,,Masculino,2018,Pública,Quartzo,5.078666667,0.0,7.0,7.52,6.666666667,3.3,3.2,3.3,,5.55,5.0,Fase 3 (7° e 8° ano),-1,2023,2,5,Defasagem moderada,1,5.0,True,,,,,,,,,,,,,,
RA-596,1,9.0,Menina,2021,Escola Pública,Topázio,8.971,9.5,10.0,7.5,,9.3,8.8,9.8,,9.0,10.0,Fase 1 (4º ano),0,2022,1,1,Em fase / adiantado,0,10.0,True,,,,,,,,,,,,,,
RA-597,1,9.0,Menino,2022,Escola Pública,Topázio,8.265,9.0,10.0,7.5,,8.0,6.5,9.5,,7.056,10.0,Fase 1 (4º ano),0,2022,1,0,Em fase / adiantado,0,10.0,True,2023.0,-1.0,8.5,9.6,7.52,9.0625,8.56,5.0,8.49045,Topázio,1,0.5,-0.40000000000000036,0.2254499999999986
RA-597,FASE 1,10.0,Masculino,2022,Pública,Topázio,8.49045,10.0,9.6,7.52,9.0625,8.5,7.8,9.2,,8.56,5.0,Fase 2 (5° e 6° ano),-1,2023,1,1,Defasagem moderada,1,5.0,True,2024.0,0.0,6.0,9.3271221535,7.51,7.5,6.883333333,10.0,7.843291097300001,Ametista,0,-2.5,-0.27287784650000013,-0.6471589026999984
RA-597,2L,11.0,Masculino,2022,Pública,Ametista,7.843291097300001,9.002,9.3271221535,7.51,7.5,6.0,5.0,7.0,,6.883333333,10.0,Fase 2 (5° e 6° ano),0,2024,2,2,Em fase / adiantado,0,10.0,True,,,,,,,,,,,,,,
RA-598,1,11.0,Menina,2022,Escola Pública,Ágata,6.35,9.5,7.2,7.5,,3.7,4.7,2.7,,6.944,5.0,Fase 2 (5º e 6º ano),-1,2022,1,0,Defasagem moderada,1,5.0,True,,,,,,,,,,,,,,
RA-599,1,10.0,Menino,2022,Escola Pública,Topázio,8.2,9.5,9.2,7.5,,9.1,8.3,9.8,,8.556,5.0,Fase 2 (5º e 6º ano),-1,2022,1,0,Defasagem moderada,1,5.0,True,2023.0,0.0,8.5,9.5,2.52,8.333333333,9.286666667,10.0,8.532866667,Topázio,0,-0.5999999999999996,0.3000000000000007,0.3328666670000011
RA-599,FASE 2,10.0,Masculino,2022,Pública,Topázio,8.532866667,10.0,9.5,2.52,8.333333333,8.5,8.2,8.7,,9.286666667,10.0,Fase 2 (5° e 6° ano),0,2023,2,1,Em fase / adiantado,0,10.0,True,2024.0,1.0,7.666666666666667,8.607843137333333,9.375,7.083333333,7.28,10.0,8.3569352941,Topázio,0,-0.833333333333333,-0.8921568626666669,-0.17593137290000094
RA-599,3K,12.0,Masculino,2022,Pública,Topázio,8.3569352941,10.002,8.607843137333333,9.375,7.083333333,7.666666666666667,8.0,7.0,8.0,7.28,10.0,Fase 2 (5° e 6° ano),1,2024,3,2,Em fase / adiantado,0,10.0,True,,,,,,,,,,,,,,
RA-6,7,18.0,Menina,2021,Escola Pública,Quartzo,5.848,7.9,4.5,7.5,,3.3,2.3,5.3,2.3,7.222,5.0,Fase 8 (Universitários),-1,2022,7,1,Defasagem moderada,1,5.0,True,2023.0,0.0,,,,,,10.0,,,0,,,
RA-6,FASE 8,,Feminino,2021,Privada - Pagamento por *Empresa Parceira,,,,,,,,,,,,10.0,Fase 8 (Universitários),0,2023,8,2,Em fase / adiantado,0,10.0,True,2024.0,0.0,,0.0,,,,10.0,,,0,,,
RA-6,8E,20.0,Feminino,2021,Privada *Parcerias com Bolsa 100%,,,,0.0,,,,,,,,10.0,Fase 8 (Universitários),0,2024,8,3,Em fase / adiantado,0,10.0,True,,,,,,,,,,,,,,
RA-60,5,18.0,Menina,2021,Escola Pública,Quartzo,5.537,6.7,6.0,7.5,,4.9,5.0,6.2,3.5,6.167,2.5,Fase 8 (Universitários),-3,2022,5,1,Defasagem severa,1,2.5,True,,,,,,,,,,,,,,
RA-600,1,9.0,Menina,2021,Escola Pública,Ágata,7.011,8.5,8.4,7.5,,3.9,2.8,5.0,,6.833,10.0,Fase 1 (4º ano),0,2022,1,1,Em fase / adiantado,0,10.0,True,2023.0,-1.0,7.2,8.4,7.52,8.28125,8.056666667,5.0,7.651658333,Ametista,1,3.3000000000000003,0.0,0.6406583330000002
RA-600,FASE 1,10.0,Feminino,2021,Pública,Ametista,7.651658333,8.5,8.4,7.52,8.28125,7.2,6.5,7.8,,8.056666667,5.0,Fase 2 (5° e 6° ano),-1,2023,1,2,Defasagem moderada,1,5.0,True,2024.0,0.0,7.5,8.010869565,7.51,7.5,7.22,10.0,7.847373913,Ametista,0,0.2999999999999998,-0.3891304350000002,0.1957155799999999
RA-600,2L,11.0,Feminino,2021,Pública,Ametista,7.847373913,8.002,8.010869565,7.51,7.5,7.5,8.0,7.0,,7.22,10.0,Fase 2 (5° e 6° ano),0,2024,2,3,Em fase / adiantado,0,10.0,True,,,,,,,,,,,,,,
RA-601,1,8.0,Menino,2021,Escola Pública,Ametista,7.713,9.0,9.7,7.5,,5.7,5.3,6.0,,7.167,10.0,ALFA  (2º e 3º ano),1,2022,1,1,Em fase / adiantado,0,10.0,True,2023.0,0.0,8.7,10.0,7.52,9.0625,8.336666667,10.0,8.955783333,Topázio,0,2.999999999999999,0.3000000000000007,1.2427833329999993
RA-601,FASE 1,9.0,Masculino,2021,Pública,Topázio,8.955783333,9.0,10.0,7.52,9.0625,8.7,8.0,9.3,,8.336666667,10.0,Fase 1 (3° e 4° ano),0,2023,1,2,Em fase / adiantado,0,10.0,True,2024.0,-1.0,8.75,10.0,7.505,8.75,8.425,5.0,8.5107,Topázio,1,0.05000000000000071,0.0,-0.44508333299999947
RA-601,1K,10.0,Masculino,2021,Pública,Topázio,8.5107,9.502,10.0,7.505,8.75,8.75,9.5,8.0,,8.425,5.0,Fase 2 (5° e 6° ano),-1,2024,1,3,Defasagem moderada,1,5.0,True,,,,,,,,,,,,,,
RA-602,1,11.0,Menino,2019,Escola Pública,Ametista,8.041,10.0,9.7,7.5,,8.6,8.3,8.8,,7.667,5.0,Fase 2 (5º e 6º ano),-1,2022,1,3,Defasagem moderada,1,5.0,True,2023.0,-1.0,8.1,9.6,7.52,8.75,9.51,5.0,8.5592,Topázio,1,-0.5,-0.09999999999999964,0.5182000000000002
RA-602,FASE 2,12.0,Masculino,2019,Pública,Topázio,8.5592,10.0,9.6,7.52,8.75,8.1,7.3,8.8,,9.51,5.0,Fase 3 (7° e 8° ano),-1,2023,2,4,Defasagem moderada,1,5.0,True,2024.0,0.0,7.333333333333333,9.670588235333334,7.51,8.28125,8.545,10.0,8.647409313733334,Topázio,0,-0.7666666666666666,0.07058823533333403,0.08820931373333352
RA-602,3L,13.0,Masculino,2021,Pública,Topázio,8.647409313733334,9.585,9.670588235333334,7.51,8.28125,7.333333333333333,9.0,5.0,8.0,8.545,10.0,Fase 3 (7° e 8° ano),0,2024,3,3,Em fase / adiantado,0,10.0,True,,,,,,,,,,,,,,
RA-603,1,11.0,Menina,2022,Escola Pública,Ametista,7.78,9.0,9.5,7.5,,7.5,6.7,8.3,,8.0,5.0,Fase 2 (5º e 6º ano),-1,2022,1,0,Defasagem moderada,1,5.0,True,2023.0,0.0,7.0,8.9,2.52,7.708333333,7.78,10.0,6.748833333,Ágata,0,-0.5,-0.5999999999999996,-1.031166667
RA-603,FASE 2,11.0,Masculino,2022,Pública,Ágata,6.748833333,0.0,8.9,2.52,7.708333333,7.0,5.7,8.2,,7.78,10.0,Fase 2 (5° e 6° ano),0,2023,2,1,Em fase / adiantado,0,10.0,True,2024.0,0.0,4.666666666666667,7.155555555666666,6.885,6.875,6.216666667,10.0,6.942277777866667,Ágata,0,-2.333333333333333,-1.7444444443333342,0.19344444486666657
RA-603,3U,12.0,Masculino,2022,Pública,Ágata,6.942277777866667,9.585,7.155555555666666,6.885,6.875,4.666666666666667,4.5,5.5,4.0,6.216666667,10.0,Fase 3 (7° e 8° ano),0,2024,3,2,Em fase / adiantado,0,10.0,True,,,,,,,,,,,,,,
RA-604,1,10.0,Menina,2021,Escola Pública,Ametista,8.018,9.0,9.0,7.5,,8.8,8.0,9.7,,8.333,5.0,Fase 2 (5º e 6º ano),-1,2022,1,1,Defasagem moderada,1,5.0,True,2023.0,0.0,7.5,9.3,7.52,8.125,8.616666667,10.0,8.548033333,Topázio,0,-1.3000000000000007,0.3000000000000007,0.5300333329999987
RA-604,FASE 2,,Feminino,2021,Pública,Topázio,8.548033333,9.0,9.3,7.52,8.125,7.5,6.0,9.0,,8.616666667,10.0,Fase 2 (5° e 6° ano),0,2023,2,2,Em fase / adiantado,0,10.0,True,2024.0,1.0,7.0,7.5029927763333335,8.13,6.40625,6.21,10.0,7.429623555266667,Ametista,0,-0.5,-1.7970072236666672,-1.1184097777333326
RA-604,3L,12.0,Feminino,2021,Pública,Ametista,7.429623555266667,8.334,7.5029927763333335,8.13,6.40625,7.0,8.0,5.5,7.5,6.21,10.0,Fase 2 (5° e 6° ano),1,2024,3,3,Em fase / adiantado,0,10.0,True,,,,,,,,,,,,,,
RA-605,1,12.0,Menina,2021,Escola Pública,Ametista,7.276,6.9,9.3,6.9,,7.1,6.2,8.0,,7.556,5.0,Fase 3 (7º e 8º ano),-2,2022,1,1,Defasagem moderada,1,5.0,True,2023.0,-1.0,6.8,9.5,7.52,7.291666667,7.84,5.0,7.709366667,Ametista,1,-0.2999999999999998,0.1999999999999993,0.4333666670000005
RA-605,FASE 2,12.0,Feminino,2021,Pública,Ametista,7.709366667,9.0,9.5,7.52,7.291666667,6.8,4.8,8.8,,7.84,5.0,Fase 3 (7° e 8° ano),-1,2023,2,2,Defasagem moderada,1,5.0,True,2024.0,0.0,2.6666666666666665,6.194444444333333,6.885,7.0,5.534,10.0,6.0175222222,Ágata,0,-4.133333333333333,-3.3055555556666674,-1.6918444448
RA-605,3M,13.0,Feminino,2021,Pública,Ágata,6.0175222222,7.5,6.194444444333333,6.885,7.0,2.6666666666666665,1.5,3.5,3.0,5.534,10.0,Fase 3 (7° e 8° ano),0,2024,3,3,Em fase / adiantado,0,10.0,True,,,,,,,,,,,,,,
RA-606,1,10.0,Menino,2022,Escola Pública,Ágata,6.127,9.5,9.0,7.5,,1.8,2.0,1.5,,6.111,5.0,Fase 2 (5º e 6º ano),-1,2022,1,0,Defasagem moderada,1,5.0,True,2023.0,-1.0,6.0,8.5,7.52,7.65625,8.223333333,5.0,7.402491667,Ametista,1,4.2,-0.5,1.2754916669999998
RA-606,FASE 1,10.0,Masculino,2022,Pública,Ametista,7.402491667,8.5,8.5,7.52,7.65625,6.0,4.7,7.2,,8.223333333,5.0,Fase 2 (5° e 6° ano),-1,2023,1,1,Defasagem moderada,1,5.0,True,2024.0,0.0,3.25,7.6136363634999995,6.885,8.125,5.606666667,10.0,6.645260606100001,Ágata,0,-2.75,-0.8863636365000005,-0.7572310608999988
RA-606,2M,11.0,Masculino,2022,Pública,Ágata,6.645260606100001,8.502,7.6136363634999995,6.885,8.125,3.25,3.5,3.0,,5.606666667,10.0,Fase 2 (5° e 6° ano),0,2024,2,2,Em fase / adiantado,0,10.0,True,,,,,,,,,,,,,,
RA-607,1,10.0,Menino,2022,Escola Pública,Ágata,6.44,6.8,8.1,7.5,,4.0,3.0,5.0,,7.444,5.0,Fase 2 (5º e 6º ano),-1,2022,1,0,Defasagem moderada,1,5.0,True,2023.0,-1.0,6.8,7.5,7.52,7.96875,8.17,5.0,7.333075,Ametista,1,2.8,-0.5999999999999996,0.8930749999999996
RA-607,FASE 1,11.0,Masculino,2022,Pública,Ametista,7.333075,8.0,7.5,7.52,7.96875,6.8,4.8,8.7,,8.17,5.0,Fase 2 (5° e 6° ano),-1,2023,1,1,Defasagem moderada,1,5.0,True,2024.0,0.0,7.0,7.4782608695,7.51,7.1875,7.165,10.0,7.6486021739000005,Ametista,0,0.20000000000000018,-0.021739130500000314,0.3155271739000005
RA-607,2K,12.0,Masculino,2022,Pública,Ametista,7.6486021739000005,8.502,7.4782608695,7.51,7.1875,7.0,7.0,7.0,,7.165,10.0,Fase 2 (5° e 6° ano),0,2024,2,2,Em fase / adiantado,0,10.0,True,,,,,,,,,,,,,,
RA-608,1,10.0,Menino,2022,Escola Pública,Ametista,7.216,7.8,9.6,7.5,,6.3,3.0,9.5,,7.222,5.0,Fase 2 (5º e 6º ano),-1,2022,1,0,Defasagem moderada,1,5.0,True,2023.0,-1.0,6.2,7.5,7.52,7.96875,8.113333333,5.0,7.401741667,Ametista,1,-0.09999999999999964,-2.0999999999999996,0.1857416669999994
RA-608,FASE 1,10.0,Masculino,2022,Pública,Ametista,7.401741667,10.0,7.5,7.52,7.96875,6.2,6.0,6.3,,8.113333333,5.0,Fase 2 (5° e 6° ano),-1,2023,1,1,Defasagem moderada,1,5.0,True,2024.0,0.0,4.25,3.054347826,6.885,7.1875,5.053333333,10.0,5.778986231800001,Quartzo,0,-1.9500000000000002,-4.445652174,-1.6227554351999984
RA-608,2N,11.0,Masculino,2022,Pública,Quartzo,5.778986231800001,9.002,3.054347826,6.885,7.1875,4.25,5.0,3.5,,5.053333333,10.0,Fase 2 (5° e 6° ano),0,2024,2,2,Em fase / adiantado,0,10.0,True,,,,,,,,,,,,,,
RA-609,1,11.0,Menino,2019,Escola Pública,Ágata,6.794,8.5,7.6,7.5,,6.0,6.5,5.5,,7.056,5.0,Fase 2 (5º e 6º ano),-1,2022,1,3,Defasagem moderada,1,5.0,True,2023.0,-1.0,5.3,6.4,7.52,6.875,6.216666667,5.0,6.463033333,Ágata,1,-0.7000000000000002,-1.1999999999999993,-0.3309666669999993
RA-609,FASE 2,,Masculino,2019,Pública,Ágata,6.463033333,9.5,6.4,7.52,6.875,5.3,3.2,7.3,,6.216666667,5.0,Fase 3 (7° e 8° ano),-1,2023,2,4,Defasagem moderada,1,5.0,True,,,,,,,,,,,,,,
RA-61,5,15.0,Menino,2021,Escola Pública,Ametista,7.533,9.2,7.4,7.5,,5.8,1.7,6.3,9.3,7.875,10.0,Fase 5 (1º EM),0,2022,5,1,Em fase / adiantado,0,10.0,True,2023.0,0.0,6.2,7.0,6.26,7.96875,7.4625,10.0,7.382108333,Ametista,0,0.40000000000000036,-0.40000000000000036,-0.15089166700000067
RA-61,FASE 6,16.0,Masculino,2021,Pública,Ametista,7.382108333,8.3,7.0,6.26,7.96875,6.2,6.7,4.3,7.5,7.4625,10.0,Fase 6 (2° EM),0,2023,6,2,Em fase / adiantado,0,10.0,True,,,,,,,,,,,,,,
RA-610,1,9.0,Menina,2022,Escola Pública,Topázio,8.18,9.0,9.6,7.5,,6.5,6.0,7.0,,8.5,10.0,Fase 1 (4º ano),0,2022,1,0,Em fase / adiantado,0,10.0,True,2023.0,0.0,7.0,10.0,2.52,8.541666667,8.896666667,10.0,8.2857,Topázio,0,0.5,0.40000000000000036,0.10570000000000057
RA-610,FASE 2,,Feminino,2022,Pública,Topázio,8.2857,10.0,10.0,2.52,8.541666667,7.0,6.3,7.7,,8.896666667,10.0,Fase 2 (5° e 6° ano),0,2023,2,1,Em fase / adiantado,0,10.0,True,2024.0,1.0,6.333333333333333,9.694444444333334,3.76,6.875,8.336666667,10.0,7.894888888933334,Ametista,0,-0.666666666666667,-0.3055555556666665,-0.39081111106666633
RA-610,3K,11.0,Feminino,2022,Pública,Ametista,7.894888888933334,9.585,9.694444444333334,3.76,6.875,6.333333333333333,8.0,5.0,6.0,8.336666667,10.0,Fase 2 (5° e 6° ano),1,2024,3,2,Em fase / adiantado,0,10.0,True,,,,,,,,,,,,,,
RA-611,1,12.0,Menino,2021,Escola Pública,Ametista,7.756,9.5,7.6,7.5,,9.5,10.0,9.0,,7.556,5.0,Fase 3 (7º e 8º ano),-2,2022,1,1,Defasagem moderada,1,5.0,True,,,,,,,,,,,,,,
RA-612,1,10.0,Menina,2021,Escola Pública,Ametista,7.594,9.0,9.2,7.5,,7.9,9.7,6.2,,7.167,5.0,Fase 2 (5º e 6º ano),-1,2022,1,1,Defasagem moderada,1,5.0,True,2023.0,-1.0,9.7,9.7,3.77,9.0625,9.286666667,5.0,8.410783333,Topázio,1,1.799999999999999,0.5,0.8167833329999992
RA-612,FASE 1,11.0,Feminino,2021,Privada - Programa de Apadrinhamento,Topázio,8.410783333,9.0,9.7,3.77,9.0625,9.7,9.3,10.0,,9.286666667,5.0,Fase 2 (5° e 6° ano),-1,2023,1,2,Defasagem moderada,1,5.0,True,2024.0,0.0,9.75,9.5454545455,6.26,9.6875,9.4,10.0,9.134040909100001,Topázio,0,0.05000000000000071,-0.15454545449999912,0.7232575761000017
RA-612,2M,12.0,Feminino,2021,Privada - Programa de Apadrinhamento,Topázio,9.134040909100001,8.002,9.5454545455,6.26,9.6875,9.75,9.5,10.0,,9.4,10.0,Fase 2 (5° e 6° ano),0,2024,2,3,Em fase / adiantado,0,10.0,True,,,,,,,,,,,,,,
RA-613,1,13.0,Menino,2020,Escola Pública,Topázio,8.121,9.0,9.2,7.5,,9.2,9.2,9.2,,8.556,5.0,Fase 3 (7º e 8º ano),-2,2022,1,2,Defasagem moderada,1,5.0,True,2023.0,-1.0,4.8,9.4,5.0,6.71875,7.2125,5.0,6.864508333,Ágata,1,-4.3999999999999995,0.20000000000000107,-1.2564916670000006
RA-613,FASE 3,14.0,Masculino,2020,Pública,Ágata,6.864508333,9.2,9.4,5.0,6.71875,4.8,4.3,6.2,3.8,7.2125,5.0,Fase 4 (9° ano),-1,2023,3,3,Defasagem moderada,1,5.0,True,2024.0,-1.0,7.333333333333333,9.566666666666666,7.51,6.875,6.25,5.0,7.4019,Ametista,1,2.533333333333333,0.16666666666666607,0.5373916670000005
RA-613,3N,15.0,Masculino,2021,Pública,Ametista,7.4019,8.334,9.566666666666666,7.51,6.875,7.333333333333333,8.0,6.0,8.0,6.25,5.0,Fase 4 (9° ano),-1,2024,3,3,Defasagem moderada,1,5.0,True,,,,,,,,,,,,,,
RA-614,1,12.0,Menino,2021,Escola Pública,Topázio,8.339,9.5,9.7,7.5,,9.6,9.8,9.3,,8.278,5.0,Fase 3 (7º e 8º ano),-2,2022,1,1,Defasagem moderada,1,5.0,True,2023.0,-1.0,8.6,9.1,7.52,8.333333333,8.563333333,5.0,8.2282,Topázio,1,-1.0,-0.5999999999999996,-0.11080000000000112
RA-614,FASE 2,13.0,Masculino,2021,Pública,Topázio,8.2282,9.0,9.1,7.52,8.333333333,8.6,8.8,8.3,,8.563333333,5.0,Fase 3 (7° e 8° ano),-1,2023,2,2,Defasagem moderada,1,5.0,True,2024.0,-1.0,6.833333333333333,9.700000000000001,7.51,7.916666667,7.603333333,5.0,7.8284999999666685,Ametista,1,-1.7666666666666666,0.6000000000000014,-0.39970000003333084
RA-614,3U,14.0,Masculino,2021,Pública,Ametista,7.8284999999666685,9.585,9.700000000000001,7.51,7.916666667,6.833333333333333,8.0,4.5,8.0,7.603333333,5.0,Fase 4 (9° ano),-1,2024,3,3,Defasagem moderada,1,5.0,True,,,,,,,,,,,,,,
RA-615,1,9.0,Menina,2020,Escola Pública,Topázio,8.086,9.5,9.7,7.5,,7.3,7.8,6.7,,6.889,10.0,Fase 1 (4º ano),0,2022,1,2,Em fase / adiantado,0,10.0,True,2023.0,-1.0,7.6,9.7,3.14,8.28125,8.616666667,5.0,7.815658333,Ametista,1,0.2999999999999998,0.0,-0.2703416670000003
RA-615,FASE 1,,Feminino,2020,Pública,Ametista,7.815658333,10.0,9.7,3.14,8.28125,7.6,6.8,8.3,,8.616666667,5.0,Fase 2 (5° e 6° ano),-1,2023,1,3,Defasagem moderada,1,5.0,True,,,,,,,,,,,,,,
RA-616,1,12.0,Menino,2019,Escola Pública,Ametista,7.303,7.4,7.4,7.5,,8.8,9.2,8.5,,7.278,5.0,Fase 3 (7º e 8º ano),-2,2022,1,3,Defasagem moderada,1,5.0,True,2023.0,-1.0,6.8,6.6,5.02,5.833333333,6.783333333,5.0,5.612,Quartzo,1,-2.000000000000001,-0.8000000000000007,-1.6909999999999998
RA-616,FASE 2,,Masculino,2019,Pública,Quartzo,5.612,0.0,6.6,5.02,5.833333333,6.8,5.5,8.0,,6.783333333,5.0,Fase 3 (7° e 8° ano),-1,2023,2,4,Defasagem moderada,1,5.0,True,2024.0,0.0,3.8333333333333335,3.087719298333333,6.885,6.458333333,4.946666667,10.0,5.457877193033333,Quartzo,0,-2.9666666666666663,-3.5122807016666666,-0.15412280696666691
RA-616,3U,14.0,Masculino,2021,Pública,Quartzo,5.457877193033333,7.5,3.087719298333333,6.885,6.458333333,3.8333333333333335,3.0,3.5,5.0,4.946666667,10.0,Fase 3 (7° e 8° ano),0,2024,3,3,Em fase / adiantado,0,10.0,True,,,,,,,,,,,,,,
RA-617,1,11.0,Menina,2021,Escola Pública,Ametista,7.107,8.5,8.9,7.5,,6.3,4.5,8.0,,6.778,5.0,Fase 2 (5º e 6º ano),-1,2022,1,1,Defasagem moderada,1,5.0,True,2023.0,-1.0,6.9,9.0,7.52,7.708333333,8.116666667,5.0,6.816166667,Ágata,1,0.6000000000000005,0.09999999999999964,-0.29083333300000014
RA-617,FASE 1,11.0,Feminino,2021,Pública,Ágata,6.816166667,0.0,9.0,7.52,7.708333333,6.9,5.5,8.2,,8.116666667,5.0,Fase 2 (5° e 6° ano),-1,2023,1,2,Defasagem moderada,1,5.0,True,,,,,,,,,,,,,,
RA-618,1,13.0,Menino,2020,Escola Pública,Ametista,7.18,8.9,8.3,7.5,,6.7,6.8,6.5,,7.333,5.0,Fase 3 (7º e 8º ano),-2,2022,1,2,Defasagem moderada,1,5.0,True,2023.0,-2.0,6.2,9.2,5.02,8.125,7.95,5.0,6.4745,Ágata,1,-0.5,0.8999999999999986,-0.7054999999999998
RA-618,FASE 2,,Masculino,2020,Pública,Ágata,6.4745,0.0,9.2,5.02,8.125,6.2,4.5,7.8,,7.95,5.0,Fase 4 (9° ano),-2,2023,2,3,Defasagem moderada,1,5.0,True,2024.0,-2.0,4.166666666666667,8.324074074,6.88,6.666666667,6.826666667,5.0,6.718348148233334,Ágata,1,-2.033333333333333,-0.875925925999999,0.2438481482333339
RA-618,3K,15.0,Masculino,2021,Pública,Ágata,6.718348148233334,10.002,8.324074074,6.88,6.666666667,4.166666666666667,5.0,4.5,3.0,6.826666667,5.0,Fase 5 (1° EM),-2,2024,3,3,Defasagem moderada,1,5.0,True,,,,,,,,,,,,,,
RA-619,1,11.0,Menina,2021,Escola Pública,Ametista,7.693,9.5,8.0,7.5,,9.0,9.2,8.8,,7.333,5.0,Fase 2 (5º e 6º ano),-1,2022,1,1,Defasagem moderada,1,5.0,True,2023.0,0.0,9.0,7.1,3.77,7.708333333,8.116666667,10.0,7.891366667,Ametista,0,0.0,-0.9000000000000004,0.19836666700000016
RA-619,FASE 2,11.0,Feminino,2021,Pública,Ametista,7.891366667,9.0,7.1,3.77,7.708333333,9.0,8.5,9.5,,8.116666667,10.0,Fase 2 (5° e 6° ano),0,2023,2,2,Em fase / adiantado,0,10.0,True,,,,,,,,,,,,,,
RA-62,5,17.0,Menino,2022,Escola Pública,Ametista,7.891,8.8,9.4,7.5,,9.3,8.5,10.0,,7.25,5.0,Fase 7 (3º EM),-2,2022,5,0,Defasagem moderada,1,5.0,True,2023.0,0.0,7.5,9.8,6.89,8.25,8.215,10.0,7.610333333,Ametista,0,-1.8000000000000007,0.40000000000000036,-0.2806666670000002
RA-62,FASE 7,17.0,Feminino,2022,Pública,Ametista,7.610333333,0.0,9.8,6.89,8.25,7.5,9.3,6.8,6.3,8.215,10.0,Fase 7 (3° EM),0,2023,7,1,Em fase / adiantado,0,10.0,True,2024.0,0.0,,0.0,,,,10.0,,,0,,-9.8,
RA-62,8F,18.0,Feminino,2022,Privada *Parcerias com Bolsa 100%,,,,0.0,,,,,,,,10.0,Fase 8 (Universitários),0,2024,8,2,Em fase / adiantado,0,10.0,True,,,,,,,,,,,,,,
RA-620,1,12.0,Menino,2021,Escola Pública,Ágata,6.018,0.0,7.5,7.5,,6.8,8.5,5.0,,6.833,5.0,Fase 3 (7º e 8º ano),-2,2022,1,1,Defasagem moderada,1,5.0,True,2023.0,-1.0,6.2,8.4,7.52,6.875,7.503333333,5.0,7.043666667,Ametista,1,-0.5999999999999996,0.9000000000000004,1.0256666670000003
RA-620,FASE 2,13.0,Masculino,2021,Pública,Ametista,7.043666667,6.8,8.4,7.52,6.875,6.2,5.2,7.2,,7.503333333,5.0,Fase 3 (7° e 8° ano),-1,2023,2,2,Defasagem moderada,1,5.0,True,2024.0,0.0,2.5,3.9841269843333333,7.51,7.083333333,5.886666667,10.0,5.766892063566667,Quartzo,0,-3.7,-4.4158730156666675,-1.2767746034333332
RA-620,3U,14.0,Masculino,2021,Pública,Quartzo,5.766892063566667,8.334,3.9841269843333333,7.51,7.083333333,2.5,3.5,2.5,1.5,5.886666667,10.0,Fase 3 (7° e 8° ano),0,2024,3,3,Em fase / adiantado,0,10.0,True,,,,,,,,,,,,,,
RA-621,1,10.0,Menino,2020,Escola Pública,Ametista,7.448,9.5,7.7,7.5,,7.5,6.8,8.2,,8.222,5.0,Fase 2 (5º e 6º ano),-1,2022,1,2,Defasagem moderada,1,5.0,True,,,,,,,,,,,,,,
RA-622,1,12.0,Menina,2019,Escola Pública,Quartzo,4.934,3.5,3.8,7.5,,3.8,4.8,2.7,,6.0,5.0,Fase 3 (7º e 8º ano),-2,2022,1,3,Defasagem moderada,1,5.0,True,,,,,,,,,,,,,,
RA-623,1,13.0,Menino,2022,Escola Pública,Ametista,7.524,7.5,9.0,7.5,,8.3,9.3,7.2,,7.389,5.0,Fase 3 (7º e 8º ano),-2,2022,1,0,Defasagem moderada,1,5.0,True,2023.0,-2.0,7.3,9.5,7.52,7.291666667,7.446666667,5.0,7.8307,Ametista,1,-1.0000000000000009,0.5,0.3067000000000002
RA-623,FASE 2,14.0,Masculino,2022,Pública,Ametista,7.8307,10.0,9.5,7.52,7.291666667,7.3,5.8,8.8,,7.446666667,5.0,Fase 4 (9° ano),-2,2023,2,1,Defasagem moderada,1,5.0,True,2024.0,-1.0,4.0,7.3999999999999995,6.885,6.458333333,7.05,5.0,6.357733333300001,Ágata,1,-3.3,-2.1000000000000005,-1.4729666666999996
RA-623,3U,15.0,Masculino,2022,Pública,Ágata,6.357733333300001,8.334,7.3999999999999995,6.885,6.458333333,4.0,3.5,2.5,6.0,7.05,5.0,Fase 4 (9° ano),-1,2024,3,2,Defasagem moderada,1,5.0,True,,,,,,,,,,,,,,
RA-624,1,10.0,Menino,2022,Escola Pública,Ametista,7.425,9.0,8.9,7.5,,6.8,8.0,5.5,,7.722,5.0,Fase 2 (5º e 6º ano),-1,2022,1,0,Defasagem moderada,1,5.0,True,2023.0,-1.0,8.6,9.2,7.52,8.90625,8.39,5.0,8.270825,Topázio,1,1.7999999999999998,0.29999999999999893,0.8458250000000005
RA-624,FASE 1,,Masculino,2022,Pública,Topázio,8.270825,9.0,9.2,7.52,8.90625,8.6,8.3,8.8,,8.39,5.0,Fase 2 (5° e 6° ano),-1,2023,1,1,Defasagem moderada,1,5.0,True,2024.0,0.0,4.0,8.219461698,7.51,7.916666667,7.213333333,10.0,7.229425672900001,Ametista,0,-4.6,-0.9805383019999994,-1.0413993270999997
RA-624,2L,12.0,Masculino,2022,Pública,Ametista,7.229425672900001,8.002,8.219461698,7.51,7.916666667,4.0,8.0,0.0,,7.213333333,10.0,Fase 2 (5° e 6° ano),0,2024,2,2,Em fase / adiantado,0,10.0,True,,,,,,,,,,,,,,
RA-625,1,11.0,Menino,2022,Escola Pública,Ametista,7.483,8.0,9.2,7.5,,7.8,8.5,7.0,,7.333,5.0,Fase 2 (5º e 6º ano),-1,2022,1,0,Defasagem moderada,1,5.0,True,,,,,,,,,,,,,,
RA-626,1,11.0,Menino,2021,Escola Pública,Quartzo,5.818,7.4,7.6,7.5,,1.3,2.5,0.0,,7.278,5.0,Fase 2 (5º e 6º ano),-1,2022,1,1,Defasagem moderada,1,5.0,True,2023.0,-1.0,6.5,9.2,4.39,7.291666667,7.613333333,5.0,7.231033333,Ametista,1,5.2,1.5999999999999996,1.4130333330000004
RA-626,FASE 2,12.0,Masculino,2021,Pública,Ametista,7.231033333,9.0,9.2,4.39,7.291666667,6.5,4.7,8.3,,7.613333333,5.0,Fase 3 (7° e 8° ano),-1,2023,2,2,Defasagem moderada,1,5.0,True,2024.0,0.0,5.333333333333333,3.380451127666667,6.885,7.291666667,6.443333333,10.0,6.407590225500001,Ágata,0,-1.166666666666667,-5.819548872333332,-0.8234431074999993
RA-626,3U,13.0,Masculino,2021,Pública,Ágata,6.407590225500001,9.585,3.380451127666667,6.885,7.291666667,5.333333333333333,5.5,3.5,7.0,6.443333333,10.0,Fase 3 (7° e 8° ano),0,2024,3,3,Em fase / adiantado,0,10.0,True,,,,,,,,,,,,,,
RA-627,1,10.0,Menina,2022,Escola Pública,Ágata,6.621,7.0,6.7,7.5,,6.5,6.2,6.8,,7.0,5.0,Fase 2 (5º e 6º ano),-1,2022,1,0,Defasagem moderada,1,5.0,True,,,,,,,,,,,,,,
RA-628,1,11.0,Menino,2022,Escola Pública,Ametista,7.577,9.5,7.6,7.5,,9.2,9.3,9.0,,7.333,5.0,Fase 2 (5º e 6º ano),-1,2022,1,0,Defasagem moderada,1,5.0,True,2023.0,-2.0,9.4,8.9,7.52,8.28125,8.45,5.0,8.370325,Topázio,1,0.20000000000000107,1.3000000000000007,0.7933249999999994
RA-628,FASE 1,12.0,Masculino,2022,Pública,Topázio,8.370325,9.5,8.9,7.52,8.28125,9.4,9.0,9.7,,8.45,5.0,Fase 3 (7° e 8° ano),-2,2023,1,1,Defasagem moderada,1,5.0,True,2024.0,-1.0,9.0,10.0,7.51,7.1875,7.833333333,5.0,8.2366166666,Topázio,1,-0.40000000000000036,1.0999999999999996,-0.13370833339999955
RA-628,2U,13.0,Masculino,2022,Pública,Topázio,8.2366166666,9.002,10.0,7.51,7.1875,9.0,8.0,10.0,,7.833333333,5.0,Fase 3 (7° e 8° ano),-1,2024,2,2,Defasagem moderada,1,5.0,True,,,,,,,,,,,,,,
RA-629,1,9.0,Menino,2022,Escola Pública,Topázio,8.11,9.0,10.0,7.5,,7.0,5.0,9.0,,7.278,10.0,Fase 1 (4º ano),0,2022,1,0,Em fase / adiantado,0,10.0,True,2023.0,-1.0,7.5,9.4,7.52,7.916666667,7.95,5.0,8.013866667,Topázio,1,0.5,-0.5999999999999996,-0.09613333299999915
RA-629,FASE 1,10.0,Feminino,2022,Pública,Topázio,8.013866667,10.0,9.4,7.52,7.916666667,7.5,7.0,8.0,,7.95,5.0,Fase 2 (5° e 6° ano),-1,2023,1,1,Defasagem moderada,1,5.0,True,2024.0,0.0,6.0,9.523809524,7.51,7.5,7.276666667,10.0,8.061295238200001,Topázio,0,-1.5,0.12380952400000034,0.0474285712000011
RA-629,2U,11.0,Feminino,2022,Pública,Topázio,8.061295238200001,10.002,9.523809524,7.51,7.5,6.0,6.0,6.0,,7.276666667,10.0,Fase 2 (5° e 6° ano),0,2024,2,2,Em fase / adiantado,0,10.0,True,,,,,,,,,,,,,,
RA-63,5,16.0,Menino,2018,Rede Decisão,Topázio,8.282,8.3,9.1,8.8,,8.7,8.2,8.2,9.7,9.417,5.0,Fase 6 (2º EM),-1,2022,5,4,Defasagem moderada,1,5.0,True,2023.0,-1.0,8.7,9.0,6.89,8.75,8.9675,5.0,8.0641,Topázio,1,0.0,-0.09999999999999964,-0.2179000000000002
RA-63,FASE 6,,Masculino,2018,Pública,Topázio,8.0641,6.7,9.0,6.89,8.75,8.7,9.3,7.3,9.5,8.9675,5.0,Fase 7 (3° EM),-1,2023,6,5,Defasagem moderada,1,5.0,True,,,,,,,,,,,,,,
RA-630,1,9.0,Menino,2022,Escola Pública,Topázio,8.064,9.5,9.2,7.5,,7.3,6.5,8.0,,7.278,10.0,Fase 1 (4º ano),0,2022,1,0,Em fase / adiantado,0,10.0,True,2023.0,-1.0,5.7,8.6,3.77,8.28125,8.673333333,5.0,7.199991667,Ametista,1,-1.5999999999999996,-0.5999999999999996,-0.8640083330000001
RA-630,FASE 1,10.0,Masculino,2022,Pública,Ametista,7.199991667,9.0,8.6,3.77,8.28125,5.7,4.2,7.2,,8.673333333,5.0,Fase 2 (5° e 6° ano),-1,2023,1,1,Defasagem moderada,1,5.0,True,2024.0,0.0,5.75,8.4782608695,7.51,7.5,7.666666667,10.0,6.879985507300001,Ágata,0,0.04999999999999982,-0.12173913049999996,-0.32000615969999924
RA-630,2L,11.0,Masculino,2022,Pública,Ágata,6.879985507300001,0.0,8.4782608695,7.51,7.5,5.75,6.0,5.5,,7.666666667,10.0,Fase 2 (5° e 6° ano),0,2024,2,2,Em fase / adiantado,0,10.0,True,,,,,,,,,,,,,,
RA-631,1,12.0,Menino,2022,Escola Pública,Ágata,6.928,8.5,6.8,7.5,,7.0,7.3,6.7,,7.222,5.0,Fase 3 (7º e 8º ano),-2,2022,1,0,Defasagem moderada,1,5.0,True,2023.0,-1.0,7.0,6.4,6.27,7.916666667,6.78,5.0,5.954666667,Quartzo,1,0.0,-0.39999999999999947,-0.9733333330000002
RA-631,FASE 2,13.0,Masculino,2022,Pública,Quartzo,5.954666667,0.0,6.4,6.27,7.916666667,7.0,6.0,8.0,,6.78,5.0,Fase 3 (7° e 8° ano),-1,2023,2,1,Defasagem moderada,1,5.0,True,2024.0,0.0,4.166666666666667,7.2122004356666665,8.75,5.625,6.245,10.0,6.795673420466667,Ágata,0,-2.833333333333333,0.8122004356666661,0.841006753466667
RA-631,3L,14.0,Masculino,2022,Pública,Ágata,6.795673420466667,8.334,7.2122004356666665,8.75,5.625,4.166666666666667,7.0,3.5,2.0,6.245,10.0,Fase 3 (7° e 8° ano),0,2024,3,2,Em fase / adiantado,0,10.0,True,,,,,,,,,,,,,,
RA-632,1,10.0,Menina,2022,Escola Pública,Ágata,6.996,8.5,9.3,6.9,,6.3,5.5,7.2,,6.722,5.0,Fase 2 (5º e 6º ano),-1,2022,1,0,Defasagem moderada,1,5.0,True,2023.0,0.0,7.4,9.1,5.64,8.333333333,8.563333333,10.0,7.8768,Ametista,0,1.1000000000000005,-0.20000000000000107,0.8807999999999998
RA-632,FASE 2,11.0,Feminino,2022,Pública,Ametista,7.8768,4.7,9.1,5.64,8.333333333,7.4,6.8,8.0,,8.563333333,10.0,Fase 2 (5° e 6° ano),0,2023,2,1,Em fase / adiantado,0,10.0,True,2024.0,0.0,4.166666666666667,8.999164578333334,6.875,8.28125,7.875,10.0,7.515491249000001,Ametista,0,-3.2333333333333334,-0.10083542166666604,-0.36130875099999926
RA-632,3P,12.0,Feminino,2022,Pública,Ametista,7.515491249000001,7.917,8.999164578333334,6.875,8.28125,4.166666666666667,0.0,6.0,6.5,7.875,10.0,Fase 3 (7° e 8° ano),0,2024,3,2,Em fase / adiantado,0,10.0,True,,,,,,,,,,,,,,
RA-633,1,11.0,Menina,2020,Escola Pública,Ametista,7.476,7.3,8.9,7.5,,7.7,6.8,8.5,,7.833,5.0,Fase 2 (5º e 6º ano),-1,2022,1,2,Defasagem moderada,1,5.0,True,2023.0,-1.0,7.2,8.1,6.27,8.541666667,7.286666667,5.0,6.6552,Ágata,1,-0.5,-0.8000000000000007,-0.8208000000000002
RA-633,FASE 2,,Feminino,2020,Pública,Ágata,6.6552,1.7,8.1,6.27,8.541666667,7.2,5.3,9.0,,7.286666667,5.0,Fase 3 (7° e 8° ano),-1,2023,2,3,Defasagem moderada,1,5.0,True,2024.0,0.0,3.3333333333333335,4.707017544,2.51,6.875,6.1175,10.0,5.228470175466667,Quartzo,0,-3.8666666666666667,-3.3929824559999995,-1.426729824533333
RA-633,3P,13.0,Feminino,2021,Pública,Quartzo,5.228470175466667,4.584,4.707017544,2.51,6.875,3.3333333333333335,4.0,6.0,0.0,6.1175,10.0,Fase 3 (7° e 8° ano),0,2024,3,3,Em fase / adiantado,0,10.0,True,,,,,,,,,,,,,,
RA-634,1,11.0,Menina,2022,Escola Pública,Ametista,7.619,9.5,9.4,7.5,,6.5,8.0,5.0,,8.222,5.0,Fase 2 (5º e 6º ano),-1,2022,1,0,Defasagem moderada,1,5.0,True,,,,,,,,,,,,,,
RA-635,1,10.0,Menino,2022,Escola Pública,Quartzo,5.313,10.0,4.9,6.9,,1.5,0.5,2.5,,6.444,5.0,Fase 2 (5º e 6º ano),-1,2022,1,0,Defasagem moderada,1,5.0,True,,,,,,,,,,,,,,
RA-636,1,10.0,Menino,2022,Escola Pública,Ametista,7.189,8.5,8.0,6.9,,7.3,7.3,7.3,,7.389,5.0,Fase 2 (5º e 6º ano),-1,2022,1,0,Defasagem moderada,1,5.0,True,2023.0,-1.0,9.0,8.3,5.64,8.333333333,7.446666667,5.0,6.836666667,Ágata,1,1.7000000000000002,0.3000000000000007,-0.3523333329999998
RA-636,FASE 1,11.0,Masculino,2022,Pública,Ágata,6.836666667,0.0,8.3,5.64,8.333333333,9.0,9.2,8.7,,7.446666667,5.0,Fase 2 (5° e 6° ano),-1,2023,1,1,Defasagem moderada,1,5.0,True,2024.0,0.0,5.25,4.9043062200000005,7.51,6.875,5.553333333,10.0,6.3802279106,Ágata,0,-3.75,-3.39569378,-0.45643875639999987
RA-636,2P,12.0,Masculino,2022,Pública,Ágata,6.3802279106,8.002,4.9043062200000005,7.51,6.875,5.25,4.0,6.5,,5.553333333,10.0,Fase 2 (5° e 6° ano),0,2024,2,2,Em fase / adiantado,0,10.0,True,,,,,,,,,,,,,,
RA-637,1,10.0,Menina,2021,Escola Pública,Ametista,7.039,8.5,9.0,7.5,,5.8,4.8,6.8,,7.0,5.0,Fase 2 (5º e 6º ano),-1,2022,1,1,Defasagem moderada,1,5.0,True,2023.0,-1.0,8.5,9.5,7.52,8.333333333,8.17,5.0,8.109533333,Topázio,1,2.7,0.5,1.0705333330000002
RA-637,FASE 1,11.0,Feminino,2021,Pública,Topázio,8.109533333,8.0,9.5,7.52,8.333333333,8.5,8.7,8.2,,8.17,5.0,Fase 2 (5° e 6° ano),-1,2023,1,2,Defasagem moderada,1,5.0,True,2024.0,0.0,7.75,6.2272727275,7.51,8.333333333,7.776666667,10.0,7.6853212122,Ametista,0,-0.75,-3.2727272725,-0.42421212080000004
RA-637,2P,12.0,Feminino,2021,Pública,Ametista,7.6853212122,7.502,6.2272727275,7.51,8.333333333,7.75,6.5,9.0,,7.776666667,10.0,Fase 2 (5° e 6° ano),0,2024,2,3,Em fase / adiantado,0,10.0,True,,,,,,,,,,,,,,
RA-638,1,9.0,Menina,2020,Escola Pública,Ametista,7.059,8.5,9.3,7.5,,3.9,2.0,5.8,,6.278,10.0,Fase 1 (4º ano),0,2022,1,2,Em fase / adiantado,0,10.0,True,2023.0,-1.0,6.5,9.4,7.52,8.333333333,7.946666667,5.0,7.754866667,Ametista,1,2.6,0.09999999999999964,0.6958666669999998
RA-638,FASE 1,,Feminino,2020,Pública,Ametista,7.754866667,9.0,9.4,7.52,8.333333333,6.5,6.8,6.2,,7.946666667,5.0,Fase 2 (5° e 6° ano),-1,2023,1,3,Defasagem moderada,1,5.0,True,2024.0,0.0,5.0,5.7272727275,7.51,8.125,5.936666667,10.0,6.7464878789,Ágata,0,-1.5,-3.6727272725000004,-1.0083787881
RA-638,2P,11.0,Feminino,2021,Pública,Ágata,6.7464878789,8.502,5.7272727275,7.51,8.125,5.0,4.0,6.0,,5.936666667,10.0,Fase 2 (5° e 6° ano),0,2024,2,3,Em fase / adiantado,0,10.0,True,,,,,,,,,,,,,,
RA-639,1,10.0,Menina,2021,Escola Pública,Ágata,6.613,8.5,7.4,7.5,,5.5,3.2,7.8,,6.611,5.0,Fase 2 (5º e 6º ano),-1,2022,1,1,Defasagem moderada,1,5.0,True,2023.0,0.0,6.3,8.1,6.27,8.125,7.62,10.0,7.5853,Ametista,0,0.7999999999999998,0.6999999999999993,0.9722999999999997
RA-639,FASE 2,11.0,Feminino,2021,Pública,Ametista,7.5853,7.4,8.1,6.27,8.125,6.3,4.8,7.8,,7.62,10.0,Fase 2 (5° e 6° ano),0,2023,2,2,Em fase / adiantado,0,10.0,True,2024.0,0.0,3.8333333333333335,5.278195488666667,2.51,6.71875,6.1625,10.0,5.7693807644,Quartzo,0,-2.4666666666666663,-2.8218045113333323,-1.8159192356
RA-639,3P,12.0,Feminino,2021,Pública,Quartzo,5.7693807644,7.917,5.278195488666667,2.51,6.71875,3.8333333333333335,1.0,4.5,6.0,6.1625,10.0,Fase 3 (7° e 8° ano),0,2024,3,3,Em fase / adiantado,0,10.0,True,,,,,,,,,,,,,,
RA-64,5,16.0,Menino,2019,Escola Pública,Ametista,7.368,7.1,8.1,8.1,,7.5,4.8,8.2,9.4,8.25,5.0,Fase 6 (2º EM),-1,2022,5,3,Defasagem moderada,1,5.0,True,2023.0,-1.0,6.7,9.2,6.89,7.34375,7.9625,5.0,7.452541667,Ametista,1,-0.7999999999999998,1.0999999999999996,0.08454166699999988
RA-64,FASE 6,,Feminino,2019,Privada - Programa de Apadrinhamento,Ametista,7.452541667,7.5,9.2,6.89,7.34375,6.7,7.0,6.0,7.2,7.9625,5.0,Fase 7 (3° EM),-1,2023,6,4,Defasagem moderada,1,5.0,True,2024.0,0.0,8.166666666666666,8.980785296666667,8.135,8.4375,8.283333333,10.0,8.743607059266667,Topázio,0,1.466666666666666,-0.21921470333333204,1.2910653922666668
RA-64,7A,18.0,Feminino,2021,Privada - Programa de Apadrinhamento,Topázio,8.743607059266667,10.002,8.980785296666667,8.135,8.4375,8.166666666666666,8.0,6.5,10.0,8.283333333,10.0,Fase 7 (3° EM),0,2024,7,3,Em fase / adiantado,0,10.0,True,,,,,,,,,,,,,,
RA-640,1,11.0,Menina,2022,Escola Pública,Ágata,6.73,9.0,8.4,7.5,,4.8,2.5,7.0,,6.778,5.0,Fase 2 (5º e 6º ano),-1,2022,1,0,Defasagem moderada,1,5.0,True,2023.0,-2.0,4.9,7.3,7.52,7.291666667,8.446666667,5.0,6.1105,Ágata,1,0.10000000000000053,-1.1000000000000005,-0.6195000000000004
RA-640,FASE 1,12.0,Feminino,2022,Pública,Ágata,6.1105,0.0,7.3,7.52,7.291666667,4.9,4.0,5.8,,8.446666667,5.0,Fase 3 (7° e 8° ano),-2,2023,1,1,Defasagem moderada,1,5.0,True,,,,,,,,,,,,,,
RA-641,1,9.0,Menina,2022,Escola Pública,Ametista,7.776,9.0,9.3,7.5,,6.5,4.5,8.5,,6.778,10.0,Fase 1 (4º ano),0,2022,1,0,Em fase / adiantado,0,10.0,True,,,,,,,,,,,,,,
RA-642,1,10.0,Menina,2021,Escola Pública,Ametista,7.75,10.0,9.7,6.9,,7.3,7.0,7.7,,7.778,5.0,Fase 2 (5º e 6º ano),-1,2022,1,1,Defasagem moderada,1,5.0,True,2023.0,0.0,6.5,9.2,6.27,8.75,9.173333333,10.0,8.416866667,Topázio,0,-0.7999999999999998,-0.5,0.6668666670000007
RA-642,FASE 2,,Feminino,2021,Pública,Topázio,8.416866667,9.5,9.2,6.27,8.75,6.5,5.7,7.2,,9.173333333,10.0,Fase 2 (5° e 6° ano),0,2023,2,2,Em fase / adiantado,0,10.0,True,2024.0,0.0,4.0,9.149206349333333,3.76,7.1875,6.9975,10.0,7.082591269866667,Ametista,0,-2.5,-0.05079365066666597,-1.334275397133334
RA-642,3P,12.0,Feminino,2021,Pública,Ametista,7.082591269866667,9.585,9.149206349333333,3.76,7.1875,4.0,2.0,5.0,5.0,6.9975,10.0,Fase 3 (7° e 8° ano),0,2024,3,3,Em fase / adiantado,0,10.0,True,,,,,,,,,,,,,,
RA-643,1,10.0,Menino,2022,Escola Pública,Ágata,6.763,9.0,8.0,7.5,,6.2,6.3,6.0,,6.722,5.0,Fase 2 (5º e 6º ano),-1,2022,1,0,Defasagem moderada,1,5.0,True,2023.0,-1.0,7.1,8.2,7.52,6.041666667,7.613333333,5.0,7.389033333,Ametista,1,0.8999999999999995,0.1999999999999993,0.6260333330000005
RA-643,FASE 1,,Masculino,2022,Pública,Ametista,7.389033333,9.5,8.2,7.52,6.041666667,7.1,7.0,7.2,,7.613333333,5.0,Fase 2 (5° e 6° ano),-1,2023,1,1,Defasagem moderada,1,5.0,True,2024.0,-1.0,4.5,6.8660287085,7.51,8.125,5.826666667,5.0,6.402239075100001,Ágata,1,-2.5999999999999996,-1.3339712914999993,-0.9867942578999997
RA-643,2P,12.0,Masculino,2022,Pública,Ágata,6.402239075100001,9.002,6.8660287085,7.51,8.125,4.5,3.0,6.0,,5.826666667,5.0,Fase 3 (7° e 8° ano),-1,2024,2,2,Defasagem moderada,1,5.0,True,,,,,,,,,,,,,,
RA-644,1,11.0,Menina,2021,Escola Pública,Ametista,7.83,9.5,8.0,7.5,,8.8,9.7,8.0,,8.278,5.0,Fase 2 (5º e 6º ano),-1,2022,1,1,Defasagem moderada,1,5.0,True,2023.0,-1.0,5.9,5.6,7.52,8.541666667,7.503333333,5.0,6.897033333,Ágata,1,-2.9000000000000004,-2.4000000000000004,-0.9329666669999996
RA-644,FASE 2,,Feminino,2021,Pública,Ágata,6.897033333,10.0,5.6,7.52,8.541666667,5.9,4.0,7.7,,7.503333333,5.0,Fase 3 (7° e 8° ano),-1,2023,2,2,Defasagem moderada,1,5.0,True,,,,,,,,,,,,,,
RA-645,1,10.0,Menina,2022,Escola Pública,Ágata,6.086,8.5,8.1,7.5,,2.0,4.0,0.0,,6.833,5.0,Fase 2 (5º e 6º ano),-1,2022,1,0,Defasagem moderada,1,5.0,True,2023.0,-1.0,7.3,8.5,6.27,8.125,8.116666667,5.0,7.613033333,Ametista,1,5.3,0.40000000000000036,1.5270333329999994
RA-645,FASE 1,11.0,Feminino,2022,Pública,Ametista,7.613033333,9.0,8.5,6.27,8.125,7.3,6.5,8.0,,8.116666667,5.0,Fase 2 (5° e 6° ano),-1,2023,1,1,Defasagem moderada,1,5.0,True,2024.0,0.0,5.25,8.3863636365,7.51,7.708333333,7.556666667,10.0,7.502239394,Ametista,0,-2.05,-0.1136363634999995,-0.11079393899999967
RA-645,2P,12.0,Feminino,2022,Pública,Ametista,7.502239394,7.418,8.3863636365,7.51,7.708333333,5.25,3.0,7.5,,7.556666667,10.0,Fase 2 (5° e 6° ano),0,2024,2,2,Em fase / adiantado,0,10.0,True,,,,,,,,,,,,,,
RA-646,1,13.0,Menino,2019,Escola Pública,Topázio,8.181,8.5,9.8,8.1,,8.4,8.8,8.0,,8.389,5.0,Fase 3 (7º e 8º ano),-2,2022,1,3,Defasagem moderada,1,5.0,True,2023.0,-1.0,8.4,8.9,7.52,8.958333333,8.783333333,5.0,8.3547,Topázio,1,0.0,-0.9000000000000004,0.1737000000000002
RA-646,FASE 2,13.0,Masculino,2019,Pública,Topázio,8.3547,10.0,8.9,7.52,8.958333333,8.4,8.2,8.5,,8.783333333,5.0,Fase 3 (7° e 8° ano),-1,2023,2,4,Defasagem moderada,1,5.0,True,2024.0,-1.0,6.166666666666667,9.266666666666667,7.51,8.28125,7.7475,5.0,7.715491666666668,Ametista,1,-2.2333333333333334,0.36666666666666714,-0.6392083333333316
RA-646,3P,14.0,Masculino,2021,Pública,Ametista,7.715491666666668,10.002,9.266666666666667,7.51,8.28125,6.166666666666667,9.0,4.5,5.0,7.7475,5.0,Fase 4 (9° ano),-1,2024,3,3,Defasagem moderada,1,5.0,True,,,,,,,,,,,,,,
RA-647,1,10.0,Menino,2022,Escola Pública,Ágata,6.606,9.5,8.6,7.5,,3.3,1.5,5.2,,7.278,5.0,Fase 2 (5º e 6º ano),-1,2022,1,0,Defasagem moderada,1,5.0,True,2023.0,-1.0,5.2,8.7,6.27,7.708333333,8.446666667,5.0,7.100566667,Ametista,1,1.9000000000000004,0.09999999999999964,0.49456666699999996
RA-647,FASE 1,,Feminino,2022,Privada - Programa de Apadrinhamento,Ametista,7.100566667,7.3,8.7,6.27,7.708333333,5.2,4.7,5.7,,8.446666667,5.0,Fase 2 (5° e 6° ano),-1,2023,1,1,Defasagem moderada,1,5.0,True,,,,,,,,,,,,,,
RA-648,1,12.0,Menino,2019,Escola Pública,Ágata,6.736,9.0,7.5,6.9,,5.3,5.0,5.5,,7.5,5.0,Fase 3 (7º e 8º ano),-2,2022,1,3,Defasagem moderada,1,5.0,True,,,,,,,,,,,,,,
RA-649,1,12.0,Menina,2019,Escola Pública,Ametista,7.302,8.5,8.9,5.6,,7.4,6.3,8.5,,7.611,5.0,Fase 3 (7º e 8º ano),-2,2022,1,3,Defasagem moderada,1,5.0,True,2023.0,-1.0,6.5,9.3,3.77,8.75,8.836666667,5.0,7.579533333,Ametista,1,-0.9000000000000004,0.40000000000000036,0.27753333300000005
RA-649,FASE 2,,Feminino,2019,Pública,Ametista,7.579533333,9.0,9.3,3.77,8.75,6.5,3.8,9.2,,8.836666667,5.0,Fase 3 (7° e 8° ano),-1,2023,2,4,Defasagem moderada,1,5.0,True,2024.0,0.0,3.6666666666666665,6.004481792666667,8.76,8.333333333,7.333333333,10.0,6.985329691766667,Ágata,0,-2.8333333333333335,-3.295518207333334,-0.5942036412333325
RA-649,3R,14.0,Feminino,2021,Pública,Ágata,6.985329691766667,8.751,6.004481792666667,8.76,8.333333333,3.6666666666666665,5.5,4.0,1.5,7.333333333,10.0,Fase 3 (7° e 8° ano),0,2024,3,3,Em fase / adiantado,0,10.0,True,,,,,,,,,,,,,,
RA-65,5,17.0,Menina,2022,Escola Pública,Ametista,7.712,8.3,7.7,7.5,,9.3,9.0,9.5,9.5,7.875,5.0,Fase 7 (3º EM),-2,2022,5,0,Defasagem moderada,1,5.0,True,,,,,,,,,,,,,,
RA-650,1,11.0,Menina,2021,Escola Pública,Ágata,7.004,6.9,8.7,5.6,,6.9,5.5,8.3,,7.5,5.0,Fase 2 (5º e 6º ano),-1,2022,1,1,Defasagem moderada,1,5.0,True,,,,,,,,,,,,,,
RA-651,1,10.0,Menina,2022,Escola Pública,Ametista,7.866,8.5,9.3,7.5,,7.8,7.7,7.8,,8.333,5.0,Fase 2 (5º e 6º ano),-1,2022,1,0,Defasagem moderada,1,5.0,True,2023.0,0.0,9.3,8.2,3.77,8.75,7.95,10.0,7.332,Ametista,0,1.5000000000000009,-1.1000000000000014,-0.5339999999999998
RA-651,FASE 2,,Feminino,2022,Pública,Ametista,7.332,0.0,8.2,3.77,8.75,9.3,9.8,8.7,,7.95,10.0,Fase 2 (5° e 6° ano),0,2023,2,1,Em fase / adiantado,0,10.0,True,2024.0,1.0,7.5,10.0,7.51,8.541666667,8.336666667,10.0,8.689300000100001,Topázio,0,-1.8000000000000007,1.8000000000000007,1.3573000001000013
RA-651,3K,12.0,Feminino,2022,Pública,Topázio,8.689300000100001,9.168,10.0,7.51,8.541666667,7.5,10.0,6.0,6.5,8.336666667,10.0,Fase 2 (5° e 6° ano),1,2024,3,2,Em fase / adiantado,0,10.0,True,,,,,,,,,,,,,,
RA-652,1,9.0,Menina,2022,Escola Pública,Topázio,8.151,8.0,9.6,7.5,,7.8,7.0,8.5,,7.5,10.0,Fase 1 (4º ano),0,2022,1,0,Em fase / adiantado,0,10.0,True,2023.0,-1.0,7.0,9.4,6.89,8.125,8.446666667,5.0,7.871033333,Ametista,1,-0.7999999999999998,-0.1999999999999993,-0.27996666700000006
RA-652,FASE 1,,Feminino,2022,Pública,Ametista,7.871033333,9.0,9.4,6.89,8.125,7.0,6.2,7.8,,8.446666667,5.0,Fase 2 (5° e 6° ano),-1,2023,1,1,Defasagem moderada,1,5.0,True,2024.0,0.0,5.5,6.931818182000001,7.51,7.916666667,7.663333333,10.0,7.361896969700001,Ametista,0,-1.5,-2.4681818179999997,-0.5091363632999988
RA-652,2P,11.0,Feminino,2022,Pública,Ametista,7.361896969700001,8.002,6.931818182000001,7.51,7.916666667,5.5,4.5,6.5,,7.663333333,10.0,Fase 2 (5° e 6° ano),0,2024,2,2,Em fase / adiantado,0,10.0,True,,,,,,,,,,,,,,
RA-653,1,11.0,Menina,2022,Escola Pública,Topázio,8.101,9.5,9.6,7.5,,9.3,9.5,9.0,,7.5,5.0,Fase 2 (5º e 6º ano),-1,2022,1,0,Defasagem moderada,1,5.0,True,2023.0,-1.0,7.9,9.8,6.27,9.166666667,9.06,5.0,7.385666667,Ametista,1,-1.4000000000000004,0.20000000000000107,-0.7153333330000011
RA-653,FASE 2,12.0,Feminino,2022,Pública,Ametista,7.385666667,0.0,9.8,6.27,9.166666667,7.9,7.7,8.0,,9.06,5.0,Fase 3 (7° e 8° ano),-1,2023,2,1,Defasagem moderada,1,5.0,True,2024.0,0.0,5.166666666666667,9.537254901999999,8.76,8.333333333,7.89,10.0,8.103217647033333,Topázio,0,-2.7333333333333334,-0.2627450980000017,0.7175509800333328
RA-653,3R,13.0,Feminino,2022,Pública,Topázio,8.103217647033333,8.751,9.537254901999999,8.76,8.333333333,5.166666666666667,6.5,4.5,4.5,7.89,10.0,Fase 3 (7° e 8° ano),0,2024,3,2,Em fase / adiantado,0,10.0,True,,,,,,,,,,,,,,
RA-654,1,12.0,Menina,2022,Escola Pública,Ametista,7.308,8.5,8.6,7.5,,6.8,5.5,8.0,,7.556,5.0,Fase 3 (7º e 8º ano),-2,2022,1,0,Defasagem moderada,1,5.0,True,,,,,,,,,,,,,,
RA-655,1,12.0,Menina,2019,Escola Pública,Ametista,7.785,7.5,9.2,7.5,,8.3,8.3,8.2,,8.389,5.0,Fase 3 (7º e 8º ano),-2,2022,1,3,Defasagem moderada,1,5.0,True,2023.0,-1.0,8.3,9.9,7.52,9.166666667,8.896666667,5.0,8.3198,Topázio,1,0.0,0.7000000000000011,0.5348000000000006
RA-655,FASE 2,13.0,Feminino,2019,Pública,Topázio,8.3198,7.4,9.9,7.52,9.166666667,8.3,7.2,9.3,,8.896666667,5.0,Fase 3 (7° e 8° ano),-1,2023,2,4,Defasagem moderada,1,5.0,True,2024.0,0.0,6.833333333333333,10.0,8.76,8.125,7.166666667,10.0,8.238600000066668,Topázio,0,-1.4666666666666677,0.09999999999999964,-0.08119999993333238
RA-655,3R,14.0,Feminino,2021,Pública,Topázio,8.238600000066668,7.501,10.0,8.76,8.125,6.833333333333333,8.0,4.0,8.5,7.166666667,10.0,Fase 3 (7° e 8° ano),0,2024,3,3,Em fase / adiantado,0,10.0,True,,,,,,,,,,,,,,
RA-656,1,11.0,Menina,2020,Escola Pública,Ágata,6.652,7.4,7.5,5.6,,6.3,5.0,7.5,,7.5,5.0,Fase 2 (5º e 6º ano),-1,2022,1,2,Defasagem moderada,1,5.0,True,2023.0,-1.0,7.3,8.9,7.52,8.541666667,7.173333333,5.0,6.780833333,Ágata,1,1.0,1.4000000000000004,0.12883333300000022
RA-656,FASE 2,12.0,Feminino,2020,Pública,Ágata,6.780833333,0.0,8.9,7.52,8.541666667,7.3,5.8,8.8,,7.173333333,5.0,Fase 3 (7° e 8° ano),-1,2023,2,3,Defasagem moderada,1,5.0,True,2024.0,0.0,4.166666666666667,5.978431372666667,7.51,7.5,6.106666667,10.0,6.668152941266667,Ágata,0,-3.133333333333333,-2.9215686273333334,-0.112680391733333
RA-656,3R,13.0,Feminino,2021,Pública,Ágata,6.668152941266667,9.168,5.978431372666667,7.51,7.5,4.166666666666667,5.0,3.5,4.0,6.106666667,10.0,Fase 3 (7° e 8° ano),0,2024,3,3,Em fase / adiantado,0,10.0,True,,,,,,,,,,,,,,
RA-657,1,12.0,Menina,2021,Escola Pública,Topázio,8.093,9.5,9.8,7.5,,9.0,9.0,9.0,,7.5,5.0,Fase 3 (7º e 8º ano),-2,2022,1,1,Defasagem moderada,1,5.0,True,2023.0,-1.0,8.2,10.0,7.52,8.75,8.73,5.0,8.3532,Topázio,1,-0.8000000000000007,0.1999999999999993,0.2601999999999993
RA-657,FASE 2,,Feminino,2021,Pública,Topázio,8.3532,8.5,10.0,7.52,8.75,8.2,7.0,9.3,,8.73,5.0,Fase 3 (7° e 8° ano),-1,2023,2,2,Defasagem moderada,1,5.0,True,2024.0,0.0,7.5,9.6,6.885,8.125,7.056666667,10.0,8.207433333400001,Topázio,0,-0.6999999999999993,-0.40000000000000036,-0.14576666659999837
RA-657,3R,13.0,Feminino,2021,Pública,Topázio,8.207433333400001,8.751,9.6,6.885,8.125,7.5,8.0,4.5,10.0,7.056666667,10.0,Fase 3 (7° e 8° ano),0,2024,3,3,Em fase / adiantado,0,10.0,True,,,,,,,,,,,,,,
RA-658,1,10.0,Menina,2022,Escola Pública,Ametista,7.407,10.0,9.3,7.5,,5.6,4.7,6.5,,7.917,5.0,Fase 2 (5º e 6º ano),-1,2022,1,0,Defasagem moderada,1,5.0,True,2023.0,0.0,6.1,9.5,7.52,7.916666667,9.173333333,10.0,8.438533333,Topázio,0,0.5,0.1999999999999993,1.0315333330000005
RA-658,FASE 2,10.0,Feminino,2022,Pública,Topázio,8.438533333,9.5,9.5,7.52,7.916666667,6.1,5.3,6.8,,9.173333333,10.0,Fase 2 (5° e 6° ano),0,2023,2,1,Em fase / adiantado,0,10.0,True,2024.0,1.0,3.6666666666666665,10.0,8.135,7.375,6.738,10.0,7.507033333333333,Ametista,0,-2.433333333333333,0.5,-0.9314999996666673
RA-658,3M,12.0,Feminino,2022,Pública,Ametista,7.507033333333333,8.751,10.0,8.135,7.375,3.6666666666666665,5.5,2.5,3.0,6.738,10.0,Fase 2 (5° e 6° ano),1,2024,3,2,Em fase / adiantado,0,10.0,True,,,,,,,,,,,,,,
RA-659,1,10.0,Menina,2022,Escola Pública,Ametista,7.783,8.0,7.8,7.5,,9.3,9.5,9.0,,8.333,5.0,Fase 2 (5º e 6º ano),-1,2022,1,0,Defasagem moderada,1,5.0,True,,,,,,,,,,,,,,
RA-66,5,17.0,Menina,2022,Escola Pública,Quartzo,5.665,7.5,5.6,7.5,,4.5,3.0,6.0,,5.917,5.0,Fase 7 (3º EM),-2,2022,5,0,Defasagem moderada,1,5.0,True,,,,,,,,,,,,,,
RA-660,1,9.0,Menina,2021,Escola Pública,Topázio,8.363,9.5,9.0,7.5,,6.9,5.8,8.0,,9.083,10.0,Fase 1 (4º ano),0,2022,1,1,Em fase / adiantado,0,10.0,True,,,,,,,,,,,,,,
RA-661,1,11.0,Menino,2022,Escola Pública,Ametista,7.593,9.0,8.3,7.5,,7.8,8.3,7.3,,7.917,5.0,Fase 2 (5º e 6º ano),-1,2022,1,0,Defasagem moderada,1,5.0,True,2023.0,0.0,6.5,7.7,6.89,7.5,7.836666667,10.0,6.846333333,Ágata,0,-1.2999999999999998,-0.6000000000000005,-0.7466666670000004
RA-661,FASE 2,,Masculino,2022,Pública,Ágata,6.846333333,0.0,7.7,6.89,7.5,6.5,4.3,8.7,,7.836666667,10.0,Fase 2 (5° e 6° ano),0,2023,2,1,Em fase / adiantado,0,10.0,True,,,,,,,,,,,,,,
RA-662,1,11.0,Menina,2022,Escola Pública,Ametista,7.044,9.0,8.8,7.5,,6.8,5.7,7.8,,6.083,5.0,Fase 2 (5º e 6º ano),-1,2022,1,0,Defasagem moderada,1,5.0,True,2023.0,-1.0,6.7,7.6,6.27,7.291666667,6.72,5.0,6.733566667,Ágata,1,-0.09999999999999964,-1.200000000000001,-0.31043333299999976
RA-662,FASE 2,12.0,Feminino,2022,Pública,Ágata,6.733566667,6.8,7.6,6.27,7.291666667,6.7,4.3,9.0,,6.72,5.0,Fase 3 (7° e 8° ano),-1,2023,2,1,Defasagem moderada,1,5.0,True,2024.0,0.0,4.166666666666667,7.6107226106666666,7.51,7.625,7.234,10.0,7.1074778554666675,Ametista,0,-2.533333333333333,0.01072261066666691,0.3739111884666677
RA-662,3M,13.0,Feminino,2022,Pública,Ametista,7.1074778554666675,7.917,7.6107226106666666,7.51,7.625,4.166666666666667,4.5,5.0,3.0,7.234,10.0,Fase 3 (7° e 8° ano),0,2024,3,2,Em fase / adiantado,0,10.0,True,,,,,,,,,,,,,,
RA-663,1,10.0,Menino,2022,Escola Pública,Ágata,6.376,6.9,8.7,7.5,,5.8,5.0,6.5,,5.25,5.0,Fase 2 (5º e 6º ano),-1,2022,1,0,Defasagem moderada,1,5.0,True,2023.0,-1.0,7.0,7.4,7.52,6.666666667,7.393333333,5.0,6.969133333,Ágata,1,1.2000000000000002,-1.299999999999999,0.5931333329999999
RA-663,FASE 1,11.0,Masculino,2022,Pública,Ágata,6.969133333,6.9,7.4,7.52,6.666666667,7.0,6.7,7.3,,7.393333333,5.0,Fase 2 (5° e 6° ano),-1,2023,1,1,Defasagem moderada,1,5.0,True,2024.0,-1.0,6.5,7.0910973085,5.625,6.875,6.89,5.0,6.696419461700001,Ágata,1,-0.5,-0.30890269150000016,-0.2727138712999997
RA-663,2L,12.0,Masculino,2022,Pública,Ágata,6.696419461700001,8.502,7.0910973085,5.625,6.875,6.5,6.0,7.0,,6.89,5.0,Fase 3 (7° e 8° ano),-1,2024,2,2,Defasagem moderada,1,5.0,True,,,,,,,,,,,,,,
RA-664,1,10.0,Menina,2022,Escola Pública,Ametista,7.277,9.5,8.8,7.5,,6.3,5.0,7.5,,7.167,5.0,Fase 2 (5º e 6º ano),-1,2022,1,0,Defasagem moderada,1,5.0,True,2023.0,-1.0,8.0,9.6,7.52,7.916666667,8.116666667,5.0,8.0872,Topázio,1,1.7000000000000002,0.7999999999999989,0.8101999999999991
RA-664,FASE 1,11.0,Feminino,2022,Pública,Topázio,8.0872,9.0,9.6,7.52,7.916666667,8.0,8.0,8.0,,8.116666667,5.0,Fase 2 (5° e 6° ano),-1,2023,1,1,Defasagem moderada,1,5.0,True,2024.0,0.0,5.75,6.7734553775,7.51,8.125,7.666666667,10.0,7.5017244089,Ametista,0,-2.25,-2.8265446224999993,-0.5854755910999989
RA-664,2N,12.0,Feminino,2022,Pública,Ametista,7.5017244089,9.002,6.7734553775,7.51,8.125,5.75,3.0,8.5,,7.666666667,10.0,Fase 2 (5° e 6° ano),0,2024,2,2,Em fase / adiantado,0,10.0,True,,,,,,,,,,,,,,
RA-665,1,11.0,Menina,2022,Escola Pública,Ágata,6.996,9.0,7.4,7.5,,6.8,6.5,7.0,,7.25,5.0,Fase 2 (5º e 6º ano),-1,2022,1,0,Defasagem moderada,1,5.0,True,2023.0,-1.0,5.2,4.9,2.52,8.28125,8.226666667,5.0,6.185658333,Ágata,1,-1.5999999999999996,-2.5,-0.8103416670000003
RA-665,FASE 1,,Feminino,2022,Pública,Ágata,6.185658333,9.5,4.9,2.52,8.28125,5.2,5.0,5.3,,8.226666667,5.0,Fase 2 (5° e 6° ano),-1,2023,1,1,Defasagem moderada,1,5.0,True,2024.0,-1.0,4.75,5.068181818,5.63,7.5,5.443333333,5.0,5.698703030200001,Quartzo,1,-0.4500000000000002,0.16818181799999987,-0.4869553027999993
RA-665,2M,12.0,Feminino,2022,Pública,Quartzo,5.698703030200001,8.334,5.068181818,5.63,7.5,4.75,3.0,6.5,,5.443333333,5.0,Fase 3 (7° e 8° ano),-1,2024,2,2,Defasagem moderada,1,5.0,True,,,,,,,,,,,,,,
RA-666,1,10.0,Menino,2022,Escola Pública,Ametista,7.929,9.5,9.1,7.5,,7.8,8.0,7.5,,8.833,5.0,Fase 2 (5º e 6º ano),-1,2022,1,0,Defasagem moderada,1,5.0,True,2023.0,0.0,7.1,9.1,7.52,8.541666667,9.62,10.0,8.720366667,Topázio,0,-0.7000000000000002,0.0,0.7913666670000001
RA-666,FASE 2,,Masculino,2022,Pública,Topázio,8.720366667,9.5,9.1,7.52,8.541666667,7.1,6.7,7.5,,9.62,10.0,Fase 2 (5° e 6° ano),0,2023,2,1,Em fase / adiantado,0,10.0,True,2024.0,0.0,7.166666666666667,7.881527348,7.51,7.5,8.375,10.0,8.185838802933334,Topázio,0,0.06666666666666732,-1.218472652,-0.534527864066666
RA-666,3L,12.0,Masculino,2022,Pública,Topázio,8.185838802933334,10.002,7.881527348,7.51,7.5,7.166666666666667,10.0,5.5,6.0,8.375,10.0,Fase 3 (7° e 8° ano),0,2024,3,2,Em fase / adiantado,0,10.0,True,,,,,,,,,,,,,,
RA-667,1,11.0,Menino,2021,Escola Pública,Quartzo,5.844,8.5,5.6,7.5,,4.5,3.7,5.3,,5.833,5.0,Fase 2 (5º e 6º ano),-1,2022,1,1,Defasagem moderada,1,5.0,True,2023.0,-1.0,5.2,6.9,6.89,7.083333333,7.836666667,5.0,6.774866667,Ágata,1,0.7000000000000002,1.3000000000000007,0.9308666670000001
RA-667,FASE 2,12.0,Masculino,2021,Pública,Ágata,6.774866667,9.0,6.9,6.89,7.083333333,5.2,3.0,7.3,,7.836666667,5.0,Fase 3 (7° e 8° ano),-1,2023,2,2,Defasagem moderada,1,5.0,True,2024.0,0.0,4.666666666666667,7.038986354666666,7.51,7.75,6.966,10.0,7.177130604266668,Ametista,0,-0.5333333333333332,0.13898635466666587,0.4022639372666674
RA-667,3M,13.0,Masculino,2021,Pública,Ametista,7.177130604266668,9.168,7.038986354666666,7.51,7.75,4.666666666666667,5.5,4.5,4.0,6.966,10.0,Fase 3 (7° e 8° ano),0,2024,3,3,Em fase / adiantado,0,10.0,True,,,,,,,,,,,,,,
RA-668,1,11.0,Menino,2022,Escola Pública,Quartzo,4.365,6.9,3.3,7.5,,2.8,2.8,2.8,,3.75,5.0,Fase 2 (5º e 6º ano),-1,2022,1,0,Defasagem moderada,1,5.0,True,2023.0,-1.0,3.4,6.3,7.52,6.875,7.616666667,5.0,6.017933333,Ágata,1,0.6000000000000001,3.0,1.652933333
RA-668,FASE 2,12.0,Masculino,2022,Pública,Ágata,6.017933333,6.3,6.3,7.52,6.875,3.4,2.7,4.0,,7.616666667,5.0,Fase 3 (7° e 8° ano),-1,2023,2,1,Defasagem moderada,1,5.0,True,,,,,,,,,,,,,,
RA-669,1,11.0,Menino,2022,Escola Pública,Ametista,7.475,9.0,9.7,7.5,,6.0,5.0,7.0,,7.833,5.0,Fase 2 (5º e 6º ano),-1,2022,1,0,Defasagem moderada,1,5.0,True,2023.0,0.0,5.0,7.8,7.52,7.708333333,7.06,10.0,7.345033333,Ametista,0,-1.0,-1.8999999999999995,-0.1299666669999997
RA-669,FASE 2,11.0,Masculino,2022,Pública,Ametista,7.345033333,8.5,7.8,7.52,7.708333333,5.0,3.3,6.7,,7.06,10.0,Fase 2 (5° e 6° ano),0,2023,2,1,Em fase / adiantado,0,10.0,True,2024.0,0.0,5.333333333333333,4.851851851666666,7.51,7.291666667,6.883333333,10.0,6.6438703703,Ágata,0,0.33333333333333304,-2.948148148333334,-0.7011629626999998
RA-669,3K,12.0,Masculino,2022,Pública,Ágata,6.6438703703,7.5,4.851851851666666,7.51,7.291666667,5.333333333333333,5.0,6.0,5.0,6.883333333,10.0,Fase 3 (7° e 8° ano),0,2024,3,2,Em fase / adiantado,0,10.0,True,,,,,,,,,,,,,,
RA-67,5,16.0,Menina,2019,Escola Pública,Quartzo,5.195,5.8,3.0,7.5,,3.6,3.0,4.2,3.5,6.889,5.0,Fase 6 (2º EM),-1,2022,5,3,Defasagem moderada,1,5.0,True,,,,,,,,,,,,,,
RA-670,1,10.0,Menina,2022,Escola Pública,Ametista,7.451,8.0,8.8,7.5,,6.9,6.5,7.3,,8.167,5.0,Fase 2 (5º e 6º ano),-1,2022,1,0,Defasagem moderada,1,5.0,True,2023.0,0.0,7.0,8.7,7.52,8.958333333,9.343333333,10.0,8.6067,Topázio,0,0.09999999999999964,-0.10000000000000142,1.1557000000000004
RA-670,FASE 2,,Feminino,2022,Pública,Topázio,8.6067,9.5,8.7,7.52,8.958333333,7.0,5.8,8.2,,9.343333333,10.0,Fase 2 (5° e 6° ano),0,2023,2,1,Em fase / adiantado,0,10.0,True,2024.0,1.0,8.666666666666666,9.441269841333334,7.51,8.958333333,8.166666667,10.0,8.8602539683,Topázio,0,1.666666666666666,0.7412698413333345,0.2535539683000003
RA-670,3U,12.0,Feminino,2022,Privada - Programa de Apadrinhamento,Topázio,8.8602539683,9.585,9.441269841333334,7.51,8.958333333,8.666666666666666,9.0,7.0,10.0,8.166666667,10.0,Fase 2 (5° e 6° ano),1,2024,3,2,Em fase / adiantado,0,10.0,True,,,,,,,,,,,,,,
RA-671,0,9.0,Menino,2021,Escola Pública,Ametista,7.617,8.5,8.2,8.1,,8.8,8.8,8.8,,7.417,5.0,Fase 1 (4º ano),-1,2022,0,1,Defasagem moderada,1,5.0,True,2023.0,-2.0,7.8,8.3,3.14,5.625,5.68,5.0,6.5143,Ágata,1,-1.0000000000000009,0.10000000000000142,-1.1026999999999996
RA-671,ALFA,,Masculino,2021,Pública,Ágata,6.5143,7.9,8.3,3.14,5.625,7.8,8.0,7.5,,5.68,5.0,Fase 2 (5° e 6° ano),-2,2023,0,2,Defasagem moderada,1,5.0,True,,,,,,,,,,,,,,
RA-672,0,9.0,Menina,2021,Escola Pública,Ametista,7.48,8.5,8.5,8.1,,8.8,8.5,9.1,,6.75,5.0,Fase 1 (4º ano),-1,2022,0,1,Defasagem moderada,1,5.0,True,2023.0,-2.0,6.4,9.5,2.52,5.625,6.43,5.0,6.5623,Ágata,1,-2.4000000000000004,1.0,-0.9177000000000008
RA-672,ALFA,10.0,Feminino,2021,Pública,Ágata,6.5623,7.9,9.5,2.52,5.625,6.4,6.0,6.7,,6.43,5.0,Fase 2 (5° e 6° ano),-2,2023,0,2,Defasagem moderada,1,5.0,True,2024.0,-1.0,0.0,3.9525691700000003,6.26,6.041666667,4.496666667,5.0,4.2118138341,Quartzo,1,-6.4,-5.54743083,-2.3504861658999996
RA-672,1H,11.0,Feminino,2021,Pública,Quartzo,4.2118138341,7.918,3.9525691700000003,6.26,6.041666667,0.0,0.0,0.0,,4.496666667,5.0,Fase 2 (5° e 6° ano),-1,2024,1,3,Defasagem moderada,1,5.0,True,,,,,,,,,,,,,,
RA-673,0,8.0,Menina,2022,Escola Pública,Topázio,8.65,8.5,9.2,8.1,,9.2,9.4,8.9,,8.583,10.0,ALFA  (2º e 3º ano),0,2022,0,0,Em fase / adiantado,0,10.0,True,,,,,,,,,,,,,,
RA-674,0,8.0,Menino,2022,Escola Pública,Ametista,7.862,9.5,8.7,8.1,,8.0,8.9,7.0,,6.333,10.0,ALFA  (2º e 3º ano),0,2022,0,0,Em fase / adiantado,0,10.0,True,2023.0,-1.0,5.2,8.5,3.77,5.0,8.67,5.0,6.6328,Ágata,1,-2.8,-0.1999999999999993,-1.2292000000000005
RA-674,ALFA,9.0,Masculino,2022,Pública,Ágata,6.6328,7.9,8.5,3.77,5.0,5.2,5.3,5.0,,8.67,5.0,Fase 1 (3° e 4° ano),-1,2023,0,1,Defasagem moderada,1,5.0,True,,,,,,,,,,,,,,
RA-675,0,8.0,Menino,2022,Escola Pública,Ametista,7.576,10.0,6.6,8.1,,7.4,8.8,5.9,,7.083,10.0,ALFA  (2º e 3º ano),0,2022,0,0,Em fase / adiantado,0,10.0,True,2023.0,0.0,8.3,8.0,7.52,6.875,8.34,10.0,8.3577,Topázio,0,0.9000000000000004,1.4000000000000004,0.7816999999999998
RA-675,ALFA,,Masculino,2022,Pública,Topázio,8.3577,10.0,8.0,7.52,6.875,8.3,8.5,8.0,,8.34,10.0,ALFA (1° e 2° ano),0,2023,0,1,Em fase / adiantado,0,10.0,True,,,,,,,,,,,,,,
RA-676,0,9.0,Menino,2021,Escola Pública,Ametista,7.911,8.5,8.6,8.1,,9.3,9.5,9.1,,8.167,5.0,Fase 1 (4º ano),-1,2022,0,1,Defasagem moderada,1,5.0,True,,,,,,,,,,,,,,
RA-677,0,8.0,Menina,2021,Escola Pública,Topázio,8.358,10.0,9.4,7.5,,7.3,7.7,6.8,,8.583,10.0,ALFA  (2º e 3º ano),0,2022,0,1,Em fase / adiantado,0,10.0,True,2023.0,-1.0,8.7,8.2,10.0,6.875,9.84,5.0,8.5257,Topázio,1,1.3999999999999995,-1.200000000000001,0.16769999999999996
RA-677,ALFA,9.0,Feminino,2021,Pública,Topázio,8.5257,10.0,8.2,10.0,6.875,8.7,9.0,8.3,,9.84,5.0,Fase 1 (3° e 4° ano),-1,2023,0,2,Defasagem moderada,1,5.0,True,,,,,,,,,,,,,,
RA-678,0,9.0,Menino,2022,Escola Pública,Ametista,8.0,9.0,10.0,6.9,,7.3,7.5,7.0,,9.5,5.0,Fase 1 (4º ano),-1,2022,0,0,Defasagem moderada,1,5.0,True,2023.0,-1.0,7.3,8.8,6.27,7.65625,8.336666667,5.0,7.570158333,Ametista,1,0.0,-1.1999999999999993,-0.4298416669999998
RA-678,FASE 1,10.0,Masculino,2022,Pública,Ametista,7.570158333,8.0,8.8,6.27,7.65625,7.3,6.8,7.7,,8.336666667,5.0,Fase 2 (5° e 6° ano),-1,2023,1,1,Defasagem moderada,1,5.0,True,,,,,,,,,,,,,,
RA-679,0,10.0,Menino,2020,Escola Pública,Ametista,7.172,9.0,8.2,7.5,,6.3,6.7,5.8,,7.833,5.0,Fase 2 (5º e 6º ano),-2,2022,0,2,Defasagem moderada,1,5.0,True,2023.0,-1.0,3.6,7.5,5.02,6.875,7.393333333,5.0,6.138366667,Ágata,1,-2.6999999999999997,-0.6999999999999993,-1.033633333
RA-679,FASE 1,11.0,Masculino,2020,Pública,Ágata,6.138366667,7.5,7.5,5.02,6.875,3.6,2.0,5.2,,7.393333333,5.0,Fase 2 (5° e 6° ano),-1,2023,1,3,Defasagem moderada,1,5.0,True,,,,,,,,,,,,,,
RA-68,5,16.0,Menino,2019,Escola Pública,Ágata,6.438,8.3,6.0,7.5,,4.0,4.7,4.8,2.7,7.944,5.0,Fase 6 (2º EM),-1,2022,5,3,Defasagem moderada,1,5.0,True,,,,,,,,,,,,,,
RA-680,0,10.0,Menina,2019,Escola Pública,Ametista,7.518,9.5,8.8,7.5,,7.4,8.0,6.8,,7.75,5.0,Fase 2 (5º e 6º ano),-2,2022,0,3,Defasagem moderada,1,5.0,True,2023.0,-1.0,6.4,9.1,7.52,6.875,7.78,5.0,6.5855,Ágata,1,-1.0,0.29999999999999893,-0.9325000000000001
RA-680,FASE 1,,Feminino,2019,Pública,Ágata,6.5855,0.0,9.1,7.52,6.875,6.4,5.2,7.5,,7.78,5.0,Fase 2 (5° e 6° ano),-1,2023,1,4,Defasagem moderada,1,5.0,True,2024.0,-1.0,3.0,6.6428571430000005,5.635,6.666666667,6.606666667,5.0,4.9800714287000005,Quartzo,1,-3.4000000000000004,-2.457142856999999,-1.6054285712999992
RA-680,2A,12.0,Feminino,2021,Pública,Quartzo,4.9800714287000005,0.0,6.6428571430000005,5.635,6.666666667,3.0,2.5,3.5,,6.606666667,5.0,Fase 3 (7° e 8° ano),-1,2024,2,3,Defasagem moderada,1,5.0,True,,,,,,,,,,,,,,
RA-681,0,10.0,Menino,2022,Escola Pública,Ametista,7.204,8.5,8.5,6.9,,6.5,6.5,6.5,,8.0,5.0,Fase 2 (5º e 6º ano),-2,2022,0,0,Defasagem moderada,1,5.0,True,2023.0,-2.0,8.3,7.8,3.77,5.625,8.18,5.0,6.2955,Ágata,1,1.8000000000000007,-0.7000000000000002,-0.9085000000000001
RA-681,ALFA,10.0,Masculino,2022,Pública,Ágata,6.2955,0.0,7.8,3.77,5.625,8.3,8.8,7.8,,8.18,5.0,Fase 2 (5° e 6° ano),-2,2023,0,1,Defasagem moderada,1,5.0,True,2024.0,-1.0,2.5,7.840909091,6.26,5.625,6.665,5.0,6.0398818182000005,Ágata,1,-5.800000000000001,0.04090909100000051,-0.2556181817999992
RA-681,1C,11.0,Masculino,2022,Privada,Ágata,6.0398818182000005,9.502,7.840909091,6.26,5.625,2.5,5.0,0.0,,6.665,5.0,Fase 2 (5° e 6° ano),-1,2024,1,2,Defasagem moderada,1,5.0,True,,,,,,,,,,,,,,
RA-682,0,11.0,Menino,2022,Escola Pública,Ametista,7.625,9.5,9.1,7.5,,7.0,7.0,7.0,,8.083,5.0,Fase 2 (5º e 6º ano),-2,2022,0,0,Defasagem moderada,1,5.0,True,,,,,,,,,,,,,,
RA-683,0,10.0,Menino,2022,Escola Pública,Ágata,6.011,7.9,5.0,7.5,,4.0,8.0,0.0,,8.083,5.0,Fase 2 (5º e 6º ano),-2,2022,0,0,Defasagem moderada,1,5.0,True,,,,,,,,,,,,,,
RA-684,0,7.0,Menino,2022,Escola Pública,Topázio,8.26,9.5,7.5,8.1,,9.3,9.0,9.6,,7.917,10.0,ALFA  (2º e 3º ano),0,2022,0,0,Em fase / adiantado,0,10.0,True,2023.0,0.0,6.5,8.1,7.52,6.875,5.84,10.0,7.4277,Ametista,0,-2.8000000000000007,0.5999999999999996,-0.8323
RA-684,ALFA,8.0,Masculino,2022,Privada,Ametista,7.4277,9.0,8.1,7.52,6.875,6.5,8.3,4.7,,5.84,10.0,ALFA (1° e 2° ano),0,2023,0,1,Em fase / adiantado,0,10.0,True,2024.0,0.0,4.25,9.090909091,7.51,7.5,8.0,10.0,7.769381818200001,Ametista,0,-2.25,0.9909090910000007,0.34168181820000143
RA-684,1C,9.0,Masculino,2022,Privada,Ametista,7.769381818200001,10.002,9.090909091,7.51,7.5,4.25,2.5,6.0,,8.0,10.0,Fase 1 (3° e 4° ano),0,2024,1,2,Em fase / adiantado,0,10.0,True,,,,,,,,,,,,,,
RA-685,0,9.0,Menino,2022,Escola Pública,Ágata,6.864,9.0,6.2,5.0,,8.0,8.0,8.0,,7.833,5.0,Fase 1 (4º ano),-1,2022,0,0,Defasagem moderada,1,5.0,True,,,,,,,,,,,,,,
RA-686,0,9.0,Menina,2022,Escola Pública,Ametista,7.729,7.5,8.6,8.1,,8.8,9.2,8.5,,8.083,5.0,Fase 1 (4º ano),-1,2022,0,0,Defasagem moderada,1,5.0,True,2023.0,-1.0,8.0,9.0,7.52,7.5,8.56,5.0,7.9642,Ametista,1,-0.8000000000000007,0.40000000000000036,0.23519999999999985
RA-686,FASE 1,10.0,Feminino,2022,Pública,Ametista,7.9642,8.5,9.0,7.52,7.5,8.0,7.3,8.7,,8.56,5.0,Fase 2 (5° e 6° ano),-1,2023,1,1,Defasagem moderada,1,5.0,True,2024.0,0.0,7.25,8.7857142855,6.885,8.4375,7.503333333,10.0,8.040259523700001,Topázio,0,-0.75,-0.21428571450000078,0.07605952370000146
RA-686,2C,11.0,Feminino,2022,Pública,Topázio,8.040259523700001,8.002,8.7857142855,6.885,8.4375,7.25,5.0,9.5,,7.503333333,10.0,Fase 2 (5° e 6° ano),0,2024,2,2,Em fase / adiantado,0,10.0,True,,,,,,,,,,,,,,
RA-687,0,9.0,Menino,2022,Escola Pública,Ametista,7.703,8.5,9.0,8.1,,8.3,9.0,7.5,,8.0,5.0,Fase 1 (4º ano),-1,2022,0,0,Defasagem moderada,1,5.0,True,2023.0,-1.0,6.9,9.0,7.52,7.5,8.226666667,5.0,7.617533333,Ametista,1,-1.4000000000000004,0.0,-0.08546666700000038
RA-687,FASE 1,10.0,Masculino,2022,Pública,Ametista,7.617533333,8.0,9.0,7.52,7.5,6.9,6.7,7.0,,8.226666667,5.0,Fase 2 (5° e 6° ano),-1,2023,1,1,Defasagem moderada,1,5.0,True,2024.0,0.0,7.25,9.2355889725,7.51,8.75,8.003333333,10.0,8.2739844611,Topázio,0,0.34999999999999964,0.23558897250000044,0.6564511280999996
RA-687,2D,11.0,Masculino,2022,Pública,Topázio,8.2739844611,7.502,9.2355889725,7.51,8.75,7.25,6.5,8.0,,8.003333333,10.0,Fase 2 (5° e 6° ano),0,2024,2,2,Em fase / adiantado,0,10.0,True,,,,,,,,,,,,,,
RA-688,0,9.0,Menino,2022,Escola Pública,Ametista,7.771,8.5,9.7,7.5,,7.9,8.0,7.8,,7.917,5.0,Fase 1 (4º ano),-1,2022,0,0,Defasagem moderada,1,5.0,True,2023.0,-1.0,8.6,9.3,7.52,7.5,8.06,5.0,8.0442,Topázio,1,0.6999999999999993,-0.3999999999999986,0.2732000000000001
RA-688,FASE 1,10.0,Masculino,2022,Pública,Topázio,8.0442,8.5,9.3,7.52,7.5,8.6,8.2,9.0,,8.06,5.0,Fase 2 (5° e 6° ano),-1,2023,1,1,Defasagem moderada,1,5.0,True,2024.0,0.0,7.5,10.0,8.13,8.333333333,9.45,10.0,8.986533333300002,Topázio,0,-1.0999999999999996,0.6999999999999993,0.9423333333000024
RA-688,2B,11.0,Masculino,2022,Pública,Topázio,8.986533333300002,9.502,10.0,8.13,8.333333333,7.5,6.0,9.0,,9.45,10.0,Fase 2 (5° e 6° ano),0,2024,2,2,Em fase / adiantado,0,10.0,True,,,,,,,,,,,,,,
RA-689,0,9.0,Menina,2022,Escola Pública,Ágata,6.433,7.4,7.9,5.6,,5.8,6.0,5.5,,6.667,5.0,Fase 1 (4º ano),-1,2022,0,0,Defasagem moderada,1,5.0,True,,,,,,,,,,,,,,
RA-69,5,16.0,Menino,2018,Escola Pública,Quartzo,5.718,8.3,6.1,7.5,,2.5,4.7,2.6,0.3,6.167,5.0,Fase 6 (2º EM),-1,2022,5,4,Defasagem moderada,1,5.0,True,,,,,,,,,,,,,,
RA-690,0,9.0,Menina,2022,Escola Pública,Ametista,7.541,9.5,9.5,7.5,,7.0,7.2,6.8,,7.417,5.0,Fase 1 (4º ano),-1,2022,0,0,Defasagem moderada,1,5.0,True,2023.0,-2.0,9.1,9.8,6.89,7.5,10.01,5.0,8.6112,Topázio,1,2.0999999999999996,0.3000000000000007,1.0701999999999998
RA-690,ALFA,,Feminino,2022,Pública,Topázio,8.6112,9.0,9.8,6.89,7.5,9.1,9.3,8.8,,10.01,5.0,Fase 2 (5° e 6° ano),-2,2023,0,1,Defasagem moderada,1,5.0,True,2024.0,-1.0,6.25,8.409090909,7.51,8.4375,7.835,5.0,7.3853681818000005,Ametista,1,-2.8499999999999996,-1.390909091000001,-1.2258318181999996
RA-690,1E,11.0,Feminino,2022,Pública,Ametista,7.3853681818000005,7.918,8.409090909,7.51,8.4375,6.25,7.5,5.0,,7.835,5.0,Fase 2 (5° e 6° ano),-1,2024,1,2,Defasagem moderada,1,5.0,True,,,,,,,,,,,,,,
RA-691,0,8.0,Menina,2022,Escola Pública,Topázio,8.68,10.0,9.2,8.1,,9.4,9.6,9.3,,7.917,10.0,ALFA  (2º e 3º ano),0,2022,0,0,Em fase / adiantado,0,10.0,True,,,,,,,,,,,,,,
RA-692,0,9.0,Menina,2021,Escola Pública,Ametista,7.569,9.5,8.9,8.1,,6.9,7.0,6.8,,7.917,5.0,Fase 1 (4º ano),-1,2022,0,1,Defasagem moderada,1,5.0,True,2023.0,-1.0,4.6,7.7,7.52,6.666666667,7.39,5.0,6.588466667,Ágata,1,-2.3000000000000007,-1.2000000000000002,-0.9805333330000003
RA-692,FASE 1,10.0,Feminino,2021,Privada,Ágata,6.588466667,7.4,7.7,7.52,6.666666667,4.6,2.8,6.3,,7.39,5.0,Fase 2 (5° e 6° ano),-1,2023,1,2,Defasagem moderada,1,5.0,True,,,,,,,,,,,,,,
RA-693,0,7.0,Menina,2022,Escola Pública,Ametista,7.944,9.5,9.8,8.1,,5.7,5.0,6.3,,7.667,10.0,ALFA  (2º e 3º ano),0,2022,0,0,Em fase / adiantado,0,10.0,True,2023.0,0.0,8.5,9.4,6.89,7.5,10.01,10.0,9.0112,Topázio,0,2.8,-0.40000000000000036,1.0672000000000006
RA-693,ALFA,,Feminino,2022,Pública,Topázio,9.0112,10.0,9.4,6.89,7.5,8.5,8.2,8.7,,10.01,10.0,ALFA (1° e 2° ano),0,2023,0,1,Em fase / adiantado,0,10.0,True,2024.0,0.0,8.0,9.5227272725,9.38,7.8125,8.42,10.0,8.9079954545,Topázio,0,-0.5,0.12272727249999882,-0.10320454550000058
RA-693,1C,9.0,Feminino,2022,Pública,Topázio,8.9079954545,10.002,9.5227272725,9.38,7.8125,8.0,8.0,8.0,,8.42,10.0,Fase 1 (3° e 4° ano),0,2024,1,2,Em fase / adiantado,0,10.0,True,,,,,,,,,,,,,,
RA-694,0,8.0,Menino,2022,Escola Pública,Topázio,8.378,10.0,9.0,8.1,,8.1,8.2,8.0,,7.917,10.0,ALFA  (2º e 3º ano),0,2022,0,0,Em fase / adiantado,0,10.0,True,,,,,,,,,,,,,,
RA-695,0,8.0,Menina,2021,Escola Pública,Quartzo,4.28,9.0,3.1,7.5,,2.5,2.2,2.8,,2.5,10.0,ALFA  (2º e 3º ano),0,2022,0,1,Em fase / adiantado,0,10.0,True,,,,,,,,,,,,,,
RA-696,0,9.0,Menina,2021,Escola Pública,Ametista,7.441,8.5,9.0,7.5,,6.6,6.5,6.7,,8.167,5.0,Fase 1 (4º ano),-1,2022,0,1,Defasagem moderada,1,5.0,True,2023.0,0.0,6.7,9.4,5.02,7.5,8.503333333,10.0,7.172666667,Ametista,0,0.10000000000000053,0.40000000000000036,-0.2683333330000002
RA-696,FASE 1,,Feminino,2021,Pública,Ametista,7.172666667,0.0,9.4,5.02,7.5,6.7,5.2,8.2,,8.503333333,10.0,Fase 1 (3° e 4° ano),0,2023,1,2,Em fase / adiantado,0,10.0,True,2024.0,0.0,5.25,7.845238095,7.51,7.708333333,8.0,10.0,7.482680952299999,Ametista,0,-1.4500000000000002,-1.5547619050000003,0.3100142852999994
RA-696,2B,10.0,Feminino,2021,Pública,Ametista,7.482680952299999,7.418,7.845238095,7.51,7.708333333,5.25,5.0,5.5,,8.0,10.0,Fase 2 (5° e 6° ano),0,2024,2,3,Em fase / adiantado,0,10.0,True,,,,,,,,,,,,,,
RA-697,0,11.0,Menino,2021,Escola Pública,Ametista,7.675,7.0,9.3,7.5,,8.4,8.8,8.0,,8.083,5.0,Fase 2 (5º e 6º ano),-2,2022,0,1,Defasagem moderada,1,5.0,True,,,,,,,,,,,,,,
RA-698,0,9.0,Menino,2021,Escola Pública,Ametista,7.44,9.0,9.8,2.5,,8.1,8.0,8.2,,8.083,5.0,Fase 1 (4º ano),-1,2022,0,1,Defasagem moderada,1,5.0,True,2023.0,0.0,5.7,9.9,2.52,7.1875,8.113333333,10.0,7.553616667,Ametista,0,-2.3999999999999995,0.09999999999999964,0.11361666699999962
RA-698,FASE 1,9.0,Masculino,2021,Pública,Ametista,7.553616667,8.5,9.9,2.52,7.1875,5.7,4.3,7.0,,8.113333333,10.0,Fase 1 (3° e 4° ano),0,2023,1,2,Em fase / adiantado,0,10.0,True,2024.0,0.0,4.5,8.3214285715,6.88,7.291666667,7.273333333,10.0,7.3363190476,Ametista,0,-1.2000000000000002,-1.5785714285,-0.21729761940000003
RA-698,2A,10.0,Masculino,2021,Pública,Ametista,7.3363190476,9.002,8.3214285715,6.88,7.291666667,4.5,3.0,6.0,,7.273333333,10.0,Fase 2 (5° e 6° ano),0,2024,2,3,Em fase / adiantado,0,10.0,True,,,,,,,,,,,,,,
RA-699,0,9.0,Menino,2022,Escola Pública,Ágata,6.658,5.2,9.2,7.5,,7.1,7.5,6.7,,6.0,5.0,Fase 1 (4º ano),-1,2022,0,0,Defasagem moderada,1,5.0,True,2023.0,-1.0,6.0,8.3,3.77,5.78125,6.173333333,5.0,6.389991667,Ágata,1,-1.0999999999999996,-0.8999999999999986,-0.26800833300000004
RA-699,FASE 1,10.0,Masculino,2022,Pública,Ágata,6.389991667,8.5,8.3,3.77,5.78125,6.0,5.7,6.2,,6.173333333,5.0,Fase 2 (5° e 6° ano),-1,2023,1,1,Defasagem moderada,1,5.0,True,2024.0,-1.0,6.5,7.727272727000001,6.26,6.5625,5.833333333,5.0,6.427771212000001,Ágata,1,0.5,-0.5727272729999999,0.03777954500000025
RA-699,1A,11.0,Masculino,2022,Pública,Ágata,6.427771212000001,6.334,7.727272727000001,6.26,6.5625,6.5,7.0,6.0,,5.833333333,5.0,Fase 2 (5° e 6° ano),-1,2024,1,2,Defasagem moderada,1,5.0,True,,,,,,,,,,,,,,
RA-7,7,18.0,Menino,2017,Rede Decisão,Ágata,6.818,0.0,8.4,7.5,,7.6,8.2,5.7,9.0,7.667,5.0,Fase 8 (Universitários),-1,2022,7,5,Defasagem moderada,1,5.0,True,2023.0,0.0,,,,,,10.0,,,0,,,
RA-7,FASE 8,,Masculino,2017,Privada *Parcerias com Bolsa 100%,,,,,,,,,,,,10.0,Fase 8 (Universitários),0,2023,8,6,Em fase / adiantado,0,10.0,True,2024.0,0.0,,0.0,,,,10.0,,,0,,,
RA-7,8E,20.0,Masculino,2021,Privada *Parcerias com Bolsa 100%,,,,0.0,,,,,,,,10.0,Fase 8 (Universitários),0,2024,8,3,Em fase / adiantado,0,10.0,True,,,,,,,,,,,,,,
RA-70,5,16.0,Menina,2017,Escola Pública,Quartzo,5.712,8.8,6.6,5.0,,2.9,5.7,2.9,0.2,6.111,5.0,Fase 6 (2º EM),-1,2022,5,5,Defasagem moderada,1,5.0,True,2023.0,-2.0,4.3,9.2,5.0,7.5,7.545,5.0,6.869133333,Ágata,1,1.4,2.5999999999999996,1.157133333
RA-70,FASE 5,17.0,Feminino,2017,Pública,Ágata,6.869133333,9.2,9.2,5.0,7.5,4.3,3.0,3.5,6.3,7.545,5.0,Fase 7 (3° EM),-2,2023,5,6,Defasagem moderada,1,5.0,True,,,,,,,,,,,,,,
RA-700,0,9.0,Menina,2022,Escola Pública,Ametista,7.738,9.0,8.7,7.5,,9.2,9.2,9.2,,7.083,5.0,Fase 1 (4º ano),-1,2022,0,0,Defasagem moderada,1,5.0,True,2023.0,-1.0,7.8,9.7,7.52,6.25,9.84,5.0,8.2852,Topázio,1,-1.3999999999999995,1.0,0.5471999999999992
RA-700,ALFA,9.0,Feminino,2022,Pública,Topázio,8.2852,9.5,9.7,7.52,6.25,7.8,7.5,8.0,,9.84,5.0,Fase 1 (3° e 4° ano),-1,2023,0,1,Defasagem moderada,1,5.0,True,2024.0,-1.0,5.25,9.564393939,5.635,7.291666667,7.0,5.0,7.005745454500001,Ametista,1,-2.55,-0.13560606099999895,-1.2794545454999984
RA-700,1G,11.0,Feminino,2022,Pública,Ametista,7.005745454500001,8.502,9.564393939,5.635,7.291666667,5.25,5.0,5.5,,7.0,5.0,Fase 2 (5° e 6° ano),-1,2024,1,2,Defasagem moderada,1,5.0,True,,,,,,,,,,,,,,
RA-701,0,10.0,Menino,2021,Escola Pública,Ametista,7.755,9.0,9.3,7.5,,8.7,8.7,8.7,,7.417,5.0,Fase 2 (5º e 6º ano),-2,2022,0,1,Defasagem moderada,1,5.0,True,2023.0,-2.0,7.2,9.9,3.77,6.25,7.68,5.0,7.3982,Ametista,1,-1.4999999999999991,0.5999999999999996,-0.3567999999999998
RA-701,ALFA,,Masculino,2021,Pública,Ametista,7.3982,9.5,9.9,3.77,6.25,7.2,7.3,7.0,,7.68,5.0,Fase 2 (5° e 6° ano),-2,2023,0,2,Defasagem moderada,1,5.0,True,,,,,,,,,,,,,,
RA-702,0,8.0,Menina,2022,Escola Pública,Ametista,7.387,10.0,8.6,5.0,,6.8,7.0,6.7,,7.0,10.0,ALFA  (2º e 3º ano),0,2022,0,0,Em fase / adiantado,0,10.0,True,2023.0,-1.0,9.3,10.0,5.63,7.5,7.833333333,5.0,8.239866667,Topázio,1,2.500000000000001,1.4000000000000004,0.8528666669999998
RA-702,ALFA,,Feminino,2022,Pública,Topázio,8.239866667,10.0,10.0,5.63,7.5,9.3,9.3,9.3,,7.833333333,5.0,Fase 1 (3° e 4° ano),-1,2023,0,1,Defasagem moderada,1,5.0,True,2024.0,-2.0,9.25,9.75,2.51,7.8125,7.163333333,5.0,7.665116666600001,Ametista,1,-0.05000000000000071,-0.25,-0.5747500003999981
RA-702,ALFA,10.0,Feminino,2022,Pública,Ametista,7.665116666600001,9.002,9.75,2.51,7.8125,9.25,10.0,8.5,,7.163333333,5.0,Fase 2 (5° e 6° ano),-2,2024,0,2,Defasagem moderada,1,5.0,True,,,,,,,,,,,,,,
RA-703,0,10.0,Menino,2021,Escola Pública,Ágata,6.099,7.5,7.4,5.0,,5.1,5.3,4.8,,6.833,5.0,Fase 2 (5º e 6º ano),-2,2022,0,1,Defasagem moderada,1,5.0,True,2023.0,-2.0,4.6,8.4,3.14,6.875,6.16,5.0,6.2737,Ágata,1,-0.5,1.0,0.17469999999999963
RA-703,ALFA,11.0,Masculino,2021,Pública,Ágata,6.2737,9.5,8.4,3.14,6.875,4.6,4.8,4.3,,6.16,5.0,Fase 2 (5° e 6° ano),-2,2023,0,2,Defasagem moderada,1,5.0,True,,,,,,,,,,,,,,
RA-704,0,10.0,Menino,2022,Escola Pública,Ágata,6.741,9.0,8.6,5.0,,7.2,7.7,6.6,,6.583,5.0,Fase 2 (5º e 6º ano),-2,2022,0,0,Defasagem moderada,1,5.0,True,2023.0,-2.0,6.1,9.9,3.14,5.625,6.265,5.0,6.8297,Ágata,1,-1.1000000000000005,1.3000000000000007,0.08870000000000022
RA-704,ALFA,,Masculino,2022,Pública,Ágata,6.8297,10.0,9.9,3.14,5.625,6.1,6.5,5.7,,6.265,5.0,Fase 2 (5° e 6° ano),-2,2023,0,1,Defasagem moderada,1,5.0,True,2024.0,-1.0,6.5,8.646245059,5.635,6.458333333,6.616666667,5.0,6.8121156785000005,Ágata,1,0.40000000000000036,-1.2537549410000004,-0.017584321499999334
RA-704,1H,12.0,Masculino,2022,Pública,Ágata,6.8121156785000005,7.502,8.646245059,5.635,6.458333333,6.5,6.0,7.0,,6.616666667,5.0,Fase 2 (5° e 6° ano),-1,2024,1,2,Defasagem moderada,1,5.0,True,,,,,,,,,,,,,,
RA-705,0,10.0,Menino,2022,Escola Pública,Ágata,6.634,9.5,6.2,7.5,,7.1,7.0,7.2,,6.333,5.0,Fase 2 (5º e 6º ano),-2,2022,0,0,Defasagem moderada,1,5.0,True,2023.0,-2.0,8.8,8.3,6.89,7.5,8.165,5.0,6.982,Ágata,1,1.700000000000001,2.1000000000000005,0.34799999999999986
RA-705,ALFA,10.0,Masculino,2022,Pública,Ágata,6.982,0.0,8.3,6.89,7.5,8.8,8.9,8.6,,8.165,5.0,Fase 2 (5° e 6° ano),-2,2023,0,1,Defasagem moderada,1,5.0,True,2024.0,-1.0,3.5,6.4285714285,5.005,5.625,4.226666667,5.0,5.294247619100001,Quartzo,1,-5.300000000000001,-1.871428571500001,-1.6877523808999992
RA-705,1H,12.0,Masculino,2022,Pública,Quartzo,5.294247619100001,9.002,6.4285714285,5.005,5.625,3.5,2.0,5.0,,4.226666667,5.0,Fase 2 (5° e 6° ano),-1,2024,1,2,Defasagem moderada,1,5.0,True,,,,,,,,,,,,,,
RA-706,0,10.0,Menina,2021,Escola Pública,Ametista,7.659,9.5,6.7,7.5,,9.1,9.1,9.1,,8.417,5.0,Fase 2 (5º e 6º ano),-2,2022,0,1,Defasagem moderada,1,5.0,True,2023.0,-2.0,7.3,7.8,4.39,6.875,8.08,5.0,7.1527,Ametista,1,-1.7999999999999998,1.0999999999999996,-0.5062999999999995
RA-706,ALFA,,Feminino,2021,Pública,Ametista,7.1527,9.0,7.8,4.39,6.875,7.3,6.7,7.8,,8.08,5.0,Fase 2 (5° e 6° ano),-2,2023,0,2,Defasagem moderada,1,5.0,True,2024.0,0.0,3.25,7.1428571430000005,6.26,7.65625,7.0,10.0,5.8701964286,Quartzo,0,-4.05,-0.6571428569999993,-1.2825035714000004
RA-706,2G,11.0,Feminino,2021,Pública,Quartzo,5.8701964286,0.0,7.1428571430000005,6.26,7.65625,3.25,3.0,3.5,,7.0,10.0,Fase 2 (5° e 6° ano),0,2024,2,3,Em fase / adiantado,0,10.0,True,,,,,,,,,,,,,,
RA-707,0,10.0,Menina,2020,Escola Pública,Ametista,7.679,10.0,8.1,6.9,,8.5,8.8,8.2,,8.083,5.0,Fase 2 (5º e 6º ano),-2,2022,0,2,Defasagem moderada,1,5.0,True,2023.0,-1.0,6.5,9.8,3.77,7.916666667,7.946666667,5.0,6.518,Ágata,1,-2.0,1.700000000000001,-1.1610000000000005
RA-707,FASE 1,,Feminino,2020,Pública,Ágata,6.518,0.0,9.8,3.77,7.916666667,6.5,5.5,7.5,,7.946666667,5.0,Fase 2 (5° e 6° ano),-1,2023,1,3,Defasagem moderada,1,5.0,True,2024.0,-1.0,6.5,7.7236842105,4.375,6.40625,6.415,5.0,6.4975618421000005,Ágata,1,0.0,-2.0763157895000006,-0.020438157899999254
RA-707,2G,12.0,Feminino,2021,Pública,Ágata,6.4975618421000005,7.917,7.7236842105,4.375,6.40625,6.5,7.0,6.0,,6.415,5.0,Fase 3 (7° e 8° ano),-1,2024,2,3,Defasagem moderada,1,5.0,True,,,,,,,,,,,,,,
RA-708,0,9.0,Menino,2022,Escola Pública,Ametista,7.282,8.0,8.4,7.5,,7.3,7.1,7.6,,7.583,5.0,Fase 1 (4º ano),-1,2022,0,0,Defasagem moderada,1,5.0,True,2023.0,-1.0,9.2,9.8,7.52,8.125,8.28,5.0,7.5105,Ametista,1,1.8999999999999995,1.4000000000000004,0.22850000000000037
RA-708,ALFA,9.0,Masculino,2022,Pública,Ametista,7.5105,0.0,9.8,7.52,8.125,9.2,8.8,9.5,,8.28,5.0,Fase 1 (3° e 4° ano),-1,2023,0,1,Defasagem moderada,1,5.0,True,,,,,,,,,,,,,,
RA-709,0,10.0,Menina,2022,Escola Pública,Quartzo,5.313,9.5,3.5,7.5,,2.3,2.3,2.3,,7.083,5.0,Fase 2 (5º e 6º ano),-2,2022,0,0,Defasagem moderada,1,5.0,True,2023.0,-2.0,4.9,7.9,7.52,5.625,6.59,5.0,6.6927,Ágata,1,2.6000000000000005,4.4,1.3797000000000006
RA-709,ALFA,11.0,Feminino,2022,Pública,Ágata,6.6927,10.0,7.9,7.52,5.625,4.9,5.5,4.3,,6.59,5.0,Fase 2 (5° e 6° ano),-2,2023,0,1,Defasagem moderada,1,5.0,True,2024.0,-1.0,6.0,7.994071146,7.51,6.875,6.773333333,5.0,6.833780895800001,Ágata,1,1.0999999999999996,0.09407114599999922,0.14108089580000094
RA-709,1H,12.0,Feminino,2022,Pública,Ágata,6.833780895800001,7.418,7.994071146,7.51,6.875,6.0,6.0,6.0,,6.773333333,5.0,Fase 2 (5° e 6° ano),-1,2024,1,2,Defasagem moderada,1,5.0,True,,,,,,,,,,,,,,
RA-71,5,17.0,Menina,2019,Escola Pública,Quartzo,4.332,7.9,2.0,7.5,,1.2,1.3,2.2,0.0,5.833,5.0,Fase 7 (3º EM),-2,2022,5,3,Defasagem moderada,1,5.0,True,2023.0,-2.0,6.6,9.8,6.26,7.5,7.7125,5.0,7.3651,Ametista,1,5.3999999999999995,7.800000000000001,3.0331
RA-71,FASE 6,,Feminino,2019,Pública,Ametista,7.3651,6.7,9.8,6.26,7.5,6.6,7.3,5.5,7.0,7.7125,5.0,Fase 8 (Universitários),-2,2023,6,4,Defasagem moderada,1,5.0,True,,,,,,,,,,,,,,
RA-710,0,10.0,Menino,2020,Escola Pública,Ametista,7.285,9.5,8.9,5.0,,6.9,7.0,6.8,,8.0,5.0,Fase 2 (5º e 6º ano),-2,2022,0,2,Defasagem moderada,1,5.0,True,2023.0,-1.0,6.5,9.0,3.77,7.083333333,7.113333333,5.0,7.0582,Ametista,1,-0.40000000000000036,0.09999999999999964,-0.2267999999999999
RA-710,FASE 1,,Masculino,2020,Pública,Ametista,7.0582,9.5,9.0,3.77,7.083333333,6.5,5.7,7.3,,7.113333333,5.0,Fase 2 (5° e 6° ano),-1,2023,1,3,Defasagem moderada,1,5.0,True,2024.0,-1.0,6.75,8.170995671,5.625,7.65625,6.5375,5.0,7.0366241342,Ametista,1,0.25,-0.829004329,-0.021575865800000038
RA-710,2G,12.0,Masculino,2021,Pública,Ametista,7.0366241342,9.168,8.170995671,5.625,7.65625,6.75,8.0,5.5,,6.5375,5.0,Fase 3 (7° e 8° ano),-1,2024,2,3,Defasagem moderada,1,5.0,True,,,,,,,,,,,,,,
RA-711,0,9.0,Menino,2022,Escola Pública,Ágata,6.04,9.0,7.9,6.3,,3.5,4.0,3.0,,6.0,5.0,Fase 1 (4º ano),-1,2022,0,0,Defasagem moderada,1,5.0,True,,,,,,,,,,,,,,
RA-712,0,11.0,Menino,2019,Escola Pública,Ágata,6.026,8.0,5.1,5.0,,8.0,8.7,7.3,,5.833,5.0,Fase 2 (5º e 6º ano),-2,2022,0,3,Defasagem moderada,1,5.0,True,2023.0,-2.0,6.7,5.6,3.14,7.5,6.836666667,5.0,6.331533333,Ágata,1,-1.2999999999999998,0.5,0.3055333330000005
RA-712,FASE 1,12.0,Masculino,2019,Pública,Ágata,6.331533333,9.5,5.6,3.14,7.5,6.7,5.5,7.8,,6.836666667,5.0,Fase 3 (7° e 8° ano),-2,2023,1,4,Defasagem moderada,1,5.0,True,2024.0,-1.0,6.75,5.983436853,5.625,6.5625,6.04,5.0,6.2236373706000006,Ágata,1,0.04999999999999982,0.3834368530000001,-0.10789596239999977
RA-712,2H,13.0,Masculino,2021,Pública,Ágata,6.2236373706000006,7.502,5.983436853,5.625,6.5625,6.75,7.0,6.5,,6.04,5.0,Fase 3 (7° e 8° ano),-1,2024,2,3,Defasagem moderada,1,5.0,True,,,,,,,,,,,,,,
RA-713,0,9.0,Menino,2021,Escola Pública,Ametista,7.42,10.0,8.7,7.5,,7.8,8.0,7.7,,7.25,5.0,Fase 1 (4º ano),-1,2022,0,1,Defasagem moderada,1,5.0,True,2023.0,-1.0,7.5,9.6,3.77,6.875,8.166666667,5.0,7.408033333,Ametista,1,-0.2999999999999998,0.9000000000000004,-0.011966667000000264
RA-713,FASE 1,10.0,Masculino,2021,Pública,Ametista,7.408033333,8.0,9.6,3.77,6.875,7.5,6.7,8.2,,8.166666667,5.0,Fase 2 (5° e 6° ano),-1,2023,1,2,Defasagem moderada,1,5.0,True,2024.0,0.0,6.75,7.525879916999999,7.51,7.03125,6.79,10.0,7.467500983400001,Ametista,0,-0.75,-2.0741200830000004,0.059467650400001126
RA-713,2H,11.0,Masculino,2021,Pública,Ametista,7.467500983400001,8.002,7.525879916999999,7.51,7.03125,6.75,6.0,7.5,,6.79,10.0,Fase 2 (5° e 6° ano),0,2024,2,3,Em fase / adiantado,0,10.0,True,,,,,,,,,,,,,,
RA-714,0,11.0,Menino,2019,Escola Pública,Ágata,6.953,9.0,6.9,5.6,,8.0,8.5,7.5,,7.25,5.0,Fase 2 (5º e 6º ano),-2,2022,0,3,Defasagem moderada,1,5.0,True,2023.0,-2.0,7.4,8.0,3.14,7.5,7.223333333,5.0,6.078666667,Ágata,1,-0.5999999999999996,1.0999999999999996,-0.874333333
RA-714,FASE 1,12.0,Masculino,2019,Pública,Ágata,6.078666667,0.0,8.0,3.14,7.5,7.4,6.7,8.0,,7.223333333,5.0,Fase 3 (7° e 8° ano),-2,2023,1,4,Defasagem moderada,1,5.0,True,2024.0,-1.0,4.0,6.873706004,6.255,7.65625,6.9975,5.0,5.4653662008,Quartzo,1,-3.4000000000000004,-1.1262939960000002,-0.6133004662000001
RA-714,2H,13.0,Masculino,2021,Pública,Quartzo,5.4653662008,0.0,6.873706004,6.255,7.65625,4.0,8.0,0.0,,6.9975,5.0,Fase 3 (7° e 8° ano),-1,2024,2,3,Defasagem moderada,1,5.0,True,,,,,,,,,,,,,,
RA-715,0,9.0,Menina,2022,Escola Pública,Ágata,6.656,8.5,8.7,4.4,,4.9,4.8,5.0,,7.917,5.0,Fase 1 (4º ano),-1,2022,0,0,Defasagem moderada,1,5.0,True,2023.0,-2.0,5.4,9.5,3.14,5.625,7.675,5.0,5.8915,Quartzo,1,0.5,0.8000000000000007,-0.7645
RA-715,ALFA,,Feminino,2022,Pública,Quartzo,5.8915,0.0,9.5,3.14,5.625,5.4,4.5,6.3,,7.675,5.0,Fase 2 (5° e 6° ano),-2,2023,0,1,Defasagem moderada,1,5.0,True,2024.0,0.0,2.75,5.250626566499999,3.755,5.0,4.67,10.0,5.3098253133,Quartzo,0,-2.6500000000000004,-4.249373433500001,-0.5816746866999996
RA-715,2I,11.0,Feminino,2022,Pública,Quartzo,5.3098253133,9.002,5.250626566499999,3.755,5.0,2.75,2.0,3.5,,4.67,10.0,Fase 2 (5° e 6° ano),0,2024,2,2,Em fase / adiantado,0,10.0,True,,,,,,,,,,,,,,
RA-716,0,9.0,Menino,2022,Escola Pública,Ágata,6.525,8.9,8.1,7.5,,6.7,7.3,6.0,,5.417,5.0,Fase 1 (4º ano),-1,2022,0,0,Defasagem moderada,1,5.0,True,2023.0,-1.0,5.6,8.7,3.77,6.875,7.443333333,5.0,6.813366667,Ágata,1,-1.1000000000000005,0.5999999999999996,0.288366667
RA-716,FASE 1,10.0,Masculino,2022,Pública,Ágata,6.813366667,9.0,8.7,3.77,6.875,5.6,5.0,6.2,,7.443333333,5.0,Fase 2 (5° e 6° ano),-1,2023,1,1,Defasagem moderada,1,5.0,True,2024.0,-1.0,5.75,5.5335968375,7.51,6.71875,5.7875,5.0,6.2372943675000005,Ágata,1,0.15000000000000036,-3.166403162499999,-0.5760722994999998
RA-716,1J,11.0,Masculino,2022,Pública,Ágata,6.2372943675000005,9.002,5.5335968375,7.51,6.71875,5.75,5.5,6.0,,5.7875,5.0,Fase 2 (5° e 6° ano),-1,2024,1,2,Defasagem moderada,1,5.0,True,,,,,,,,,,,,,,
RA-717,0,10.0,Menina,2021,Escola Pública,Ágata,6.832,9.0,7.3,7.5,,5.4,5.0,5.8,,7.917,5.0,Fase 2 (5º e 6º ano),-2,2022,0,1,Defasagem moderada,1,5.0,True,2023.0,-1.0,5.9,8.5,7.52,8.125,8.446666667,5.0,6.633833333,Ágata,1,0.5,1.2000000000000002,-0.19816666699999974
RA-717,FASE 1,11.0,Feminino,2021,Pública,Ágata,6.633833333,0.0,8.5,7.52,8.125,5.9,5.5,6.3,,8.446666667,5.0,Fase 2 (5° e 6° ano),-1,2023,1,2,Defasagem moderada,1,5.0,True,,,,,,,,,,,,,,
RA-718,0,8.0,Menina,2022,Escola Pública,Topázio,8.093,8.0,8.9,6.3,,9.2,9.2,9.2,,7.417,10.0,ALFA  (2º e 3º ano),0,2022,0,0,Em fase / adiantado,0,10.0,True,2023.0,0.0,7.8,9.1,3.77,7.916666667,8.39,10.0,8.166866667,Topázio,0,-1.3999999999999995,0.1999999999999993,0.07386666700000077
RA-718,FASE 1,,Feminino,2022,Pública,Topázio,8.166866667,9.5,9.1,3.77,7.916666667,7.8,6.3,9.2,,8.39,10.0,Fase 1 (3° e 4° ano),0,2023,1,1,Em fase / adiantado,0,10.0,True,2024.0,1.0,9.5,9.5138888885,5.635,7.5,7.946666667,10.0,8.705811111100001,Topázio,0,1.7000000000000002,0.4138888885000007,0.5389444441000002
RA-718,2I,10.0,Feminino,2022,Pública,Topázio,8.705811111100001,10.002,9.5138888885,5.635,7.5,9.5,9.0,10.0,,7.946666667,10.0,Fase 1 (3° e 4° ano),1,2024,2,2,Em fase / adiantado,0,10.0,True,,,,,,,,,,,,,,
RA-719,0,10.0,Menina,2021,Escola Pública,Quartzo,5.552,9.0,4.6,7.5,,4.2,5.0,3.3,,6.083,5.0,Fase 2 (5º e 6º ano),-2,2022,0,1,Defasagem moderada,1,5.0,True,2023.0,-2.0,5.9,5.3,7.52,5.625,7.095,5.0,6.4137,Ágata,1,1.7000000000000002,0.7000000000000002,0.8617000000000008
RA-719,ALFA,,Masculino,2021,Pública,Ágata,6.4137,9.5,5.3,7.52,5.625,5.9,7.0,4.7,,7.095,5.0,Fase 2 (5° e 6° ano),-2,2023,0,2,Defasagem moderada,1,5.0,True,2024.0,-1.0,6.5,7.3484848485,7.51,7.5,6.7425,5.0,7.1193969697,Ametista,1,0.5999999999999996,2.0484848485000002,0.7056969697
RA-719,1J,12.0,Masculino,2021,Pública,Ametista,7.1193969697,10.002,7.3484848485,7.51,7.5,6.5,5.0,8.0,,6.7425,5.0,Fase 2 (5° e 6° ano),-1,2024,1,3,Defasagem moderada,1,5.0,True,,,,,,,,,,,,,,
RA-72,5,17.0,Menina,2022,Escola Pública,Ametista,7.64,8.3,7.5,7.5,,7.8,7.5,7.8,8.0,8.667,5.0,Fase 7 (3º EM),-2,2022,5,0,Defasagem moderada,1,5.0,True,,,,,,,,,,,,,,
RA-720,0,9.0,Menina,2021,Escola Pública,Ágata,6.731,8.0,5.9,7.5,,7.6,7.3,7.8,,7.083,5.0,Fase 1 (4º ano),-1,2022,0,1,Defasagem moderada,1,5.0,True,,,,,,,,,,,,,,
RA-721,0,8.0,Menina,2021,Escola Pública,Ametista,7.973,9.5,8.1,7.5,,7.6,8.2,7.0,,7.917,10.0,ALFA  (2º e 3º ano),0,2022,0,1,Em fase / adiantado,0,10.0,True,2023.0,0.0,8.4,9.5,7.52,8.125,8.443333333,10.0,8.683366667,Topázio,0,0.8000000000000007,1.4000000000000004,0.7103666669999997
RA-721,FASE 1,9.0,Feminino,2021,Pública,Topázio,8.683366667,8.5,9.5,7.52,8.125,8.4,7.5,9.3,,8.443333333,10.0,Fase 1 (3° e 4° ano),0,2023,1,2,Em fase / adiantado,0,10.0,True,2024.0,0.0,8.25,9.544513457499999,8.135,8.75,8.755,10.0,8.8986026915,Topázio,0,-0.15000000000000036,0.04451345749999902,0.21523602450000112
RA-721,2G,10.0,Feminino,2021,Pública,Topázio,8.8986026915,9.002,9.544513457499999,8.135,8.75,8.25,9.0,7.5,,8.755,10.0,Fase 2 (5° e 6° ano),0,2024,2,3,Em fase / adiantado,0,10.0,True,,,,,,,,,,,,,,
RA-722,0,9.0,Menina,2021,Escola Pública,Ametista,7.41,10.0,8.1,4.4,,8.1,7.8,8.3,,8.333,5.0,Fase 1 (4º ano),-1,2022,0,1,Defasagem moderada,1,5.0,True,2023.0,-1.0,6.4,9.6,2.52,8.125,8.67,5.0,7.3387,Ametista,1,-1.6999999999999993,1.5,-0.07129999999999992
RA-722,FASE 1,,Feminino,2021,Pública,Ametista,7.3387,8.5,9.6,2.52,8.125,6.4,4.5,8.2,,8.67,5.0,Fase 2 (5° e 6° ano),-1,2023,1,2,Defasagem moderada,1,5.0,True,,,,,,,,,,,,,,
RA-723,0,8.0,Menina,2022,Escola Pública,Ametista,7.426,10.0,6.6,8.1,,5.5,5.3,5.7,,8.167,10.0,ALFA  (2º e 3º ano),0,2022,0,0,Em fase / adiantado,0,10.0,True,,,,,,,,,,,,,,
RA-724,0,8.0,Menina,2022,Escola Pública,Ágata,6.931,9.5,5.9,5.6,,5.6,2.9,8.3,,8.0,10.0,ALFA  (2º e 3º ano),0,2022,0,0,Em fase / adiantado,0,10.0,True,,,,,,,,,,,,,,
RA-725,0,8.0,Menino,2022,Escola Pública,Ágata,6.33,8.0,5.9,8.1,,5.0,4.0,6.0,,5.5,10.0,ALFA  (2º e 3º ano),0,2022,0,0,Em fase / adiantado,0,10.0,True,2023.0,-1.0,8.4,9.0,7.52,8.125,8.113333333,5.0,8.117366667,Topázio,1,3.4000000000000004,3.0999999999999996,1.7873666670000006
RA-725,ALFA,9.0,Masculino,2022,Pública,Topázio,8.117366667,9.5,9.0,7.52,8.125,8.4,8.1,8.7,,8.113333333,5.0,Fase 1 (3° e 4° ano),-1,2023,0,1,Defasagem moderada,1,5.0,True,2024.0,-1.0,7.25,7.6710526315,7.51,7.5,6.773333333,5.0,7.0900771929,Ametista,1,-1.1500000000000004,-1.3289473684999997,-1.0272894741000007
RA-725,ALFA,10.0,Masculino,2022,Pública,Ametista,7.0900771929,7.502,7.6710526315,7.51,7.5,7.25,7.0,7.5,,6.773333333,5.0,Fase 1 (3° e 4° ano),-1,2024,0,2,Defasagem moderada,1,5.0,True,,,,,,,,,,,,,,
RA-726,0,7.0,Menina,2022,Escola Pública,Ágata,6.985,10.0,7.5,7.5,,4.4,5.8,3.0,,6.583,10.0,ALFA  (2º e 3º ano),0,2022,0,0,Em fase / adiantado,0,10.0,True,2023.0,0.0,6.0,6.1,7.52,5.625,8.17,10.0,7.3687,Ametista,0,1.5999999999999996,-1.4000000000000004,0.38369999999999926
RA-726,ALFA,8.0,Feminino,2022,Pública,Ametista,7.3687,10.0,6.1,7.52,5.625,6.0,6.2,5.8,,8.17,10.0,ALFA (1° e 2° ano),0,2023,0,1,Em fase / adiantado,0,10.0,True,,,,,,,,,,,,,,
RA-727,0,8.0,Menino,2022,Escola Pública,Ametista,7.736,9.0,7.7,8.1,,8.4,9.3,7.4,,6.75,10.0,ALFA  (2º e 3º ano),0,2022,0,0,Em fase / adiantado,0,10.0,True,2023.0,-1.0,8.0,8.8,2.52,7.5,9.34,5.0,7.6802,Ametista,1,-0.40000000000000036,1.1000000000000005,-0.05579999999999963
RA-727,ALFA,,Masculino,2022,Pública,Ametista,7.6802,9.5,8.8,2.52,7.5,8.0,8.3,7.7,,9.34,5.0,Fase 1 (3° e 4° ano),-1,2023,0,1,Defasagem moderada,1,5.0,True,2024.0,0.0,8.5,8.4848484845,6.26,8.125,8.056666667,10.0,8.447003030300001,Topázio,0,0.5,-0.3151515155000002,0.7668030303000011
RA-727,1G,10.0,Masculino,2022,Pública,Topázio,8.447003030300001,10.002,8.4848484845,6.26,8.125,8.5,10.0,7.0,,8.056666667,10.0,Fase 1 (3° e 4° ano),0,2024,1,2,Em fase / adiantado,0,10.0,True,,,,,,,,,,,,,,
RA-728,0,8.0,Menina,2022,Escola Pública,Topázio,8.244,9.5,7.3,8.1,,9.1,9.3,8.9,,8.167,10.0,ALFA  (2º e 3º ano),0,2022,0,0,Em fase / adiantado,0,10.0,True,,,,,,,,,,,,,,
RA-729,0,8.0,Menina,2022,Escola Pública,Topázio,8.155,10.0,8.7,8.1,,8.1,8.5,7.8,,7.25,10.0,ALFA  (2º e 3º ano),0,2022,0,0,Em fase / adiantado,0,10.0,True,2023.0,-1.0,8.6,9.1,3.77,6.5625,7.01,5.0,7.26545,Ametista,1,0.5,0.40000000000000036,-0.889549999999999
RA-729,ALFA,,Feminino,2022,Pública,Ametista,7.26545,8.0,9.1,3.77,6.5625,8.6,8.2,8.9,,7.01,5.0,Fase 1 (3° e 4° ano),-1,2023,0,1,Defasagem moderada,1,5.0,True,2024.0,-1.0,6.0,8.4166666665,2.51,7.5,7.5,5.0,6.684533333300001,Ágata,1,-2.5999999999999996,-0.6833333335000003,-0.5809166666999994
RA-729,ALFA,10.0,Feminino,2022,Pública,Ágata,6.684533333300001,8.002,8.4166666665,2.51,7.5,6.0,6.0,6.0,,7.5,5.0,Fase 1 (3° e 4° ano),-1,2024,0,2,Defasagem moderada,1,5.0,True,,,,,,,,,,,,,,
RA-73,5,17.0,Menina,2022,Escola Pública,Quartzo,5.271,7.1,3.0,7.5,,3.3,4.5,3.0,2.3,7.278,5.0,Fase 7 (3º EM),-2,2022,5,0,Defasagem moderada,1,5.0,True,,,,,,,,,,,,,,
RA-730,0,10.0,Menina,2021,Escola Pública,Ametista,7.902,10.0,8.2,8.8,,8.3,8.7,8.0,,8.25,5.0,Fase 2 (5º e 6º ano),-2,2022,0,1,Defasagem moderada,1,5.0,True,2023.0,-1.0,7.8,8.7,5.02,9.53125,8.67,5.0,7.979325,Ametista,1,-0.5000000000000009,0.5,0.07732500000000009
RA-730,FASE 1,10.0,Feminino,2021,Privada,Ametista,7.979325,10.0,8.7,5.02,9.53125,7.8,7.8,7.7,,8.67,5.0,Fase 2 (5° e 6° ano),-1,2023,1,2,Defasagem moderada,1,5.0,True,2024.0,0.0,9.5,7.152777778,6.885,9.166666667,8.666666667,10.0,8.469255555700002,Topázio,0,1.7000000000000002,-1.5472222219999994,0.48993055570000177
RA-730,2I,11.0,Feminino,2021,Pública,Topázio,8.469255555700002,8.002,7.152777778,6.885,9.166666667,9.5,10.0,9.0,,8.666666667,10.0,Fase 2 (5° e 6° ano),0,2024,2,3,Em fase / adiantado,0,10.0,True,,,,,,,,,,,,,,
RA-731,0,10.0,Menina,2019,Escola Pública,Ametista,7.151,9.0,8.5,6.9,,7.3,7.3,7.2,,7.083,5.0,Fase 2 (5º e 6º ano),-2,2022,0,3,Defasagem moderada,1,5.0,True,2023.0,-1.0,6.8,7.6,3.14,7.5,7.45,5.0,6.7742,Ágata,1,-0.5,-0.9000000000000004,-0.37679999999999936
RA-731,FASE 1,11.0,Feminino,2019,Pública,Ágata,6.7742,8.5,7.6,3.14,7.5,6.8,6.2,7.3,,7.45,5.0,Fase 2 (5° e 6° ano),-1,2023,1,4,Defasagem moderada,1,5.0,True,2024.0,-1.0,2.5,4.188311688500001,4.375,5.78125,4.835,5.0,4.7704873377000006,Quartzo,1,-4.3,-3.411688311499999,-2.0037126623
RA-731,2G,12.0,Feminino,2021,Pública,Quartzo,4.7704873377000006,9.502,4.188311688500001,4.375,5.78125,2.5,0.0,5.0,,4.835,5.0,Fase 3 (7° e 8° ano),-1,2024,2,3,Defasagem moderada,1,5.0,True,,,,,,,,,,,,,,
RA-732,0,9.0,Menino,2022,Escola Pública,Ametista,7.347,9.0,7.9,8.8,,7.2,7.5,6.8,,7.5,5.0,Fase 1 (4º ano),-1,2022,0,0,Defasagem moderada,1,5.0,True,,,,,,,,,,,,,,
RA-733,0,9.0,Menina,2022,Escola Pública,Ágata,6.684,9.5,8.5,5.6,,5.1,6.0,4.2,,6.917,5.0,Fase 1 (4º ano),-1,2022,0,0,Defasagem moderada,1,5.0,True,2023.0,0.0,6.2,8.7,7.52,8.333333333,8.893333333,10.0,8.3342,Topázio,0,1.1000000000000005,0.1999999999999993,1.650199999999999
RA-733,FASE 1,9.0,Feminino,2022,Pública,Topázio,8.3342,10.0,8.7,7.52,8.333333333,6.2,4.3,8.0,,8.893333333,10.0,Fase 1 (3° e 4° ano),0,2023,1,1,Em fase / adiantado,0,10.0,True,2024.0,-1.0,9.25,10.0,7.51,8.90625,9.085,5.0,8.808825,Topázio,1,3.05,1.3000000000000007,0.4746250000000014
RA-733,1J,10.0,Feminino,2022,Pública,Topázio,8.808825,10.002,10.0,7.51,8.90625,9.25,9.0,9.5,,9.085,5.0,Fase 2 (5° e 6° ano),-1,2024,1,2,Defasagem moderada,1,5.0,True,,,,,,,,,,,,,,
RA-734,0,10.0,Menina,2022,Escola Pública,Ágata,6.952,9.5,7.2,5.6,,7.3,8.0,6.5,,7.417,5.0,Fase 2 (5º e 6º ano),-2,2022,0,0,Defasagem moderada,1,5.0,True,2023.0,-1.0,6.9,8.0,7.52,7.34375,7.446666667,5.0,7.305908333,Ametista,1,-0.39999999999999947,0.7999999999999998,0.3539083329999997
RA-734,FASE 1,11.0,Feminino,2022,Pública,Ametista,7.305908333,8.5,8.0,7.52,7.34375,6.9,6.8,7.0,,7.446666667,5.0,Fase 2 (5° e 6° ano),-1,2023,1,1,Defasagem moderada,1,5.0,True,,,,,,,,,,,,,,
RA-735,0,10.0,Menina,2021,Escola Pública,Ametista,7.485,9.0,9.0,5.6,,7.3,7.8,6.7,,8.583,5.0,Fase 2 (5º e 6º ano),-2,2022,0,1,Defasagem moderada,1,5.0,True,2023.0,-1.0,8.1,9.0,7.52,8.333333333,8.393333333,5.0,7.184,Ametista,1,0.7999999999999998,0.0,-0.30100000000000016
RA-735,FASE 1,11.0,Feminino,2021,Pública,Ametista,7.184,0.0,9.0,7.52,8.333333333,8.1,7.7,8.5,,8.393333333,5.0,Fase 2 (5° e 6° ano),-1,2023,1,2,Defasagem moderada,1,5.0,True,2024.0,-1.0,8.0,9.782608695499999,6.255,7.65625,7.705,5.0,7.7888467391,Ametista,1,-0.09999999999999964,0.7826086954999987,0.6048467391000001
RA-735,2H,12.0,Feminino,2021,Pública,Ametista,7.7888467391,8.002,9.782608695499999,6.255,7.65625,8.0,8.0,8.0,,7.705,5.0,Fase 3 (7° e 8° ano),-1,2024,2,3,Defasagem moderada,1,5.0,True,,,,,,,,,,,,,,
RA-736,0,10.0,Menino,2022,Escola Pública,Ágata,6.707,9.0,8.5,5.6,,5.4,4.7,6.2,,7.0,5.0,Fase 2 (5º e 6º ano),-2,2022,0,0,Defasagem moderada,1,5.0,True,2023.0,-1.0,6.7,9.5,6.27,7.708333333,8.11,5.0,7.600033333,Ametista,1,1.2999999999999998,1.0,0.893033333
RA-736,FASE 1,10.0,Masculino,2022,Pública,Ametista,7.600033333,8.5,9.5,6.27,7.708333333,6.7,4.8,8.5,,8.11,5.0,Fase 2 (5° e 6° ano),-1,2023,1,1,Defasagem moderada,1,5.0,True,,,,,,,,,,,,,,
RA-737,0,9.0,Menina,2022,Escola Pública,Ametista,8.058,9.5,9.2,5.6,,9.0,8.5,9.5,,9.167,5.0,Fase 1 (4º ano),-1,2022,0,0,Defasagem moderada,1,5.0,True,2023.0,0.0,7.5,7.8,7.52,7.291666667,7.783333333,10.0,8.048033333,Topázio,0,-1.5,-1.3999999999999995,-0.009966667000000484
RA-737,FASE 1,9.0,Feminino,2022,Pública,Topázio,8.048033333,9.5,7.8,7.52,7.291666667,7.5,7.0,8.0,,7.783333333,10.0,Fase 1 (3° e 4° ano),0,2023,1,1,Em fase / adiantado,0,10.0,True,2024.0,0.0,9.25,8.6542443065,6.885,7.5,8.0,10.0,8.4695488613,Topázio,0,1.75,0.8542443065000009,0.4215155283000005
RA-737,2H,11.0,Feminino,2022,Pública,Topázio,8.4695488613,8.502,8.6542443065,6.885,7.5,9.25,9.0,9.5,,8.0,10.0,Fase 2 (5° e 6° ano),0,2024,2,2,Em fase / adiantado,0,10.0,True,,,,,,,,,,,,,,
RA-738,0,8.0,Menina,2022,Escola Pública,Ametista,7.227,8.5,8.1,5.6,,5.7,7.7,3.7,,7.5,10.0,ALFA  (2º e 3º ano),0,2022,0,0,Em fase / adiantado,0,10.0,True,2023.0,0.0,6.0,9.3,7.52,8.4375,8.336666667,10.0,8.123283333,Topázio,0,0.2999999999999998,1.200000000000001,0.8962833329999995
RA-738,FASE 1,,Feminino,2022,Pública,Topázio,8.123283333,8.0,9.3,7.52,8.4375,6.0,4.2,7.8,,8.336666667,10.0,Fase 1 (3° e 4° ano),0,2023,1,1,Em fase / adiantado,0,10.0,True,2024.0,-1.0,7.25,7.292490119,6.885,6.875,7.39,5.0,7.2626980238000005,Ametista,1,1.25,-2.0075098810000007,-0.8605853091999993
RA-738,1H,10.0,Feminino,2022,Pública,Ametista,7.2626980238000005,10.002,7.292490119,6.885,6.875,7.25,7.5,7.0,,7.39,5.0,Fase 2 (5° e 6° ano),-1,2024,1,2,Defasagem moderada,1,5.0,True,,,,,,,,,,,,,,
RA-739,0,8.0,Menino,2022,Escola Pública,Ágata,6.82,6.4,7.3,5.6,,5.9,6.0,5.8,,7.083,10.0,ALFA  (2º e 3º ano),0,2022,0,0,Em fase / adiantado,0,10.0,True,2023.0,-1.0,7.6,8.3,7.52,6.25,8.25,5.0,7.5972,Ametista,1,1.6999999999999993,1.0000000000000009,0.7771999999999997
RA-739,ALFA,9.0,Masculino,2022,Pública,Ametista,7.5972,9.0,8.3,7.52,6.25,7.6,7.3,7.8,,8.25,5.0,Fase 1 (3° e 4° ano),-1,2023,0,1,Defasagem moderada,1,5.0,True,,,,,,,,,,,,,,
RA-74,5,16.0,Menino,2022,Escola Pública,Quartzo,4.989,9.6,3.3,7.5,,2.0,6.0,0.0,0.0,5.833,5.0,Fase 6 (2º EM),-1,2022,5,0,Defasagem moderada,1,5.0,True,,,,,,,,,,,,,,
RA-740,0,9.0,Menina,2022,Escola Pública,Ametista,7.218,8.5,9.0,5.6,,7.2,7.3,7.0,,7.5,5.0,Fase 1 (4º ano),-1,2022,0,0,Defasagem moderada,1,5.0,True,2023.0,-2.0,9.1,8.7,7.52,6.875,8.925,5.0,7.2845,Ametista,1,1.8999999999999995,-0.3000000000000007,0.06650000000000045
RA-740,ALFA,10.0,Feminino,2022,Privada,Ametista,7.2845,0.0,8.7,7.52,6.875,9.1,9.0,9.2,,8.925,5.0,Fase 2 (5° e 6° ano),-2,2023,0,1,Defasagem moderada,1,5.0,True,2024.0,-1.0,8.0,9.555335968,7.51,8.541666667,8.223333333,5.0,8.1611005269,Topázio,1,-1.0999999999999996,0.8553359680000003,0.8766005268999999
RA-740,1H,11.0,Feminino,2022,Privada,Topázio,8.1611005269,9.002,9.555335968,7.51,8.541666667,8.0,8.0,8.0,,8.223333333,5.0,Fase 2 (5° e 6° ano),-1,2024,1,2,Defasagem moderada,1,5.0,True,,,,,,,,,,,,,,
RA-741,0,10.0,Menina,2022,Escola Pública,Ágata,6.896,9.5,8.4,5.6,,6.3,7.3,5.2,,7.417,5.0,Fase 2 (5º e 6º ano),-2,2022,0,0,Defasagem moderada,1,5.0,True,2023.0,-2.0,5.1,6.9,4.39,5.625,7.095,5.0,6.2707,Ágata,1,-1.2000000000000002,-1.5,-0.6253000000000002
RA-741,ALFA,11.0,Feminino,2022,Pública,Ágata,6.2707,9.5,6.9,4.39,5.625,5.1,4.2,6.0,,7.095,5.0,Fase 2 (5° e 6° ano),-2,2023,0,1,Defasagem moderada,1,5.0,True,2024.0,-1.0,3.75,5.2964426875,5.005,5.833333333,4.223333333,5.0,5.0795885374,Quartzo,1,-1.3499999999999996,-1.6035573125000004,-1.1911114625999994
RA-741,1H,12.0,Feminino,2022,Pública,Quartzo,5.0795885374,8.418,5.2964426875,5.005,5.833333333,3.75,3.5,4.0,,4.223333333,5.0,Fase 2 (5° e 6° ano),-1,2024,1,2,Defasagem moderada,1,5.0,True,,,,,,,,,,,,,,
RA-742,0,9.0,Menina,2022,Escola Pública,Ametista,7.097,8.5,8.7,5.0,,7.3,8.3,6.2,,7.5,5.0,Fase 1 (4º ano),-1,2022,0,0,Defasagem moderada,1,5.0,True,2023.0,-2.0,7.5,7.6,7.52,7.5,10.01,5.0,7.024,Ametista,1,0.20000000000000018,-1.0999999999999996,-0.0730000000000004
RA-742,ALFA,10.0,Feminino,2022,Pública,Ametista,7.024,0.0,7.6,7.52,7.5,7.5,6.2,8.8,,10.01,5.0,Fase 2 (5° e 6° ano),-2,2023,0,1,Defasagem moderada,1,5.0,True,,,,,,,,,,,,,,
RA-743,0,9.0,Menina,2022,Escola Pública,Ágata,6.672,10.0,7.9,5.6,,4.8,4.8,4.8,,7.5,5.0,Fase 1 (4º ano),-1,2022,0,0,Defasagem moderada,1,5.0,True,2023.0,-2.0,7.1,9.1,3.77,7.5,9.01,5.0,6.659,Ágata,1,2.3,1.1999999999999993,-0.0129999999999999
RA-743,ALFA,10.0,Feminino,2022,Pública,Ágata,6.659,0.0,9.1,3.77,7.5,7.1,7.3,6.8,,9.01,5.0,Fase 2 (5° e 6° ano),-2,2023,0,1,Defasagem moderada,1,5.0,True,2024.0,-1.0,7.0,9.2727272725,7.51,7.5,7.5,5.0,7.655745454500001,Ametista,1,-0.09999999999999964,0.17272727249999953,0.996745454500001
RA-743,1C,11.0,Feminino,2022,Pública,Ametista,7.655745454500001,9.002,9.2727272725,7.51,7.5,7.0,6.5,7.5,,7.5,5.0,Fase 2 (5° e 6° ano),-1,2024,1,2,Defasagem moderada,1,5.0,True,,,,,,,,,,,,,,
RA-744,0,8.0,Menina,2022,Escola Pública,Ametista,7.742,9.5,9.7,5.6,,6.2,6.0,6.3,,7.5,10.0,ALFA  (2º e 3º ano),0,2022,0,0,Em fase / adiantado,0,10.0,True,,,,,,,,,,,,,,
RA-745,0,9.0,Menino,2021,Rede Decisão,Ametista,7.382,9.0,8.5,5.6,,8.1,8.5,7.7,,7.75,5.0,Fase 1 (4º ano),-1,2022,0,1,Defasagem moderada,1,5.0,True,2023.0,-1.0,7.0,9.3,3.77,8.125,8.893333333,5.0,7.668366667,Ametista,1,-1.0999999999999996,0.8000000000000007,0.28636666700000024
RA-745,FASE 1,,Masculino,2021,Privada - Programa de Apadrinhamento,Ametista,7.668366667,9.5,9.3,3.77,8.125,7.0,5.7,8.2,,8.893333333,5.0,Fase 2 (5° e 6° ano),-1,2023,1,2,Defasagem moderada,1,5.0,True,2024.0,0.0,8.5,10.0,6.26,7.5,8.17,10.0,8.6102,Topázio,0,1.5,0.6999999999999993,0.9418333330000008
RA-745,2I,11.0,Masculino,2021,Privada - Programa de Apadrinhamento,Topázio,8.6102,9.002,10.0,6.26,7.5,8.5,8.0,9.0,,8.17,10.0,Fase 2 (5° e 6° ano),0,2024,2,3,Em fase / adiantado,0,10.0,True,,,,,,,,,,,,,,
RA-746,0,8.0,Menino,2022,Escola Pública,Ametista,7.656,8.0,9.1,5.6,,7.2,7.7,6.7,,7.417,10.0,ALFA  (2º e 3º ano),0,2022,0,0,Em fase / adiantado,0,10.0,True,2023.0,0.0,7.2,8.0,3.77,6.875,7.113333333,10.0,6.517166667,Ágata,0,0.0,-1.0999999999999996,-1.138833333
RA-746,FASE 1,,Masculino,2022,Pública,Ágata,6.517166667,0.0,8.0,3.77,6.875,7.2,6.0,8.3,,7.113333333,10.0,Fase 1 (3° e 4° ano),0,2023,1,1,Em fase / adiantado,0,10.0,True,2024.0,0.0,8.0,7.4305555555,7.51,7.5,7.33,10.0,7.903311111100001,Ametista,0,0.7999999999999998,-0.5694444445000002,1.386144444100001
RA-746,2I,10.0,Masculino,2022,Pública,Ametista,7.903311111100001,8.502,7.4305555555,7.51,7.5,8.0,8.0,8.0,,7.33,10.0,Fase 2 (5° e 6° ano),0,2024,2,2,Em fase / adiantado,0,10.0,True,,,,,,,,,,,,,,
RA-747,0,11.0,Menina,2022,Escola Pública,Ametista,7.676,10.0,7.6,7.5,,8.8,8.2,9.4,,7.917,5.0,Fase 2 (5º e 6º ano),-2,2022,0,0,Defasagem moderada,1,5.0,True,2023.0,-1.0,3.1,8.0,3.14,6.041666667,6.94,5.0,6.026366667,Ágata,1,-5.700000000000001,0.40000000000000036,-1.6496333330000006
RA-747,FASE 1,11.0,Feminino,2022,Pública,Ágata,6.026366667,10.0,8.0,3.14,6.041666667,3.1,1.2,5.0,,6.94,5.0,Fase 2 (5° e 6° ano),-1,2023,1,1,Defasagem moderada,1,5.0,True,2024.0,-2.0,2.25,8.095238095,5.005,7.083333333,5.335,5.0,5.8450809523,Quartzo,1,-0.8500000000000001,0.09523809499999913,-0.18128571469999955
RA-747,1K,12.0,Feminino,2022,Pública,Quartzo,5.8450809523,10.002,8.095238095,5.005,7.083333333,2.25,4.5,0.0,,5.335,5.0,Fase 3 (7° e 8° ano),-2,2024,1,2,Defasagem moderada,1,5.0,True,,,,,,,,,,,,,,
RA-748,0,9.0,Menino,2022,Escola Pública,Topázio,8.084,10.0,9.0,7.5,,9.1,9.6,8.6,,8.25,5.0,Fase 1 (4º ano),-1,2022,0,0,Defasagem moderada,1,5.0,True,2023.0,-2.0,9.1,9.7,7.52,7.5,10.01,5.0,8.7142,Topázio,1,0.0,0.6999999999999993,0.6302000000000003
RA-748,ALFA,,Masculino,2022,Pública,Topázio,8.7142,9.5,9.7,7.52,7.5,9.1,9.0,9.2,,10.01,5.0,Fase 2 (5° e 6° ano),-2,2023,0,1,Defasagem moderada,1,5.0,True,2024.0,-1.0,7.75,10.0,7.51,8.75,8.005,5.0,8.2272,Topázio,1,-1.3499999999999996,0.3000000000000007,-0.4870000000000001
RA-748,1K,11.0,Masculino,2021,Pública,Topázio,8.2272,9.502,10.0,7.51,8.75,7.75,7.5,8.0,,8.005,5.0,Fase 2 (5° e 6° ano),-1,2024,1,3,Defasagem moderada,1,5.0,True,,,,,,,,,,,,,,
RA-749,0,9.0,Menino,2022,Escola Pública,Ametista,7.484,9.5,7.7,7.5,,8.8,9.5,8.1,,7.25,5.0,Fase 1 (4º ano),-1,2022,0,0,Defasagem moderada,1,5.0,True,2023.0,-1.0,7.3,9.0,7.52,5.625,8.425,5.0,7.7597,Ametista,1,-1.5000000000000009,1.2999999999999998,0.2756999999999996
RA-749,ALFA,9.0,Masculino,2022,Pública,Ametista,7.7597,10.0,9.0,7.52,5.625,7.3,7.3,7.3,,8.425,5.0,Fase 1 (3° e 4° ano),-1,2023,0,1,Defasagem moderada,1,5.0,True,2024.0,-2.0,8.75,9.7368421055,8.13,8.4375,7.665,5.0,8.3373184211,Topázio,1,1.4500000000000002,0.7368421054999992,0.5776184211000013
RA-749,ALFA,10.0,Masculino,2022,Pública,Topázio,8.3373184211,9.502,9.7368421055,8.13,8.4375,8.75,10.0,7.5,,7.665,5.0,Fase 2 (5° e 6° ano),-2,2024,0,2,Defasagem moderada,1,5.0,True,,,,,,,,,,,,,,
RA-75,5,16.0,Menina,2022,Escola Pública,Quartzo,3.915,5.4,3.8,6.3,,0.0,0.0,0.0,,4.625,5.0,Fase 6 (2º EM),-1,2022,5,0,Defasagem moderada,1,5.0,True,,,,,,,,,,,,,,
RA-750,0,10.0,Menino,2019,Escola Pública,Ágata,6.344,9.5,8.9,4.4,,6.8,7.1,6.4,,5.167,5.0,Fase 2 (5º e 6º ano),-2,2022,0,3,Defasagem moderada,1,5.0,True,2023.0,-2.0,3.4,7.7,3.14,4.375,6.32,5.0,5.6857,Quartzo,1,-3.4,-1.2000000000000002,-0.6583000000000006
RA-750,ALFA,,Masculino,2019,Pública,Quartzo,5.6857,9.5,7.7,3.14,4.375,3.4,3.3,3.5,,6.32,5.0,Fase 2 (5° e 6° ano),-2,2023,0,4,Defasagem moderada,1,5.0,True,2024.0,-2.0,3.75,5.938735178,4.38,4.0625,3.176666667,5.0,4.542230369,Quartzo,1,0.3500000000000001,-1.7612648220000002,-1.1434696309999994
RA-750,1B,12.0,Masculino,2021,Pública,Quartzo,4.542230369,6.249,5.938735178,4.38,4.0625,3.75,0.5,7.0,,3.176666667,5.0,Fase 3 (7° e 8° ano),-2,2024,1,3,Defasagem moderada,1,5.0,True,,,,,,,,,,,,,,
RA-751,0,11.0,Menino,2022,Escola Pública,Quartzo,5.246,8.5,5.8,7.5,,3.8,2.7,4.9,,6.167,5.0,Fase 2 (5º e 6º ano),-2,2022,0,0,Defasagem moderada,1,5.0,True,,,,,,,,,,,,,,
RA-752,0,11.0,Menina,2022,Escola Pública,Topázio,8.197,10.0,9.0,7.5,,9.5,9.6,9.4,,8.417,5.0,Fase 2 (5º e 6º ano),-2,2022,0,0,Defasagem moderada,1,5.0,True,2023.0,-1.0,6.4,9.9,7.52,7.65625,9.23,5.0,8.073825,Topázio,1,-3.0999999999999996,0.9000000000000004,-0.12317499999999981
RA-752,FASE 1,11.0,Feminino,2022,Pública,Topázio,8.073825,9.5,9.9,7.52,7.65625,6.4,4.8,8.0,,9.23,5.0,Fase 2 (5° e 6° ano),-1,2023,1,1,Defasagem moderada,1,5.0,True,2024.0,-1.0,5.75,7.525879916999999,7.51,5.9375,5.613333333,5.0,6.57279265,Ágata,1,-0.6500000000000004,-2.374120083000001,-1.5010323499999991
RA-752,2U,12.0,Feminino,2022,Pública,Ágata,6.57279265,9.502,7.525879916999999,7.51,5.9375,5.75,7.0,4.5,,5.613333333,5.0,Fase 3 (7° e 8° ano),-1,2024,2,2,Defasagem moderada,1,5.0,True,,,,,,,,,,,,,,
RA-753,0,8.0,Menina,2022,Escola Pública,Topázio,8.481,9.5,8.6,7.5,,9.1,9.4,8.8,,8.417,10.0,ALFA  (2º e 3º ano),0,2022,0,0,Em fase / adiantado,0,10.0,True,2023.0,-1.0,9.0,9.9,7.52,7.5,9.925,5.0,8.6672,Topázio,1,-0.09999999999999964,1.3000000000000007,0.18619999999999948
RA-753,ALFA,,Feminino,2022,Pública,Topázio,8.6672,9.0,9.9,7.52,7.5,9.0,9.0,9.0,,9.925,5.0,Fase 1 (3° e 4° ano),-1,2023,0,1,Defasagem moderada,1,5.0,True,2024.0,-1.0,8.5,9.047619048,7.51,8.333333333,8.255,5.0,8.2450571429,Topázio,1,-0.5,-0.8523809520000007,-0.422142857099999
RA-753,1K,10.0,Feminino,2022,Pública,Topázio,8.2450571429,10.002,9.047619048,7.51,8.333333333,8.5,9.0,8.0,,8.255,5.0,Fase 2 (5° e 6° ano),-1,2024,1,2,Defasagem moderada,1,5.0,True,,,,,,,,,,,,,,
RA-754,0,9.0,Menino,2022,Escola Pública,Ágata,6.602,10.0,5.8,4.4,,7.9,7.8,8.1,,6.917,5.0,Fase 1 (4º ano),-1,2022,0,0,Defasagem moderada,1,5.0,True,2023.0,-2.0,5.6,6.1,2.52,6.875,6.67,5.0,6.0537,Ágata,1,-2.3000000000000007,0.2999999999999998,-0.5483000000000002
RA-754,ALFA,,Masculino,2022,Pública,Ágata,6.0537,9.5,6.1,2.52,6.875,5.6,5.7,5.4,,6.67,5.0,Fase 2 (5° e 6° ano),-2,2023,0,1,Defasagem moderada,1,5.0,True,2024.0,-2.0,6.25,6.25,5.625,2.5,4.75,5.0,5.6127,Quartzo,1,0.6500000000000004,0.15000000000000036,-0.44099999999999984
RA-754,ALFA,11.0,Masculino,2022,Pública,Quartzo,5.6127,8.502,6.25,5.625,2.5,6.25,6.0,6.5,,4.75,5.0,Fase 2 (5° e 6° ano),-2,2024,0,2,Defasagem moderada,1,5.0,True,,,,,,,,,,,,,,
RA-755,0,8.0,Menino,2022,Escola Pública,Topázio,8.566,9.5,9.2,6.9,,9.5,9.8,9.3,,8.083,10.0,ALFA  (2º e 3º ano),0,2022,0,0,Em fase / adiantado,0,10.0,True,2023.0,-1.0,9.2,9.5,7.52,7.5,10.01,5.0,8.7442,Topázio,1,-0.3000000000000007,0.3000000000000007,0.17819999999999858
RA-755,ALFA,9.0,Masculino,2022,Pública,Topázio,8.7442,10.0,9.5,7.52,7.5,9.2,9.2,9.2,,10.01,5.0,Fase 1 (3° e 4° ano),-1,2023,0,1,Defasagem moderada,1,5.0,True,2024.0,-1.0,9.75,10.0,7.51,9.0625,9.09,5.0,8.925450000000001,Topázio,1,0.5500000000000007,0.5,0.18125000000000213
RA-755,1M,10.0,Masculino,2022,Pública,Topázio,8.925450000000001,10.002,10.0,7.51,9.0625,9.75,10.0,9.5,,9.09,5.0,Fase 2 (5° e 6° ano),-1,2024,1,2,Defasagem moderada,1,5.0,True,,,,,,,,,,,,,,
RA-756,0,9.0,Menino,2022,Escola Pública,Ágata,6.976,10.0,7.9,7.5,,5.7,5.6,5.8,,7.25,5.0,Fase 1 (4º ano),-1,2022,0,0,Defasagem moderada,1,5.0,True,2023.0,-2.0,6.1,8.7,7.52,5.625,6.59,5.0,7.0927,Ametista,1,0.39999999999999947,0.7999999999999989,0.1166999999999998
RA-756,ALFA,,Masculino,2022,Pública,Ametista,7.0927,10.0,8.7,7.52,5.625,6.1,5.4,6.8,,6.59,5.0,Fase 2 (5° e 6° ano),-2,2023,0,1,Defasagem moderada,1,5.0,True,2024.0,-2.0,5.5,8.75,7.51,8.125,7.24,5.0,7.361700000000001,Ametista,1,-0.5999999999999996,0.05000000000000071,0.269000000000001
RA-756,ALFA,11.0,Masculino,2022,Pública,Ametista,7.361700000000001,10.002,8.75,7.51,8.125,5.5,10.0,1.0,,7.24,5.0,Fase 2 (5° e 6° ano),-2,2024,0,2,Defasagem moderada,1,5.0,True,,,,,,,,,,,,,,
RA-757,0,9.0,Menina,2022,Escola Pública,Topázio,8.26,9.5,9.3,7.5,,9.7,9.9,9.6,,8.5,5.0,Fase 1 (4º ano),-1,2022,0,0,Defasagem moderada,1,5.0,True,2023.0,-2.0,9.3,9.6,7.52,7.5,10.01,5.0,8.6742,Topázio,1,-0.3999999999999986,0.29999999999999893,0.414200000000001
RA-757,ALFA,10.0,Feminino,2022,Pública,Topázio,8.6742,9.0,9.6,7.52,7.5,9.3,9.5,9.0,,10.01,5.0,Fase 2 (5° e 6° ano),-2,2023,0,1,Defasagem moderada,1,5.0,True,2024.0,-1.0,7.0,9.285714286000001,7.51,8.125,8.34,5.0,7.938842857200001,Ametista,1,-2.3000000000000007,-0.3142857139999986,-0.7353571427999999
RA-757,1K,11.0,Feminino,2022,Pública,Ametista,7.938842857200001,9.502,9.285714286000001,7.51,8.125,7.0,6.5,7.5,,8.34,5.0,Fase 2 (5° e 6° ano),-1,2024,1,2,Defasagem moderada,1,5.0,True,,,,,,,,,,,,,,
RA-758,0,9.0,Menino,2022,Escola Pública,Ametista,7.911,9.0,9.1,7.5,,8.1,8.0,8.2,,8.333,5.0,Fase 1 (4º ano),-1,2022,0,0,Defasagem moderada,1,5.0,True,,,,,,,,,,,,,,
RA-759,0,10.0,Menina,2021,Escola Pública,Ametista,7.563,9.0,8.6,7.5,,7.5,8.3,6.7,,7.833,5.0,Fase 2 (5º e 6º ano),-2,2022,0,1,Defasagem moderada,1,5.0,True,,,,,,,,,,,,,,
RA-76,5,15.0,Menina,2017,Rede Decisão,Topázio,9.105,10.0,9.1,8.1,,8.7,9.3,8.3,8.4,9.292,10.0,Fase 5 (1º EM),0,2022,5,5,Em fase / adiantado,0,10.0,True,2023.0,2.0,,,2.52,,,10.0,,,0,,,
RA-76,FASE 7,15.0,Feminino,2017,Privada *Parcerias com Bolsa 100%,,,10.0,,2.52,,,,,,,10.0,Fase 5 (1° EM),2,2023,7,6,Em fase / adiantado,0,10.0,True,2024.0,2.0,7.066666666666666,9.0,6.885,7.5,7.5,10.0,8.152033333333334,Topázio,0,,,
RA-76,7E,16.0,Feminino,2021,Privada *Parcerias com Bolsa 100%,Topázio,8.152033333333334,10.002,9.0,6.885,7.5,7.066666666666666,7.3,7.8,6.1,7.5,10.0,Fase 5 (1° EM),2,2024,7,3,Em fase / adiantado,0,10.0,True,,,,,,,,,,,,,,
RA-760,0,11.0,Menino,2021,Escola Pública,Topázio,8.172,9.0,9.2,7.5,,8.8,9.3,8.2,,8.917,5.0,Fase 2 (5º e 6º ano),-2,2022,0,1,Defasagem moderada,1,5.0,True,2023.0,-1.0,6.3,8.8,7.52,7.083333333,7.84,5.0,6.548333333,Ágata,1,-2.500000000000001,-0.3999999999999986,-1.6236666670000002
RA-760,FASE 2,,Masculino,2021,Pública,Ágata,6.548333333,0.0,8.8,7.52,7.083333333,6.3,5.8,6.8,,7.84,5.0,Fase 3 (7° e 8° ano),-1,2023,2,2,Defasagem moderada,1,5.0,True,2024.0,0.0,5.0,7.090909091,7.51,6.25,6.158,10.0,6.942581818200001,Ágata,0,-1.2999999999999998,-1.7090909090000004,0.39424848520000033
RA-760,3M,13.0,Masculino,2021,Pública,Ágata,6.942581818200001,9.168,7.090909091,7.51,6.25,5.0,2.5,3.5,9.0,6.158,10.0,Fase 3 (7° e 8° ano),0,2024,3,3,Em fase / adiantado,0,10.0,True,,,,,,,,,,,,,,
RA-761,0,9.0,Menino,2022,Escola Pública,Topázio,8.06,10.0,9.4,7.5,,8.2,8.8,7.5,,8.25,5.0,Fase 1 (4º ano),-1,2022,0,0,Defasagem moderada,1,5.0,True,2023.0,-1.0,8.4,9.7,7.52,8.333333333,8.12,5.0,8.219533333,Topázio,1,0.20000000000000107,0.29999999999999893,0.15953333299999883
RA-761,FASE 1,10.0,Masculino,2022,Pública,Topázio,8.219533333,9.0,9.7,7.52,8.333333333,8.4,8.7,8.0,,8.12,5.0,Fase 2 (5° e 6° ano),-1,2023,1,1,Defasagem moderada,1,5.0,True,2024.0,0.0,7.25,8.8636363635,6.26,8.75,8.003333333,10.0,8.174593939300001,Topázio,0,-1.1500000000000004,-0.8363636364999998,-0.04493939369999822
RA-761,2M,11.0,Masculino,2022,Pública,Topázio,8.174593939300001,8.502,8.8636363635,6.26,8.75,7.25,8.0,6.5,,8.003333333,10.0,Fase 2 (5° e 6° ano),0,2024,2,2,Em fase / adiantado,0,10.0,True,,,,,,,,,,,,,,
RA-762,0,12.0,Menino,2022,Escola Pública,Ametista,7.28,10.0,9.7,7.5,,6.7,7.3,6.0,,7.083,2.5,Fase 3 (7º e 8º ano),-3,2022,0,0,Defasagem severa,1,2.5,True,2023.0,-2.0,5.8,9.1,3.14,7.8125,7.67,5.0,7.09945,Ametista,1,-0.9000000000000004,-0.5999999999999996,-0.1805500000000002
RA-762,FASE 1,13.0,Masculino,2022,Pública,Ametista,7.09945,10.0,9.1,3.14,7.8125,5.8,6.2,5.3,,7.67,5.0,Fase 3 (7° e 8° ano),-2,2023,1,1,Defasagem moderada,1,5.0,True,2024.0,-2.0,3.75,6.4239130435,6.26,6.5625,5.7525,5.0,5.9677326087,Quartzo,1,-2.05,-2.6760869565,-1.1317173912999996
RA-762,2K,14.0,Masculino,2022,Pública,Quartzo,5.9677326087,10.002,6.4239130435,6.26,6.5625,3.75,4.0,3.5,,5.7525,5.0,Fase 4 (9° ano),-2,2024,2,2,Defasagem moderada,1,5.0,True,,,,,,,,,,,,,,
RA-763,0,10.0,Menina,2021,Escola Pública,Ametista,7.402,9.5,9.7,7.5,,6.5,6.3,6.7,,7.167,5.0,Fase 2 (5º e 6º ano),-2,2022,0,1,Defasagem moderada,1,5.0,True,2023.0,-2.0,7.9,9.2,3.14,6.875,9.0,5.0,6.7215,Ágata,1,1.4000000000000004,-0.5,-0.6805000000000003
RA-763,ALFA,10.0,Feminino,2021,Pública,Ágata,6.7215,0.0,9.2,3.14,6.875,7.9,7.8,8.0,,9.0,5.0,Fase 2 (5° e 6° ano),-2,2023,0,2,Defasagem moderada,1,5.0,True,2024.0,-1.0,5.25,8.8636363635,6.26,7.708333333,6.825,5.0,6.984760606,Ágata,1,-2.6500000000000004,-0.3363636364999998,0.26326060600000023
RA-763,1N,11.0,Feminino,2021,Pública,Ágata,6.984760606,9.002,8.8636363635,6.26,7.708333333,5.25,6.5,4.0,,6.825,5.0,Fase 2 (5° e 6° ano),-1,2024,1,3,Defasagem moderada,1,5.0,True,,,,,,,,,,,,,,
RA-764,0,8.0,Menino,2022,Escola Pública,Ametista,8.004,9.0,8.8,7.5,,7.5,7.2,7.8,,7.667,10.0,ALFA  (2º e 3º ano),0,2022,0,0,Em fase / adiantado,0,10.0,True,2023.0,0.0,7.8,9.2,7.52,8.28125,8.56,10.0,7.682125,Ametista,0,0.2999999999999998,0.3999999999999986,-0.32187499999999947
RA-764,FASE 1,,Masculino,2022,Pública,Ametista,7.682125,0.0,9.2,7.52,8.28125,7.8,6.0,9.5,,8.56,10.0,Fase 1 (3° e 4° ano),0,2023,1,1,Em fase / adiantado,0,10.0,True,2024.0,0.0,6.0,7.8804347825,7.51,8.4375,8.336666667,10.0,7.838370289900001,Ametista,0,-1.7999999999999998,-1.3195652174999992,0.15624528990000108
RA-764,2N,10.0,Masculino,2022,Privada,Ametista,7.838370289900001,8.002,7.8804347825,7.51,8.4375,6.0,3.0,9.0,,8.336666667,10.0,Fase 2 (5° e 6° ano),0,2024,2,2,Em fase / adiantado,0,10.0,True,,,,,,,,,,,,,,
RA-765,0,9.0,Menino,2022,Escola Pública,Ágata,6.902,8.5,9.3,7.5,,4.3,5.0,3.7,,7.417,5.0,Fase 1 (4º ano),-1,2022,0,0,Defasagem moderada,1,5.0,True,,,,,,,,,,,,,,
RA-766,0,11.0,Menina,2020,Escola Pública,Topázio,8.185,10.0,9.5,7.5,,8.7,8.5,8.8,,8.333,5.0,Fase 2 (5º e 6º ano),-2,2022,0,2,Defasagem moderada,1,5.0,True,2023.0,-1.0,8.7,8.7,4.39,9.21875,8.336666667,5.0,8.008408333,Topázio,1,0.0,-0.8000000000000007,-0.17659166700000029
RA-766,FASE 1,11.0,Feminino,2020,Pública,Topázio,8.008408333,10.0,8.7,4.39,9.21875,8.7,9.2,8.2,,8.336666667,5.0,Fase 2 (5° e 6° ano),-1,2023,1,3,Defasagem moderada,1,5.0,True,,,,,,,,,,,,,,
RA-767,0,10.0,Menino,2021,Escola Pública,Ametista,7.511,9.5,9.0,7.5,,7.0,7.3,6.7,,7.583,5.0,Fase 2 (5º e 6º ano),-2,2022,0,1,Defasagem moderada,1,5.0,True,2023.0,-1.0,6.3,8.3,7.52,7.291666667,7.446666667,5.0,7.3807,Ametista,1,-0.7000000000000002,-0.6999999999999993,-0.13030000000000008
RA-767,FASE 1,11.0,Masculino,2021,Pública,Ametista,7.3807,10.0,8.3,7.52,7.291666667,6.3,6.5,6.0,,7.446666667,5.0,Fase 2 (5° e 6° ano),-1,2023,1,2,Defasagem moderada,1,5.0,True,2024.0,-2.0,8.25,9.0476190475,7.51,8.541666667,8.085,5.0,8.131890476200002,Topázio,1,1.9500000000000002,0.7476190474999989,0.7511904762000023
RA-767,1L,12.0,Masculino,2021,Pública,Topázio,8.131890476200002,9.502,9.0476190475,7.51,8.541666667,8.25,8.5,8.0,,8.085,5.0,Fase 3 (7° e 8° ano),-2,2024,1,3,Defasagem moderada,1,5.0,True,,,,,,,,,,,,,,
RA-768,0,10.0,Menina,2021,Escola Pública,Ametista,7.646,9.0,10.0,7.5,,7.1,7.0,7.2,,7.583,5.0,Fase 2 (5º e 6º ano),-2,2022,0,1,Defasagem moderada,1,5.0,True,2023.0,-2.0,7.9,9.1,7.52,7.5,10.01,5.0,8.4042,Topázio,1,0.8000000000000007,-0.9000000000000004,0.7581999999999995
RA-768,ALFA,,Feminino,2021,Pública,Topázio,8.4042,10.0,9.1,7.52,7.5,7.9,8.0,7.8,,10.01,5.0,Fase 2 (5° e 6° ano),-2,2023,0,2,Defasagem moderada,1,5.0,True,2024.0,-1.0,5.5,7.9841897235,6.26,8.125,7.495,5.0,7.0345379447,Ametista,1,-2.4000000000000004,-1.1158102764999995,-1.3696620552999992
RA-768,1N,12.0,Feminino,2021,Pública,Ametista,7.0345379447,9.002,7.9841897235,6.26,8.125,5.5,6.0,5.0,,7.495,5.0,Fase 2 (5° e 6° ano),-1,2024,1,3,Defasagem moderada,1,5.0,True,,,,,,,,,,,,,,
RA-769,0,9.0,Menina,2022,Escola Pública,Ametista,7.598,10.0,7.5,7.5,,7.9,9.6,6.2,,8.5,5.0,Fase 1 (4º ano),-1,2022,0,0,Defasagem moderada,1,5.0,True,2023.0,-2.0,8.0,9.3,3.77,7.8125,8.675,5.0,7.85345,Ametista,1,0.09999999999999964,1.8000000000000007,0.25544999999999973
RA-769,ALFA,10.0,Feminino,2022,Pública,Ametista,7.85345,10.0,9.3,3.77,7.8125,8.0,8.2,7.8,,8.675,5.0,Fase 2 (5° e 6° ano),-2,2023,0,1,Defasagem moderada,1,5.0,True,2024.0,-1.0,6.0,5.9523809525,7.51,7.916666667,8.33,5.0,7.099342857200002,Ametista,1,-2.0,-3.3476190475000003,-0.7541071427999979
RA-769,1K,11.0,Feminino,2022,Pública,Ametista,7.099342857200002,10.002,5.9523809525,7.51,7.916666667,6.0,6.0,6.0,,8.33,5.0,Fase 2 (5° e 6° ano),-1,2024,1,2,Defasagem moderada,1,5.0,True,,,,,,,,,,,,,,
RA-77,5,16.0,Menino,2019,Escola Pública,Quartzo,3.846,7.1,2.7,5.0,,0.7,0.3,1.8,0.0,4.625,5.0,Fase 6 (2º EM),-1,2022,5,3,Defasagem moderada,1,5.0,True,,,,,,,,,,,,,,
RA-770,0,7.0,Menino,2022,Escola Pública,Topázio,8.143,9.5,8.9,7.5,,8.3,8.5,8.1,,7.333,10.0,ALFA  (2º e 3º ano),0,2022,0,0,Em fase / adiantado,0,10.0,True,2023.0,0.0,5.9,8.3,3.77,6.875,8.92,10.0,6.6785,Ágata,0,-2.4000000000000004,-0.5999999999999996,-1.464500000000001
RA-770,ALFA,,Masculino,2022,Pública,Ágata,6.6785,0.0,8.3,3.77,6.875,5.9,6.0,5.7,,8.92,10.0,ALFA (1° e 2° ano),0,2023,0,1,Em fase / adiantado,0,10.0,True,2024.0,-1.0,5.0,9.022556391,7.51,7.5,7.5,5.0,7.3057112782,Ametista,1,-0.9000000000000004,0.7225563909999995,0.6272112782000008
RA-770,ALFA,9.0,Masculino,2022,Pública,Ametista,7.3057112782,10.002,9.022556391,7.51,7.5,5.0,4.0,6.0,,7.5,5.0,Fase 1 (3° e 4° ano),-1,2024,0,2,Defasagem moderada,1,5.0,True,,,,,,,,,,,,,,
RA-771,0,7.0,Menina,2022,Escola Pública,Ametista,7.873,10.0,8.3,7.5,,7.0,7.2,6.9,,7.5,10.0,ALFA  (2º e 3º ano),0,2022,0,0,Em fase / adiantado,0,10.0,True,2023.0,0.0,8.2,8.8,3.14,6.25,8.585,10.0,7.056,Ametista,0,1.1999999999999993,0.5,-0.8170000000000002
RA-771,ALFA,,Feminino,2022,Pública,Ametista,7.056,0.0,8.8,3.14,6.25,8.2,8.2,8.2,,8.585,10.0,ALFA (1° e 2° ano),0,2023,0,1,Em fase / adiantado,0,10.0,True,2024.0,-1.0,6.5,6.619047619,3.135,5.625,6.08,5.0,6.066009523800001,Ágata,1,-1.6999999999999993,-2.180952381000001,-0.9899904761999991
RA-771,ALFA,9.0,Feminino,2022,Pública,Ágata,6.066009523800001,8.502,6.619047619,3.135,5.625,6.5,6.5,6.5,,6.08,5.0,Fase 1 (3° e 4° ano),-1,2024,0,2,Defasagem moderada,1,5.0,True,,,,,,,,,,,,,,
RA-772,0,11.0,Menino,2021,Escola Pública,Ágata,6.994,9.0,5.4,7.5,,9.2,9.3,9.2,,7.25,5.0,Fase 2 (5º e 6º ano),-2,2022,0,1,Defasagem moderada,1,5.0,True,2023.0,-2.0,4.8,7.2,7.52,6.875,8.003333333,5.0,5.930166667,Quartzo,1,-4.3999999999999995,1.7999999999999998,-1.0638333329999998
RA-772,FASE 1,12.0,Masculino,2021,Pública,Quartzo,5.930166667,0.0,7.2,7.52,6.875,4.8,5.2,4.3,,8.003333333,5.0,Fase 3 (7° e 8° ano),-2,2023,1,2,Defasagem moderada,1,5.0,True,,,,,,,,,,,,,,
RA-773,0,9.0,Menina,2022,Escola Pública,Ágata,6.922,10.0,6.8,5.0,,8.1,9.3,6.8,,7.083,5.0,Fase 1 (4º ano),-1,2022,0,0,Defasagem moderada,1,5.0,True,2023.0,-1.0,7.9,7.5,2.52,5.625,7.67,5.0,6.9287,Ágata,1,-0.1999999999999993,0.7000000000000002,0.006700000000000372
RA-773,ALFA,9.0,Feminino,2022,Pública,Ágata,6.9287,10.0,7.5,2.52,5.625,7.9,8.0,7.8,,7.67,5.0,Fase 1 (3° e 4° ano),-1,2023,0,1,Defasagem moderada,1,5.0,True,2024.0,-2.0,5.0,8.75,2.51,7.5,6.575,5.0,6.566200000000001,Ágata,1,-2.9000000000000004,1.25,-0.36249999999999893
RA-773,ALFA,10.0,Feminino,2022,Pública,Ágata,6.566200000000001,10.002,8.75,2.51,7.5,5.0,8.0,2.0,,6.575,5.0,Fase 2 (5° e 6° ano),-2,2024,0,2,Defasagem moderada,1,5.0,True,,,,,,,,,,,,,,
RA-774,0,8.0,Menina,2022,Escola Pública,Ametista,7.587,10.0,7.8,7.5,,6.1,7.8,4.4,,7.417,10.0,ALFA  (2º e 3º ano),0,2022,0,0,Em fase / adiantado,0,10.0,True,2023.0,-1.0,6.9,9.5,3.14,5.0,6.34,5.0,5.852,Quartzo,1,0.8000000000000007,1.7000000000000002,-1.7349999999999994
RA-774,ALFA,,Feminino,2022,Pública,Quartzo,5.852,0.0,9.5,3.14,5.0,6.9,7.7,6.0,,6.34,5.0,Fase 1 (3° e 4° ano),-1,2023,0,1,Defasagem moderada,1,5.0,True,2024.0,-1.0,3.75,6.3928571430000005,2.51,6.25,6.405,5.0,5.685771428600001,Quartzo,1,-3.1500000000000004,-3.1071428569999995,-0.16622857139999958
RA-774,ALFA,10.0,Feminino,2022,Pública,Quartzo,5.685771428600001,10.002,6.3928571430000005,2.51,6.25,3.75,2.0,5.5,,6.405,5.0,Fase 1 (3° e 4° ano),-1,2024,0,2,Defasagem moderada,1,5.0,True,,,,,,,,,,,,,,
RA-775,0,10.0,Menino,2021,Escola Pública,Quartzo,5.79,7.9,5.7,4.4,,5.7,5.5,5.8,,6.417,5.0,Fase 2 (5º e 6º ano),-2,2022,0,1,Defasagem moderada,1,5.0,True,,,,,,,,,,,,,,
RA-776,0,9.0,Menina,2022,Escola Pública,Quartzo,3.898,0.0,4.3,4.4,,1.7,0.0,3.3,,6.333,5.0,Fase 1 (4º ano),-1,2022,0,0,Defasagem moderada,1,5.0,True,2023.0,-1.0,3.5,7.0,7.52,7.8125,7.223333333,5.0,5.567916667,Quartzo,1,1.8,2.7,1.6699166670000003
RA-776,FASE 1,,Feminino,2022,Privada - Programa de Apadrinhamento,Quartzo,5.567916667,0.0,7.0,7.52,7.8125,3.5,4.2,2.7,,7.223333333,5.0,Fase 2 (5° e 6° ano),-1,2023,1,1,Defasagem moderada,1,5.0,True,2024.0,-1.0,0.0,5.9523809525,5.63,8.333333333,6.5,5.0,5.178509523800001,Quartzo,1,-3.5,-1.0476190474999996,-0.3894071431999997
RA-776,1K,11.0,Feminino,2022,Pública,Quartzo,5.178509523800001,7.917,5.9523809525,5.63,8.333333333,0.0,0.0,0.0,,6.5,5.0,Fase 2 (5° e 6° ano),-1,2024,1,2,Defasagem moderada,1,5.0,True,,,,,,,,,,,,,,
RA-777,0,8.0,Menino,2022,Escola Pública,Ametista,7.096,8.0,7.7,7.5,,5.3,6.5,4.0,,7.0,10.0,ALFA  (2º e 3º ano),0,2022,0,0,Em fase / adiantado,0,10.0,True,2023.0,0.0,6.3,9.3,7.52,8.28125,8.84,10.0,7.468125,Ametista,0,1.0,1.6000000000000005,0.3721249999999996
RA-777,FASE 1,,Feminino,2022,Pública,Ametista,7.468125,0.0,9.3,7.52,8.28125,6.3,5.3,7.3,,8.84,10.0,Fase 1 (3° e 4° ano),0,2023,1,1,Em fase / adiantado,0,10.0,True,2024.0,0.0,4.5,8.7757437075,7.51,8.125,7.723333333,10.0,7.563515408100001,Ametista,0,-1.7999999999999998,-0.5242562925000005,0.09539040810000099
RA-777,2N,10.0,Feminino,2022,Pública,Ametista,7.563515408100001,8.002,8.7757437075,7.51,8.125,4.5,3.5,5.5,,7.723333333,10.0,Fase 2 (5° e 6° ano),0,2024,2,2,Em fase / adiantado,0,10.0,True,,,,,,,,,,,,,,
RA-778,0,9.0,Menina,2021,Escola Pública,Ametista,7.432,10.0,6.7,7.5,,7.1,6.0,8.2,,8.833,5.0,Fase 1 (4º ano),-1,2022,0,1,Defasagem moderada,1,5.0,True,2023.0,-1.0,8.2,7.9,7.52,8.90625,8.62,5.0,7.926825,Ametista,1,1.0999999999999996,1.2000000000000002,0.4948249999999996
RA-778,FASE 1,,Feminino,2021,Pública,Ametista,7.926825,8.5,7.9,7.52,8.90625,8.2,7.3,9.0,,8.62,5.0,Fase 2 (5° e 6° ano),-1,2023,1,2,Defasagem moderada,1,5.0,True,2024.0,0.0,7.0,8.1235697945,7.51,7.5,7.7475,10.0,8.0754139589,Topázio,0,-1.1999999999999993,0.22356979449999947,0.14858895890000046
RA-778,2K,11.0,Feminino,2021,Pública,Topázio,8.0754139589,10.002,8.1235697945,7.51,7.5,7.0,5.0,9.0,,7.7475,10.0,Fase 2 (5° e 6° ano),0,2024,2,3,Em fase / adiantado,0,10.0,True,,,,,,,,,,,,,,
RA-779,0,10.0,Menino,2022,Escola Pública,Quartzo,5.702,9.5,5.0,7.5,,2.6,2.2,3.0,,7.083,5.0,Fase 2 (5º e 6º ano),-2,2022,0,0,Defasagem moderada,1,5.0,True,,,,,,,,,,,,,,
RA-78,5,17.0,Menino,2018,Rede Decisão,Ametista,7.04,8.3,6.6,5.6,,7.2,8.7,5.7,7.3,8.0,5.0,Fase 7 (3º EM),-2,2022,5,4,Defasagem moderada,1,5.0,True,2023.0,-2.0,6.7,7.7,6.26,8.28125,8.0025,5.0,6.434625,Ágata,1,-0.5,1.1000000000000005,-0.6053750000000004
RA-78,FASE 6,,Feminino,2018,Privada - Programa de Apadrinhamento,Ágata,6.434625,0.0,7.7,6.26,8.28125,6.7,8.5,4.8,6.8,8.0025,5.0,Fase 8 (Universitários),-2,2023,6,5,Defasagem moderada,1,5.0,True,2024.0,0.0,7.5,8.028404344,8.755,8.4375,7.39,10.0,8.1780308688,Topázio,0,0.7999999999999998,0.32840434399999996,1.743405868800001
RA-78,7A,19.0,Feminino,2021,Privada - Programa de Apadrinhamento,Topázio,8.1780308688,8.751,8.028404344,8.755,8.4375,7.5,6.5,6.0,10.0,7.39,10.0,Fase 7 (3° EM),0,2024,7,3,Em fase / adiantado,0,10.0,True,,,,,,,,,,,,,,
RA-780,0,9.0,Menina,2022,Escola Pública,Ágata,6.955,8.0,7.6,7.5,,6.9,6.3,7.5,,7.167,5.0,Fase 1 (4º ano),-1,2022,0,0,Defasagem moderada,1,5.0,True,2023.0,-2.0,8.3,8.8,3.14,8.75,8.675,5.0,7.7842,Ametista,1,1.4000000000000004,1.200000000000001,0.8292000000000002
RA-780,ALFA,10.0,Feminino,2022,Pública,Ametista,7.7842,9.5,8.8,3.14,8.75,8.3,8.0,8.5,,8.675,5.0,Fase 2 (5° e 6° ano),-2,2023,0,1,Defasagem moderada,1,5.0,True,2024.0,-1.0,6.0,10.0,5.63,8.958333333,8.17,5.0,7.7430333333,Ametista,1,-2.3000000000000007,1.1999999999999993,-0.041166666700000576
RA-780,1L,11.0,Feminino,2022,Pública,Ametista,7.7430333333,9.502,10.0,5.63,8.958333333,6.0,6.0,6.0,,8.17,5.0,Fase 2 (5° e 6° ano),-1,2024,1,2,Defasagem moderada,1,5.0,True,,,,,,,,,,,,,,
RA-781,0,9.0,Menina,2021,Escola Pública,Ametista,7.786,10.0,8.9,7.5,,8.3,8.0,8.5,,7.75,5.0,Fase 1 (4º ano),-1,2022,0,1,Defasagem moderada,1,5.0,True,2023.0,-1.0,7.9,9.8,7.52,8.4375,9.116666667,5.0,8.209283333,Topázio,1,-0.40000000000000036,0.9000000000000004,0.42328333300000054
RA-781,FASE 1,10.0,Feminino,2021,Pública,Topázio,8.209283333,7.5,9.8,7.52,8.4375,7.9,7.0,8.8,,9.116666667,5.0,Fase 2 (5° e 6° ano),-1,2023,1,2,Defasagem moderada,1,5.0,True,2024.0,0.0,7.25,9.75,7.51,8.4375,8.506666667,10.0,8.496283333400001,Topázio,0,-0.6500000000000004,-0.05000000000000071,0.28700000040000084
RA-781,2N,11.0,Feminino,2021,Pública,Topázio,8.496283333400001,8.002,9.75,7.51,8.4375,7.25,5.0,9.5,,8.506666667,10.0,Fase 2 (5° e 6° ano),0,2024,2,3,Em fase / adiantado,0,10.0,True,,,,,,,,,,,,,,
RA-782,0,8.0,Menino,2022,Escola Pública,Ametista,7.485,9.5,8.4,7.5,,6.0,5.7,6.3,,7.0,10.0,ALFA  (2º e 3º ano),0,2022,0,0,Em fase / adiantado,0,10.0,True,2023.0,-1.0,7.5,9.8,2.52,7.5,9.345,5.0,7.6812,Ametista,1,1.5,1.4000000000000004,0.19619999999999926
RA-782,ALFA,9.0,Masculino,2022,Pública,Ametista,7.6812,8.5,9.8,2.52,7.5,7.5,8.3,6.7,,9.345,5.0,Fase 1 (3° e 4° ano),-1,2023,0,1,Defasagem moderada,1,5.0,True,2024.0,0.0,7.75,7.8571428569999995,7.51,7.5,8.085,10.0,8.1896285714,Topázio,0,0.25,-1.9428571430000012,0.5084285714000005
RA-782,1L,10.0,Masculino,2022,Pública,Topázio,8.1896285714,9.502,7.8571428569999995,7.51,7.5,7.75,7.5,8.0,,8.085,10.0,Fase 1 (3° e 4° ano),0,2024,1,2,Em fase / adiantado,0,10.0,True,,,,,,,,,,,,,,
RA-783,0,8.0,Menino,2021,Escola Pública,Ágata,6.996,9.5,5.8,7.5,,6.0,4.7,7.3,,6.917,10.0,ALFA  (2º e 3º ano),0,2022,0,1,Em fase / adiantado,0,10.0,True,2023.0,-1.0,8.9,6.8,3.77,7.5,7.925,5.0,7.2922,Ametista,1,2.9000000000000004,1.0,0.2961999999999998
RA-783,ALFA,,Masculino,2021,Pública,Ametista,7.2922,9.5,6.8,3.77,7.5,8.9,9.0,8.7,,7.925,5.0,Fase 1 (3° e 4° ano),-1,2023,0,2,Defasagem moderada,1,5.0,True,,,,,,,,,,,,,,
RA-784,0,9.0,Menino,2022,Escola Pública,Topázio,8.34,9.5,10.0,7.5,,8.2,7.8,8.5,,9.25,5.0,Fase 1 (4º ano),-1,2022,0,0,Defasagem moderada,1,5.0,True,2023.0,-1.0,7.3,9.5,7.52,8.125,8.783333333,5.0,8.171366667,Topázio,1,-0.8999999999999995,-0.5,-0.16863333300000072
RA-784,FASE 1,10.0,Feminino,2022,Pública,Topázio,8.171366667,10.0,9.5,7.52,8.125,7.3,6.5,8.0,,8.783333333,5.0,Fase 2 (5° e 6° ano),-1,2023,1,1,Defasagem moderada,1,5.0,True,2024.0,0.0,8.75,9.7727272725,5.635,9.375,9.4,10.0,8.8857454545,Topázio,0,1.4500000000000002,0.2727272724999992,0.7143787875000012
RA-784,2M,11.0,Feminino,2022,Privada - Programa de Apadrinhamento,Topázio,8.8857454545,8.002,9.7727272725,5.635,9.375,8.75,8.0,9.5,,9.4,10.0,Fase 2 (5° e 6° ano),0,2024,2,2,Em fase / adiantado,0,10.0,True,,,,,,,,,,,,,,
RA-785,0,9.0,Menina,2022,Escola Pública,Ametista,7.642,9.0,8.6,7.5,,8.4,8.8,8.0,,7.667,5.0,Fase 1 (4º ano),-1,2022,0,0,Defasagem moderada,1,5.0,True,2023.0,-1.0,8.8,8.5,7.52,7.916666667,8.67,5.0,8.137866667,Topázio,1,0.40000000000000036,-0.09999999999999964,0.4958666670000005
RA-785,FASE 1,10.0,Feminino,2022,Pública,Topázio,8.137866667,9.0,8.5,7.52,7.916666667,8.8,8.2,9.4,,8.67,5.0,Fase 2 (5° e 6° ano),-1,2023,1,1,Defasagem moderada,1,5.0,True,2024.0,0.0,9.0,10.0,7.51,8.75,8.893333333,10.0,9.1548666666,Topázio,0,0.1999999999999993,1.5,1.0169999995999994
RA-785,2U,11.0,Feminino,2022,Pública,Topázio,9.1548666666,9.502,10.0,7.51,8.75,9.0,8.0,10.0,,8.893333333,10.0,Fase 2 (5° e 6° ano),0,2024,2,2,Em fase / adiantado,0,10.0,True,,,,,,,,,,,,,,
RA-786,0,11.0,Menino,2019,Escola Pública,Ágata,7.004,9.0,9.5,5.6,,6.1,6.3,5.8,,7.167,5.0,Fase 2 (5º e 6º ano),-2,2022,0,3,Defasagem moderada,1,5.0,True,,,,,,,,,,,,,,
RA-787,0,8.0,Menino,2022,Escola Pública,Ametista,7.205,8.5,9.5,7.5,,3.4,4.2,2.7,,7.25,10.0,ALFA  (2º e 3º ano),0,2022,0,0,Em fase / adiantado,0,10.0,True,2023.0,-1.0,5.9,9.8,7.52,5.625,8.34,5.0,7.5227,Ametista,1,2.5000000000000004,0.3000000000000007,0.3177000000000003
RA-787,ALFA,,Masculino,2022,Pública,Ametista,7.5227,9.0,9.8,7.52,5.625,5.9,6.0,5.8,,8.34,5.0,Fase 1 (3° e 4° ano),-1,2023,0,1,Defasagem moderada,1,5.0,True,2024.0,-1.0,7.25,9.75,7.51,7.1875,7.325,5.0,7.73495,Ametista,1,1.3499999999999996,-0.05000000000000071,0.21225000000000005
RA-787,ALFA,10.0,Masculino,2022,Pública,Ametista,7.73495,9.002,9.75,7.51,7.1875,7.25,10.0,4.5,,7.325,5.0,Fase 1 (3° e 4° ano),-1,2024,0,2,Defasagem moderada,1,5.0,True,,,,,,,,,,,,,,
RA-788,0,8.0,Menino,2021,Rede Decisão,Topázio,8.264,10.0,9.3,5.6,,8.0,7.8,8.2,,8.667,10.0,ALFA  (2º e 3º ano),0,2022,0,1,Em fase / adiantado,0,10.0,True,2023.0,0.0,6.9,9.8,2.52,7.65625,8.283333333,10.0,7.806091667,Ametista,0,-1.0999999999999996,0.5,-0.4579083329999998
RA-788,FASE 1,,Masculino,2021,Pública,Ametista,7.806091667,7.9,9.8,2.52,7.65625,6.9,6.0,7.8,,8.283333333,10.0,Fase 1 (3° e 4° ano),0,2023,1,2,Em fase / adiantado,0,10.0,True,2024.0,0.0,5.75,9.519450801,6.26,8.4375,7.783333333,10.0,7.9221068268,Ametista,0,-1.1500000000000004,-0.2805491990000011,0.11601515980000077
RA-788,2N,10.0,Masculino,2021,Privada - Programa de Apadrinhamento,Ametista,7.9221068268,8.418,9.519450801,6.26,8.4375,5.75,4.0,7.5,,7.783333333,10.0,Fase 2 (5° e 6° ano),0,2024,2,3,Em fase / adiantado,0,10.0,True,,,,,,,,,,,,,,
RA-789,0,7.0,Menina,2022,Escola Pública,Ametista,7.405,9.0,9.4,7.5,,4.2,3.7,4.7,,7.417,10.0,ALFA  (2º e 3º ano),0,2022,0,0,Em fase / adiantado,0,10.0,True,2023.0,0.0,7.9,9.5,7.52,7.5,10.01,10.0,7.974,Ametista,0,3.7,0.09999999999999964,0.569
RA-789,ALFA,8.0,Feminino,2022,Pública,Ametista,7.974,0.0,9.5,7.52,7.5,7.9,8.5,7.2,,10.01,10.0,ALFA (1° e 2° ano),0,2023,0,1,Em fase / adiantado,0,10.0,True,2024.0,0.0,5.25,9.047619048,7.51,9.166666667,8.085,10.0,8.0443904763,Topázio,0,-2.6500000000000004,-0.4523809520000004,0.07039047630000006
RA-789,1L,9.0,Feminino,2022,Pública,Topázio,8.0443904763,9.002,9.047619048,7.51,9.166666667,5.25,5.5,5.0,,8.085,10.0,Fase 1 (3° e 4° ano),0,2024,1,2,Em fase / adiantado,0,10.0,True,,,,,,,,,,,,,,
RA-79,5,16.0,Menina,2018,Rede Decisão,Ágata,6.847,5.4,6.3,5.6,,8.9,9.5,7.7,9.5,7.292,5.0,Fase 6 (2º EM),-1,2022,5,4,Defasagem moderada,1,5.0,True,2023.0,-1.0,7.6,6.2,5.0,7.8125,7.59,5.0,6.635883333,Ágata,1,-1.3000000000000007,-0.09999999999999964,-0.21111666700000065
RA-79,FASE 6,,Feminino,2018,Privada - Programa de Apadrinhamento,Ágata,6.635883333,5.8,6.2,5.0,7.8125,7.6,6.0,7.7,9.0,7.59,5.0,Fase 7 (3° EM),-1,2023,6,5,Defasagem moderada,1,5.0,True,,,,,,,,,,,,,,
RA-790,0,11.0,Menina,2022,Escola Pública,Ametista,7.504,9.0,8.9,7.5,,7.8,8.5,7.2,,7.417,5.0,Fase 2 (5º e 6º ano),-2,2022,0,0,Defasagem moderada,1,5.0,True,2023.0,-2.0,7.4,8.1,7.52,7.083333333,8.286666667,5.0,6.707666667,Ágata,1,-0.39999999999999947,-0.8000000000000007,-0.7963333329999998
RA-790,FASE 1,,Masculino,2022,Pública,Ágata,6.707666667,0.0,8.1,7.52,7.083333333,7.4,7.2,7.5,,8.286666667,5.0,Fase 3 (7° e 8° ano),-2,2023,1,1,Defasagem moderada,1,5.0,True,2024.0,-1.0,6.75,6.811594203,7.51,7.1875,6.883333333,5.0,6.8089355072,Ágata,1,-0.6500000000000004,-1.2884057969999994,0.10126884020000038
RA-790,2U,13.0,Masculino,2022,Pública,Ágata,6.8089355072,7.502,6.811594203,7.51,7.1875,6.75,4.0,9.5,,6.883333333,5.0,Fase 3 (7° e 8° ano),-1,2024,2,2,Defasagem moderada,1,5.0,True,,,,,,,,,,,,,,
RA-791,0,11.0,Menina,2022,Escola Pública,Ametista,7.507,9.5,8.7,7.5,,6.5,6.3,6.7,,8.5,5.0,Fase 2 (5º e 6º ano),-2,2022,0,0,Defasagem moderada,1,5.0,True,2023.0,-2.0,5.3,8.1,7.52,7.8125,7.723333333,5.0,6.247916667,Ágata,1,-1.2000000000000002,-0.5999999999999996,-1.2590833329999995
RA-791,FASE 1,,Feminino,2022,Pública,Ágata,6.247916667,0.0,8.1,7.52,7.8125,5.3,6.0,4.5,,7.723333333,5.0,Fase 3 (7° e 8° ano),-2,2023,1,1,Defasagem moderada,1,5.0,True,,,,,,,,,,,,,,
RA-792,0,9.0,Menina,2022,Escola Pública,Ágata,7.025,9.5,8.0,7.5,,6.2,6.5,5.8,,7.167,5.0,Fase 1 (4º ano),-1,2022,0,0,Defasagem moderada,1,5.0,True,2023.0,-2.0,7.2,7.7,7.52,6.875,9.085,5.0,7.6267,Ametista,1,1.0,-0.2999999999999998,0.6016999999999992
RA-792,ALFA,10.0,Feminino,2022,Pública,Ametista,7.6267,9.0,7.7,7.52,6.875,7.2,6.8,7.5,,9.085,5.0,Fase 2 (5° e 6° ano),-2,2023,0,1,Defasagem moderada,1,5.0,True,2024.0,-1.0,3.25,5.2865612650000005,7.51,8.125,7.075,5.0,6.036012253,Ágata,1,-3.95,-2.4134387349999997,-1.5906877469999996
RA-792,1N,11.0,Feminino,2022,Pública,Ágata,6.036012253,8.502,5.2865612650000005,7.51,8.125,3.25,6.5,0.0,,7.075,5.0,Fase 2 (5° e 6° ano),-1,2024,1,2,Defasagem moderada,1,5.0,True,,,,,,,,,,,,,,
RA-793,0,10.0,Menino,2022,Escola Pública,Ágata,6.894,9.5,7.6,7.5,,6.0,6.0,6.0,,7.333,5.0,Fase 2 (5º e 6º ano),-2,2022,0,0,Defasagem moderada,1,5.0,True,,,,,,,,,,,,,,
RA-794,0,8.0,Menina,2022,Escola Pública,Ametista,7.335,9.5,8.9,7.5,,4.1,3.7,4.5,,7.333,10.0,ALFA  (2º e 3º ano),0,2022,0,0,Em fase / adiantado,0,10.0,True,2023.0,-1.0,6.2,9.2,7.52,7.5,10.01,5.0,7.9842,Ametista,1,2.1000000000000005,0.29999999999999893,0.6492000000000004
RA-794,ALFA,,Feminino,2022,Pública,Ametista,7.9842,9.0,9.2,7.52,7.5,6.2,5.2,7.2,,10.01,5.0,Fase 1 (3° e 4° ano),-1,2023,0,1,Defasagem moderada,1,5.0,True,2024.0,0.0,3.0,6.9047619045,7.51,8.125,8.255,10.0,7.145652380900001,Ametista,0,-3.2,-2.2952380954999994,-0.838547619099999
RA-794,1K,10.0,Feminino,2022,Pública,Ametista,7.145652380900001,9.502,6.9047619045,7.51,8.125,3.0,6.0,0.0,,8.255,10.0,Fase 1 (3° e 4° ano),0,2024,1,2,Em fase / adiantado,0,10.0,True,,,,,,,,,,,,,,
RA-795,0,8.0,Menina,2022,Escola Pública,Topázio,8.064,9.0,9.7,7.5,,7.3,8.0,6.5,,7.333,10.0,ALFA  (2º e 3º ano),0,2022,0,0,Em fase / adiantado,0,10.0,True,2023.0,-1.0,8.2,9.6,7.52,7.5,10.01,5.0,8.4642,Topázio,1,0.8999999999999995,-0.09999999999999964,0.4001999999999999
RA-795,ALFA,9.0,Feminino,2022,Pública,Topázio,8.4642,9.0,9.6,7.52,7.5,8.2,8.7,7.7,,10.01,5.0,Fase 1 (3° e 4° ano),-1,2023,0,1,Defasagem moderada,1,5.0,True,2024.0,-1.0,9.5,9.761904762,6.26,8.958333333,8.085,5.0,8.441414285700002,Topázio,1,1.3000000000000007,0.1619047620000007,-0.02278571429999765
RA-795,1L,10.0,Feminino,2022,Pública,Topázio,8.441414285700002,9.502,9.761904762,6.26,8.958333333,9.5,10.0,9.0,,8.085,5.0,Fase 2 (5° e 6° ano),-1,2024,1,2,Defasagem moderada,1,5.0,True,,,,,,,,,,,,,,
RA-796,0,10.0,Menina,2022,Escola Pública,Ametista,7.232,9.5,9.3,7.5,,5.4,5.8,5.0,,7.667,5.0,Fase 2 (5º e 6º ano),-2,2022,0,0,Defasagem moderada,1,5.0,True,2023.0,-1.0,5.5,9.8,6.27,7.083333333,8.336666667,5.0,7.462866667,Ametista,1,0.09999999999999964,0.5,0.23086666699999991
RA-796,FASE 1,11.0,Feminino,2022,Pública,Ametista,7.462866667,9.0,9.8,6.27,7.083333333,5.5,5.0,6.0,,8.336666667,5.0,Fase 2 (5° e 6° ano),-1,2023,1,1,Defasagem moderada,1,5.0,True,2024.0,-1.0,5.25,8.2212885155,7.51,7.916666667,7.326666667,5.0,7.052457703200001,Ametista,1,-0.25,-1.5787114845000012,-0.41040896379999925
RA-796,2P,12.0,Feminino,2022,Pública,Ametista,7.052457703200001,8.502,8.2212885155,7.51,7.916666667,5.25,3.0,7.5,,7.326666667,5.0,Fase 3 (7° e 8° ano),-1,2024,2,2,Defasagem moderada,1,5.0,True,,,,,,,,,,,,,,
RA-797,0,10.0,Menino,2021,Escola Pública,Ametista,7.217,9.0,8.5,7.5,,7.3,8.2,6.5,,7.5,5.0,Fase 2 (5º e 6º ano),-2,2022,0,1,Defasagem moderada,1,5.0,True,2023.0,-1.0,7.5,8.6,7.52,6.041666667,7.233333333,5.0,7.373033333,Ametista,1,0.20000000000000018,0.09999999999999964,0.15603333300000077
RA-797,FASE 1,11.0,Masculino,2021,Pública,Ametista,7.373033333,8.5,8.6,7.52,6.041666667,7.5,7.0,8.0,,7.233333333,5.0,Fase 2 (5° e 6° ano),-1,2023,1,2,Defasagem moderada,1,5.0,True,2024.0,-1.0,7.25,4.840909091,7.51,6.666666667,6.723333333,5.0,6.597315151500001,Ágata,1,-0.25,-3.7590909089999993,-0.7757181814999994
RA-797,2P,12.0,Masculino,2021,Pública,Ágata,6.597315151500001,9.168,4.840909091,7.51,6.666666667,7.25,8.0,6.5,,6.723333333,5.0,Fase 3 (7° e 8° ano),-1,2024,2,3,Defasagem moderada,1,5.0,True,,,,,,,,,,,,,,
RA-798,0,10.0,Menino,2022,Escola Pública,Ametista,7.049,8.0,8.3,7.5,,6.3,7.0,5.7,,7.667,5.0,Fase 2 (5º e 6º ano),-2,2022,0,0,Defasagem moderada,1,5.0,True,2023.0,-1.0,6.1,8.1,7.52,6.458333333,6.95,5.0,7.018033333,Ametista,1,-0.20000000000000018,-0.20000000000000107,-0.030966667000000392
RA-798,FASE 1,,Masculino,2022,Privada - Programa de Apadrinhamento,Ametista,7.018033333,9.0,8.1,7.52,6.458333333,6.1,4.3,7.8,,6.95,5.0,Fase 2 (5° e 6° ano),-1,2023,1,1,Defasagem moderada,1,5.0,True,2024.0,-1.0,4.75,3.5064935065,7.51,5.0,2.943333333,5.0,4.6743653679,Quartzo,1,-1.3499999999999996,-4.5935064935,-2.3436679651
RA-798,2R,12.0,Masculino,2022,Pública,Quartzo,4.6743653679,6.834,3.5064935065,7.51,5.0,4.75,4.0,5.5,,2.943333333,5.0,Fase 3 (7° e 8° ano),-1,2024,2,2,Defasagem moderada,1,5.0,True,,,,,,,,,,,,,,
RA-799,0,10.0,Menina,2022,Escola Pública,Ametista,7.676,8.0,9.6,7.5,,7.8,8.5,7.2,,7.917,5.0,Fase 2 (5º e 6º ano),-2,2022,0,0,Defasagem moderada,1,5.0,True,2023.0,-1.0,8.3,9.6,5.64,8.333333333,8.17,5.0,8.061533333,Topázio,1,0.5000000000000009,0.0,0.3855333329999997
RA-799,FASE 1,,Feminino,2022,Pública,Topázio,8.061533333,9.5,9.6,5.64,8.333333333,8.3,7.8,8.8,,8.17,5.0,Fase 2 (5° e 6° ano),-1,2023,1,1,Defasagem moderada,1,5.0,True,2024.0,0.0,5.25,9.090909091,7.51,7.916666667,7.5,10.0,7.702648484900001,Ametista,0,-3.0500000000000007,-0.5090909089999993,-0.3588848480999989
RA-799,2R,11.0,Feminino,2022,Pública,Ametista,7.702648484900001,7.918,9.090909091,7.51,7.916666667,5.25,5.0,5.5,,7.5,10.0,Fase 2 (5° e 6° ano),0,2024,2,2,Em fase / adiantado,0,10.0,True,,,,,,,,,,,,,,
RA-8,7,20.0,Menina,2018,Escola Pública,Quartzo,4.786,7.1,4.6,6.3,,1.6,1.2,0.7,2.9,6.278,5.0,Fase 8 (Universitários),-1,2022,7,4,Defasagem moderada,1,5.0,True,,,,,,,,,,,,,,
RA-80,5,16.0,Menina,2017,Rede Decisão,Ametista,7.29,9.2,8.3,5.0,,7.1,6.5,7.7,7.3,7.625,5.0,Fase 6 (2º EM),-1,2022,5,5,Defasagem moderada,1,5.0,True,2023.0,-1.0,6.3,8.4,6.89,7.96875,7.465,5.0,7.252275,Ametista,1,-0.7999999999999998,0.09999999999999964,-0.03772500000000001
RA-80,FASE 6,,Feminino,2017,Privada - Programa de Apadrinhamento,Ametista,7.252275,8.3,8.4,6.89,7.96875,6.3,8.2,5.7,5.0,7.465,5.0,Fase 7 (3° EM),-1,2023,6,6,Defasagem moderada,1,5.0,True,2024.0,0.0,7.0,7.8961292116666675,8.13,8.75,7.946666667,10.0,8.131659175733333,Topázio,0,0.7000000000000002,-0.5038707883333329,0.8793841757333327
RA-80,7A,18.0,Feminino,2021,Privada - Programa de Apadrinhamento,Topázio,8.131659175733333,8.751,7.8961292116666675,8.13,8.75,7.0,5.0,6.0,10.0,7.946666667,10.0,Fase 7 (3° EM),0,2024,7,3,Em fase / adiantado,0,10.0,True,,,,,,,,,,,,,,
RA-800,0,8.0,Menino,2022,Escola Pública,Ágata,6.818,8.0,5.4,7.5,,6.1,6.3,5.8,,7.5,10.0,ALFA  (2º e 3º ano),0,2022,0,0,Em fase / adiantado,0,10.0,True,,,,,,,,,,,,,,
RA-801,0,9.0,Menino,2022,Escola Pública,Ágata,6.644,7.0,6.6,7.5,,6.8,7.2,6.3,,7.5,5.0,Fase 1 (4º ano),-1,2022,0,0,Defasagem moderada,1,5.0,True,2023.0,0.0,7.6,7.5,7.52,6.875,7.12,10.0,6.8735,Ágata,0,0.7999999999999998,0.9000000000000004,0.22949999999999982
RA-801,FASE 1,,Masculino,2022,Pública,Ágata,6.8735,0.0,7.5,7.52,6.875,7.6,6.8,8.3,,7.12,10.0,Fase 1 (3° e 4° ano),0,2023,1,1,Em fase / adiantado,0,10.0,True,2024.0,-1.0,8.0,5.75,7.51,6.25,5.745,5.0,6.6752,Ágata,1,0.40000000000000036,-1.75,-0.1982999999999997
RA-801,1R,10.0,Masculino,2022,Pública,Ágata,6.6752,9.002,5.75,7.51,6.25,8.0,7.0,9.0,,5.745,5.0,Fase 2 (5° e 6° ano),-1,2024,1,2,Defasagem moderada,1,5.0,True,,,,,,,,,,,,,,
RA-802,0,9.0,Menino,2021,Escola Pública,Ametista,7.831,9.0,9.0,7.5,,8.3,9.0,7.5,,8.333,5.0,Fase 1 (4º ano),-1,2022,0,1,Defasagem moderada,1,5.0,True,2023.0,-1.0,9.4,9.3,7.52,8.333333333,7.506666667,5.0,8.126866667,Topázio,1,1.0999999999999996,0.3000000000000007,0.2958666669999994
RA-802,FASE 1,10.0,Masculino,2021,Pública,Topázio,8.126866667,8.0,9.3,7.52,8.333333333,9.4,9.3,9.5,,7.506666667,5.0,Fase 2 (5° e 6° ano),-1,2023,1,2,Defasagem moderada,1,5.0,True,2024.0,0.0,8.75,7.012987013,7.51,8.333333333,6.723333333,10.0,7.8317974024999994,Ametista,0,-0.6500000000000004,-2.2870129870000007,-0.29506926450000037
RA-802,2R,11.0,Masculino,2021,Pública,Ametista,7.8317974024999994,7.502,7.012987013,7.51,8.333333333,8.75,9.0,8.5,,6.723333333,10.0,Fase 2 (5° e 6° ano),0,2024,2,3,Em fase / adiantado,0,10.0,True,,,,,,,,,,,,,,
RA-803,0,10.0,Menina,2022,Escola Pública,Ágata,6.98,10.0,7.2,7.5,,6.3,6.5,6.0,,7.417,5.0,Fase 2 (5º e 6º ano),-2,2022,0,0,Defasagem moderada,1,5.0,True,,,,,,,,,,,,,,
RA-804,0,10.0,Menino,2022,Escola Pública,Ágata,6.848,10.0,8.4,6.3,,4.8,5.5,4.0,,7.667,5.0,Fase 2 (5º e 6º ano),-2,2022,0,0,Defasagem moderada,1,5.0,True,2023.0,-1.0,6.9,8.6,6.27,5.833333333,7.173333333,5.0,7.2352,Ametista,1,2.1000000000000005,0.1999999999999993,0.3872
RA-804,FASE 1,11.0,Masculino,2022,Pública,Ametista,7.2352,10.0,8.6,6.27,5.833333333,6.9,6.2,7.5,,7.173333333,5.0,Fase 2 (5° e 6° ano),-1,2023,1,1,Defasagem moderada,1,5.0,True,,,,,,,,,,,,,,
RA-805,0,8.0,Menino,2021,Escola Pública,Topázio,8.279,9.5,9.0,7.5,,8.8,8.7,8.9,,7.333,10.0,ALFA  (2º e 3º ano),0,2022,0,1,Em fase / adiantado,0,10.0,True,2023.0,-1.0,6.8,9.1,7.52,6.25,7.175,5.0,6.492,Ágata,1,-2.000000000000001,0.09999999999999964,-1.787
RA-805,ALFA,9.0,Masculino,2021,Pública,Ágata,6.492,0.0,9.1,7.52,6.25,6.8,6.8,6.8,,7.175,5.0,Fase 1 (3° e 4° ano),-1,2023,0,2,Defasagem moderada,1,5.0,True,2024.0,-1.0,6.0,9.523809524,4.38,7.03125,6.7075,5.0,6.9375869048,Ágata,1,-0.7999999999999998,0.42380952400000105,0.44558690479999985
RA-805,1R,10.0,Masculino,2021,Pública,Ágata,6.9375869048,8.502,9.523809524,4.38,7.03125,6.0,7.0,5.0,,6.7075,5.0,Fase 2 (5° e 6° ano),-1,2024,1,3,Defasagem moderada,1,5.0,True,,,,,,,,,,,,,,
RA-806,0,8.0,Menino,2022,Escola Pública,Ametista,7.561,9.5,7.3,7.5,,6.6,5.0,8.2,,7.917,10.0,ALFA  (2º e 3º ano),0,2022,0,0,Em fase / adiantado,0,10.0,True,2023.0,-1.0,7.8,8.3,6.27,6.875,7.095,5.0,7.2937,Ametista,1,1.2000000000000002,1.0000000000000009,-0.26729999999999965
RA-806,ALFA,9.0,Masculino,2022,Pública,Ametista,7.2937,8.5,8.3,6.27,6.875,7.8,7.8,7.7,,7.095,5.0,Fase 1 (3° e 4° ano),-1,2023,0,1,Defasagem moderada,1,5.0,True,2024.0,-1.0,6.75,6.9047619045,7.51,7.65625,6.875,5.0,6.972777380900001,Ágata,1,-1.0499999999999998,-1.3952380955000008,-0.3209226190999992
RA-806,1R,10.0,Masculino,2022,Pública,Ágata,6.972777380900001,8.502,6.9047619045,7.51,7.65625,6.75,6.5,7.0,,6.875,5.0,Fase 2 (5° e 6° ano),-1,2024,1,2,Defasagem moderada,1,5.0,True,,,,,,,,,,,,,,
RA-807,0,8.0,Menino,2022,Escola Pública,Topázio,8.121,9.5,8.7,6.3,,9.0,9.5,8.6,,7.5,10.0,ALFA  (2º e 3º ano),0,2022,0,0,Em fase / adiantado,0,10.0,True,2023.0,-1.0,8.0,9.1,7.52,6.25,8.08,5.0,7.8632,Ametista,1,-1.0,0.40000000000000036,-0.2578000000000005
RA-807,ALFA,9.0,Masculino,2022,Pública,Ametista,7.8632,9.5,9.1,7.52,6.25,8.0,8.3,7.7,,8.08,5.0,Fase 1 (3° e 4° ano),-1,2023,0,1,Defasagem moderada,1,5.0,True,2024.0,0.0,7.0,7.8571428569999995,7.51,7.5,7.125,10.0,7.797628571400001,Ametista,0,-1.0,-1.2428571430000002,-0.06557142859999932
RA-807,1R,10.0,Masculino,2022,Pública,Ametista,7.797628571400001,9.002,7.8571428569999995,7.51,7.5,7.0,6.0,8.0,,7.125,10.0,Fase 1 (3° e 4° ano),0,2024,1,2,Em fase / adiantado,0,10.0,True,,,,,,,,,,,,,,
RA-808,0,8.0,Menino,2022,Escola Pública,Topázio,8.361,10.0,9.1,6.3,,9.3,9.7,8.8,,8.0,10.0,ALFA  (2º e 3º ano),0,2022,0,0,Em fase / adiantado,0,10.0,True,2023.0,-1.0,8.7,10.0,2.52,7.5,9.755,5.0,8.1932,Topázio,1,-0.6000000000000014,0.9000000000000004,-0.1678000000000015
RA-808,ALFA,9.0,Masculino,2022,Pública,Topázio,8.1932,10.0,10.0,2.52,7.5,8.7,8.7,8.7,,9.755,5.0,Fase 1 (3° e 4° ano),-1,2023,0,1,Defasagem moderada,1,5.0,True,2024.0,0.0,8.75,10.0,7.51,8.125,7.88,10.0,8.7897,Topázio,0,0.05000000000000071,0.0,0.5965000000000007
RA-808,1R,10.0,Masculino,2022,Pública,Topázio,8.7897,9.002,10.0,7.51,8.125,8.75,7.5,10.0,,7.88,10.0,Fase 1 (3° e 4° ano),0,2024,1,2,Em fase / adiantado,0,10.0,True,,,,,,,,,,,,,,
RA-809,0,7.0,Menino,2022,Escola Pública,Ametista,7.259,10.0,6.6,6.3,,6.3,5.5,7.1,,7.417,10.0,ALFA  (2º e 3º ano),0,2022,0,0,Em fase / adiantado,0,10.0,True,,,,,,,,,,,,,,
RA-81,5,14.0,Menina,2017,Rede Decisão,Ametista,7.675,9.2,9.2,5.0,,6.0,5.5,5.2,7.3,7.458,10.0,Fase 4 (9º ano),1,2022,5,5,Em fase / adiantado,0,10.0,True,2023.0,0.0,6.3,8.8,2.52,7.8125,7.2125,10.0,7.45425,Ametista,0,0.2999999999999998,-0.3999999999999986,-0.22074999999999978
RA-81,FASE 5,15.0,Feminino,2017,Privada - Programa de Apadrinhamento,Ametista,7.45425,9.6,8.8,2.52,7.8125,6.3,8.7,4.7,5.5,7.2125,10.0,Fase 5 (1° EM),0,2023,5,6,Em fase / adiantado,0,10.0,True,2024.0,0.0,7.5,9.333333333333334,6.26,7.875,7.798,10.0,8.256566666666668,Topázio,0,1.2000000000000002,0.5333333333333332,0.8023166666666679
RA-81,6L,16.0,Feminino,2021,Privada - Programa de Apadrinhamento,Topázio,8.256566666666668,9.168,9.333333333333334,6.26,7.875,7.5,9.0,6.5,7.0,7.798,10.0,Fase 6 (2° EM),0,2024,6,3,Em fase / adiantado,0,10.0,True,,,,,,,,,,,,,,
RA-810,0,8.0,Menino,2021,Escola Pública,Ametista,7.887,8.5,9.1,5.0,,9.6,9.7,9.5,,7.25,10.0,ALFA  (2º e 3º ano),0,2022,0,1,Em fase / adiantado,0,10.0,True,2023.0,0.0,6.9,8.5,7.52,5.833333333,7.836666667,10.0,7.782866667,Ametista,0,-2.6999999999999993,-0.5999999999999996,-0.10413333299999916
RA-810,FASE 1,9.0,Masculino,2021,Pública,Ametista,7.782866667,8.0,8.5,7.52,5.833333333,6.9,6.3,7.5,,7.836666667,10.0,Fase 1 (3° e 4° ano),0,2023,1,2,Em fase / adiantado,0,10.0,True,2024.0,-1.0,9.0,9.4736842105,5.635,6.458333333,7.7525,5.0,7.704770175400001,Ametista,1,2.0999999999999996,0.9736842105000001,-0.07809649159999932
RA-810,1P,10.0,Masculino,2021,Pública,Ametista,7.704770175400001,7.502,9.4736842105,5.635,6.458333333,9.0,8.0,10.0,,7.7525,5.0,Fase 2 (5° e 6° ano),-1,2024,1,3,Defasagem moderada,1,5.0,True,,,,,,,,,,,,,,
RA-811,0,9.0,Menina,2021,Escola Pública,Ágata,6.575,8.9,5.7,5.6,,7.3,8.9,5.7,,7.667,5.0,Fase 1 (4º ano),-1,2022,0,1,Defasagem moderada,1,5.0,True,,,,,,,,,,,,,,
RA-812,0,8.0,Menino,2022,Escola Pública,Ametista,7.497,9.0,8.1,5.6,,7.4,8.3,6.6,,7.333,10.0,ALFA  (2º e 3º ano),0,2022,0,0,Em fase / adiantado,0,10.0,True,2023.0,0.0,5.8,9.1,7.52,6.875,8.33,10.0,8.0357,Topázio,0,-1.6000000000000005,1.0,0.5387000000000004
RA-812,ALFA,8.0,Masculino,2022,Pública,Topázio,8.0357,9.5,9.1,7.52,6.875,5.8,6.3,5.3,,8.33,10.0,ALFA (1° e 2° ano),0,2023,0,1,Em fase / adiantado,0,10.0,True,,,,,,,,,,,,,,
RA-813,0,8.0,Menino,2022,Escola Pública,Ametista,7.093,9.5,6.5,6.9,,6.0,6.7,5.3,,7.417,10.0,ALFA  (2º e 3º ano),0,2022,0,0,Em fase / adiantado,0,10.0,True,2023.0,0.0,3.9,8.4,7.52,8.125,8.06,10.0,7.5867,Ametista,0,-2.1,1.9000000000000004,0.49370000000000047
RA-813,FASE 1,,Masculino,2022,Pública,Ametista,7.5867,9.5,8.4,7.52,8.125,3.9,2.3,5.5,,8.06,10.0,Fase 1 (3° e 4° ano),0,2023,1,1,Em fase / adiantado,0,10.0,True,,,,,,,,,,,,,,
RA-814,0,9.0,Menino,2022,Escola Pública,Ametista,7.592,8.9,9.0,6.9,,7.5,7.8,7.2,,8.417,5.0,Fase 1 (4º ano),-1,2022,0,0,Defasagem moderada,1,5.0,True,2023.0,-1.0,8.2,9.6,6.89,8.333333333,9.226666667,5.0,8.367866667,Topázio,1,0.6999999999999993,0.5999999999999996,0.7758666669999998
RA-814,FASE 1,10.0,Masculino,2022,Pública,Topázio,8.367866667,9.5,9.6,6.89,8.333333333,8.2,7.8,8.5,,9.226666667,5.0,Fase 2 (5° e 6° ano),-1,2023,1,1,Defasagem moderada,1,5.0,True,2024.0,0.0,7.5,9.090909091,7.51,7.5,7.053333333,10.0,7.971648484800001,Ametista,0,-0.6999999999999993,-0.5090909089999993,-0.3962181821999984
RA-814,2P,11.0,Masculino,2022,Pública,Ametista,7.971648484800001,7.418,9.090909091,7.51,7.5,7.5,8.0,7.0,,7.053333333,10.0,Fase 2 (5° e 6° ano),0,2024,2,2,Em fase / adiantado,0,10.0,True,,,,,,,,,,,,,,
RA-815,0,9.0,Menino,2022,Escola Pública,Ágata,6.81,10.0,7.9,5.6,,6.5,7.7,5.3,,7.0,5.0,Fase 1 (4º ano),-1,2022,0,0,Defasagem moderada,1,5.0,True,2023.0,-1.0,6.5,8.6,5.02,6.875,7.063333333,5.0,6.122166667,Ágata,1,0.0,0.6999999999999993,-0.6878333329999995
RA-815,FASE 1,,Masculino,2022,Pública,Ágata,6.122166667,0.0,8.6,5.02,6.875,6.5,7.0,6.0,,7.063333333,5.0,Fase 2 (5° e 6° ano),-1,2023,1,1,Defasagem moderada,1,5.0,True,,,,,,,,,,,,,,
RA-816,0,9.0,Menina,2022,Escola Pública,Topázio,8.513,10.0,9.3,7.5,,9.6,9.5,9.7,,9.417,5.0,Fase 1 (4º ano),-1,2022,0,0,Defasagem moderada,1,5.0,True,2023.0,-1.0,8.9,9.8,7.52,9.583333333,9.283333333,5.0,8.5572,Topázio,1,-0.6999999999999993,0.5,0.04420000000000002
RA-816,FASE 1,,Feminino,2022,Pública,Topázio,8.5572,7.5,9.8,7.52,9.583333333,8.9,7.8,10.0,,9.283333333,5.0,Fase 2 (5° e 6° ano),-1,2023,1,1,Defasagem moderada,1,5.0,True,2024.0,0.0,9.25,9.7727272725,7.51,9.166666667,8.786666667,10.0,8.929745454599999,Topázio,0,0.34999999999999964,-0.027272727500001537,0.3725454545999991
RA-816,2P,11.0,Feminino,2022,Privada - Programa de Apadrinhamento,Topázio,8.929745454599999,7.002,9.7727272725,7.51,9.166666667,9.25,8.5,10.0,,8.786666667,10.0,Fase 2 (5° e 6° ano),0,2024,2,2,Em fase / adiantado,0,10.0,True,,,,,,,,,,,,,,
RA-817,0,8.0,Menina,2022,Escola Pública,Ametista,7.819,10.0,8.7,6.3,,7.1,7.7,6.5,,7.417,10.0,ALFA  (2º e 3º ano),0,2022,0,0,Em fase / adiantado,0,10.0,True,2023.0,0.0,5.4,8.8,6.89,8.125,7.89,10.0,7.8597,Ametista,0,-1.6999999999999993,0.10000000000000142,0.04070000000000018
RA-817,FASE 1,,Feminino,2022,Pública,Ametista,7.8597,9.5,8.8,6.89,8.125,5.4,5.0,5.7,,7.89,10.0,Fase 1 (3° e 4° ano),0,2023,1,1,Em fase / adiantado,0,10.0,True,,,,,,,,,,,,,,
RA-818,0,7.0,Menino,2022,Escola Pública,Ametista,7.483,9.5,7.3,7.5,,6.2,6.5,5.8,,7.5,10.0,ALFA  (2º e 3º ano),0,2022,0,0,Em fase / adiantado,0,10.0,True,2023.0,1.0,6.2,8.4,7.52,8.125,7.613333333,10.0,7.997366667,Ametista,0,0.0,1.1000000000000005,0.514366667
RA-818,FASE 1,,Masculino,2022,Pública,Ametista,7.997366667,10.0,8.4,7.52,8.125,6.2,5.5,6.8,,7.613333333,10.0,ALFA (1° e 2° ano),1,2023,1,1,Em fase / adiantado,0,10.0,True,,,,,,,,,,,,,,
RA-819,0,8.0,Menino,2022,Escola Pública,Ametista,7.741,10.0,7.9,7.5,,7.3,8.0,6.5,,7.333,10.0,ALFA  (2º e 3º ano),0,2022,0,0,Em fase / adiantado,0,10.0,True,2023.0,0.0,9.5,8.3,7.52,8.541666667,8.893333333,10.0,7.944833333,Ametista,0,2.2,0.40000000000000036,0.2038333330000004
RA-819,FASE 1,9.0,Masculino,2022,Pública,Ametista,7.944833333,0.0,8.3,7.52,8.541666667,9.5,9.7,9.3,,8.893333333,10.0,Fase 1 (3° e 4° ano),0,2023,1,1,Em fase / adiantado,0,10.0,True,2024.0,1.0,9.0,7.784679089,7.51,8.4375,8.503333333,10.0,8.652552484400001,Topázio,0,-0.5,-0.5153209110000008,0.707719151400001
RA-819,2U,10.0,Masculino,2022,Pública,Topázio,8.652552484400001,10.002,7.784679089,7.51,8.4375,9.0,8.0,10.0,,8.503333333,10.0,Fase 1 (3° e 4° ano),1,2024,2,2,Em fase / adiantado,0,10.0,True,,,,,,,,,,,,,,
RA-82,5,17.0,Menina,2022,Escola Pública,Ágata,6.596,8.8,6.8,7.5,,5.5,6.0,5.0,,6.417,5.0,Fase 7 (3º EM),-2,2022,5,0,Defasagem moderada,1,5.0,True,,,,,,,,,,,,,,
RA-820,0,9.0,Menino,2022,Escola Pública,Ametista,7.417,9.5,10.0,6.9,,6.0,7.7,4.3,,7.583,5.0,Fase 1 (4º ano),-1,2022,0,0,Defasagem moderada,1,5.0,True,2023.0,-1.0,8.9,7.4,7.52,9.0625,8.28,5.0,7.85605,Ametista,1,2.9000000000000004,-2.5999999999999996,0.43904999999999994
RA-820,FASE 1,10.0,Masculino,2022,Pública,Ametista,7.85605,7.9,7.4,7.52,9.0625,8.9,9.2,8.5,,8.28,5.0,Fase 2 (5° e 6° ano),-1,2023,1,1,Defasagem moderada,1,5.0,True,2024.0,0.0,6.25,6.573529412,7.51,8.333333333,6.386666667,10.0,7.426572549100001,Ametista,0,-2.6500000000000004,-0.8264705880000003,-0.42947745089999856
RA-820,2I,11.0,Masculino,2022,Pública,Ametista,7.426572549100001,10.002,6.573529412,7.51,8.333333333,6.25,6.0,6.5,,6.386666667,10.0,Fase 2 (5° e 6° ano),0,2024,2,2,Em fase / adiantado,0,10.0,True,,,,,,,,,,,,,,
RA-821,0,10.0,Menino,2022,Escola Pública,Ágata,6.342,9.0,7.0,7.5,,4.6,5.2,4.0,,6.917,5.0,Fase 2 (5º e 6º ano),-2,2022,0,0,Defasagem moderada,1,5.0,True,2024.0,,,,,,,,,,,,,
RA-821,2A,11.0,Masculino,2022,Pública,Ágata,6.643866666600001,8.502,5.9166666665,7.51,6.666666667,4.25,4.5,4.0,,6.713333333,10.0,Fase 2 (5° e 6° ano),0,2024,2,2,Em fase / adiantado,0,10.0,True,,,,,,,,,,,,,,
RA-822,0,10.0,Menino,2022,Escola Pública,Ágata,6.922,8.0,8.4,7.5,,6.1,6.5,5.7,,7.083,5.0,Fase 2 (5º e 6º ano),-2,2022,0,0,Defasagem moderada,1,5.0,True,2023.0,-2.0,7.1,8.4,2.52,5.625,5.925,5.0,6.4497,Ágata,1,1.0,0.0,-0.4722999999999997
RA-822,ALFA,,Masculino,2022,Pública,Ágata,6.4497,8.5,8.4,2.52,5.625,7.1,8.0,6.2,,5.925,5.0,Fase 2 (5° e 6° ano),-2,2023,0,1,Defasagem moderada,1,5.0,True,2024.0,-2.0,6.75,4.6245059285,5.01,6.666666667,6.61,5.0,5.2645678524,Quartzo,1,-0.34999999999999964,-3.7754940715000007,-1.1851321476
RA-822,1H,12.0,Masculino,2022,Pública,Quartzo,5.2645678524,0.0,4.6245059285,5.01,6.666666667,6.75,7.5,6.0,,6.61,5.0,Fase 3 (7° e 8° ano),-2,2024,1,2,Defasagem moderada,1,5.0,True,,,,,,,,,,,,,,
RA-823,0,10.0,Menina,2021,Escola Pública,Quartzo,5.989,10.0,6.0,7.5,,2.8,4.0,1.7,,7.167,5.0,Fase 2 (5º e 6º ano),-2,2022,0,1,Defasagem moderada,1,5.0,True,,,,,,,,,,,,,,
RA-824,0,8.0,Menino,2022,Escola Pública,Ágata,6.799,10.0,4.4,6.9,,6.0,7.0,5.0,,7.333,10.0,ALFA  (2º e 3º ano),0,2022,0,0,Em fase / adiantado,0,10.0,True,,,,,,,,,,,,,,
RA-825,0,9.0,Menina,2021,Escola Pública,Ametista,7.25,7.5,8.2,6.9,,7.6,8.3,6.8,,7.917,5.0,Fase 1 (4º ano),-1,2022,0,1,Defasagem moderada,1,5.0,True,,,,,,,,,,,,,,
RA-826,0,8.0,Menino,2022,Escola Pública,Ametista,7.776,9.5,9.6,7.5,,5.4,4.3,6.5,,7.5,10.0,ALFA  (2º e 3º ano),0,2022,0,0,Em fase / adiantado,0,10.0,True,2023.0,-1.0,7.3,10.0,3.77,7.8125,8.34,5.0,7.77645,Ametista,1,1.8999999999999995,0.40000000000000036,0.0004499999999998394
RA-826,ALFA,,Masculino,2022,Pública,Ametista,7.77645,10.0,10.0,3.77,7.8125,7.3,7.0,7.5,,8.34,5.0,Fase 1 (3° e 4° ano),-1,2023,0,1,Defasagem moderada,1,5.0,True,2024.0,-1.0,6.75,10.0,6.26,7.5,8.59,5.0,7.9442,Ametista,1,-0.5499999999999998,0.0,0.16775000000000073
RA-826,1L,10.0,Masculino,2022,Pública,Ametista,7.9442,10.002,10.0,6.26,7.5,6.75,5.5,8.0,,8.59,5.0,Fase 2 (5° e 6° ano),-1,2024,1,2,Defasagem moderada,1,5.0,True,,,,,,,,,,,,,,
RA-827,0,10.0,Menina,2022,Escola Pública,Ametista,7.412,9.5,7.0,7.5,,7.6,7.7,7.5,,8.667,5.0,Fase 2 (5º e 6º ano),-2,2022,0,0,Defasagem moderada,1,5.0,True,2023.0,-1.0,8.1,8.1,3.14,8.28125,8.73,5.0,7.419925,Ametista,1,0.5,1.0999999999999996,0.007925000000000182
RA-827,FASE 1,,Feminino,2022,Pública,Ametista,7.419925,7.9,8.1,3.14,8.28125,8.1,7.7,8.5,,8.73,5.0,Fase 2 (5° e 6° ano),-1,2023,1,1,Defasagem moderada,1,5.0,True,2024.0,0.0,7.25,9.782608695499999,5.01,7.65625,7.875,10.0,8.2483467391,Topázio,0,-0.8499999999999996,1.682608695499999,0.8284217391000004
RA-827,2K,12.0,Feminino,2022,Pública,Topázio,8.2483467391,10.002,9.782608695499999,5.01,7.65625,7.25,6.0,8.5,,7.875,10.0,Fase 2 (5° e 6° ano),0,2024,2,2,Em fase / adiantado,0,10.0,True,,,,,,,,,,,,,,
RA-828,0,9.0,Menina,2022,Escola Pública,Ametista,7.139,9.5,7.1,7.5,,6.9,7.3,6.5,,7.833,5.0,Fase 1 (4º ano),-1,2022,0,0,Defasagem moderada,1,5.0,True,,,,,,,,,,,,,,
RA-829,0,8.0,Menina,2022,Escola Pública,Ametista,8.003,9.0,8.6,7.5,,7.8,8.2,7.5,,7.5,10.0,ALFA  (2º e 3º ano),0,2022,0,0,Em fase / adiantado,0,10.0,True,2023.0,0.0,8.4,9.4,3.14,9.21875,9.23,10.0,8.532075,Topázio,0,0.6000000000000005,0.8000000000000007,0.5290750000000006
RA-829,FASE 1,9.0,Feminino,2022,Pública,Topázio,8.532075,9.0,9.4,3.14,9.21875,8.4,7.5,9.2,,9.23,10.0,Fase 1 (3° e 4° ano),0,2023,1,1,Em fase / adiantado,0,10.0,True,2024.0,1.0,8.0,9.75,9.38,8.90625,9.215,10.0,9.171825000000002,Topázio,0,-0.40000000000000036,0.34999999999999964,0.6397500000000012
RA-829,2K,10.0,Feminino,2022,Privada - Programa de Apadrinhamento,Topázio,9.171825000000002,9.502,9.75,9.38,8.90625,8.0,6.0,10.0,,9.215,10.0,Fase 1 (3° e 4° ano),1,2024,2,2,Em fase / adiantado,0,10.0,True,,,,,,,,,,,,,,
RA-83,5,17.0,Menina,2022,Escola Pública,Ágata,6.671,7.9,6.8,7.5,,6.8,6.0,7.5,,5.958,5.0,Fase 7 (3º EM),-2,2022,5,0,Defasagem moderada,1,5.0,True,,,,,,,,,,,,,,
RA-830,0,9.0,Menina,2022,Escola Pública,Ametista,7.234,10.0,8.6,7.5,,6.0,5.8,6.2,,7.5,5.0,Fase 1 (4º ano),-1,2022,0,0,Defasagem moderada,1,5.0,True,2023.0,-1.0,8.3,8.9,3.14,6.25,9.505,5.0,6.78,Ágata,1,2.3000000000000007,0.3000000000000007,-0.45399999999999974
RA-830,ALFA,9.0,Feminino,2022,Pública,Ágata,6.78,0.0,8.9,3.14,6.25,8.3,8.3,8.3,,9.505,5.0,Fase 1 (3° e 4° ano),-1,2023,0,1,Defasagem moderada,1,5.0,True,2024.0,-1.0,6.75,7.619047619,5.63,8.333333333,7.335,5.0,7.1373428571,Ametista,1,-1.5500000000000007,-1.2809523810000005,0.3573428570999999
RA-830,1L,11.0,Feminino,2022,Pública,Ametista,7.1373428571,9.002,7.619047619,5.63,8.333333333,6.75,6.5,7.0,,7.335,5.0,Fase 2 (5° e 6° ano),-1,2024,1,2,Defasagem moderada,1,5.0,True,,,,,,,,,,,,,,
RA-831,0,9.0,Menino,2022,Escola Pública,Ametista,7.41,9.5,9.2,7.5,,7.2,7.3,7.0,,7.167,5.0,Fase 1 (4º ano),-1,2022,0,0,Defasagem moderada,1,5.0,True,2023.0,-1.0,8.3,9.4,3.77,7.8125,8.59,5.0,7.71645,Ametista,1,1.1000000000000005,0.20000000000000107,0.3064499999999999
RA-831,ALFA,9.0,Masculino,2022,Pública,Ametista,7.71645,8.0,9.4,3.77,7.8125,8.3,8.8,7.8,,8.59,5.0,Fase 1 (3° e 4° ano),-1,2023,0,1,Defasagem moderada,1,5.0,True,2024.0,-1.0,7.75,9.523809524,6.26,7.916666667,8.17,5.0,8.0066285715,Topázio,1,-0.5500000000000007,0.12380952400000034,0.29017857150000026
RA-831,1K,10.0,Masculino,2022,Pública,Topázio,8.0066285715,10.002,9.523809524,6.26,7.916666667,7.75,6.5,9.0,,8.17,5.0,Fase 2 (5° e 6° ano),-1,2024,1,2,Defasagem moderada,1,5.0,True,,,,,,,,,,,,,,
RA-832,0,9.0,Menino,2022,Escola Pública,Topázio,8.179,10.0,9.2,7.5,,8.8,8.8,8.8,,8.833,5.0,Fase 1 (4º ano),-1,2022,0,0,Defasagem moderada,1,5.0,True,2023.0,-1.0,8.5,9.5,7.52,7.708333333,8.283333333,5.0,8.2697,Topázio,1,-0.3000000000000007,0.3000000000000007,0.0907
RA-832,FASE 1,10.0,Masculino,2022,Pública,Topázio,8.2697,10.0,9.5,7.52,7.708333333,8.5,9.2,7.7,,8.283333333,5.0,Fase 2 (5° e 6° ano),-1,2023,1,1,Defasagem moderada,1,5.0,True,2024.0,0.0,8.0,8.695652174,7.51,7.5,7.5,10.0,8.2403304348,Topázio,0,-0.5,-0.8043478260000008,-0.02936956519999967
RA-832,2U,11.0,Masculino,2022,Pública,Topázio,8.2403304348,9.002,8.695652174,7.51,7.5,8.0,7.0,9.0,,7.5,10.0,Fase 2 (5° e 6° ano),0,2024,2,2,Em fase / adiantado,0,10.0,True,,,,,,,,,,,,,,
RA-833,0,9.0,Menino,2022,Escola Pública,Ametista,7.791,10.0,9.5,7.5,,7.8,8.2,7.5,,7.583,5.0,Fase 1 (4º ano),-1,2022,0,0,Defasagem moderada,1,5.0,True,2023.0,-1.0,7.4,9.5,3.77,8.4375,8.56,5.0,7.81295,Ametista,1,-0.39999999999999947,0.0,0.02194999999999947
RA-833,FASE 1,,Masculino,2022,Pública,Ametista,7.81295,10.0,9.5,3.77,8.4375,7.4,7.3,7.5,,8.56,5.0,Fase 2 (5° e 6° ano),-1,2023,1,1,Defasagem moderada,1,5.0,True,2024.0,0.0,8.0,9.3271221535,7.51,8.125,7.946666667,10.0,8.5184577641,Topázio,0,0.5999999999999996,-0.1728778465000005,0.7055077641000009
RA-833,2U,11.0,Masculino,2022,Pública,Topázio,8.5184577641,9.002,9.3271221535,7.51,8.125,8.0,9.0,7.0,,7.946666667,10.0,Fase 2 (5° e 6° ano),0,2024,2,2,Em fase / adiantado,0,10.0,True,,,,,,,,,,,,,,
RA-834,0,9.0,Menino,2022,Escola Pública,Topázio,8.136,9.0,9.0,7.5,,9.0,9.2,8.8,,9.083,5.0,Fase 1 (4º ano),-1,2022,0,0,Defasagem moderada,1,5.0,True,2023.0,-1.0,9.2,9.9,6.27,9.6875,9.283333333,5.0,8.662616667,Topázio,1,0.1999999999999993,0.9000000000000004,0.5266166670000008
RA-834,FASE 1,,Masculino,2022,Pública,Topázio,8.662616667,9.0,9.9,6.27,9.6875,9.2,9.0,9.3,,9.283333333,5.0,Fase 2 (5° e 6° ano),-1,2023,1,1,Defasagem moderada,1,5.0,True,2024.0,0.0,8.75,9.109730849,6.26,7.708333333,8.723333333,10.0,8.513646169700001,Topázio,0,-0.4499999999999993,-0.7902691510000004,-0.14897049729999878
RA-834,2L,11.0,Masculino,2022,Pública,Topázio,8.513646169700001,8.002,9.109730849,6.26,7.708333333,8.75,9.0,8.5,,8.723333333,10.0,Fase 2 (5° e 6° ano),0,2024,2,2,Em fase / adiantado,0,10.0,True,,,,,,,,,,,,,,
RA-835,0,8.0,Menino,2022,Escola Pública,Ametista,7.263,6.9,7.3,7.5,,7.5,7.6,7.3,,6.667,10.0,ALFA  (2º e 3º ano),0,2022,0,0,Em fase / adiantado,0,10.0,True,2023.0,0.0,8.7,8.5,7.52,6.875,7.835,10.0,8.2467,Topázio,0,1.1999999999999993,1.2000000000000002,0.9837000000000007
RA-835,ALFA,8.0,Masculino,2022,Pública,Topázio,8.2467,8.0,8.5,7.52,6.875,8.7,8.5,8.9,,7.835,10.0,ALFA (1° e 2° ano),0,2023,0,1,Em fase / adiantado,0,10.0,True,,,,,,,,,,,,,,
RA-836,0,9.0,Menino,2022,Escola Pública,Ametista,7.665,8.5,8.3,7.5,,9.2,9.0,9.3,,7.583,5.0,Fase 1 (4º ano),-1,2022,0,0,Defasagem moderada,1,5.0,True,2023.0,-2.0,6.7,9.6,6.27,6.875,8.085,5.0,7.6417,Ametista,1,-2.499999999999999,1.299999999999999,-0.023299999999999876
RA-836,ALFA,,Masculino,2022,Pública,Ametista,7.6417,9.5,9.6,6.27,6.875,6.7,6.7,6.7,,8.085,5.0,Fase 2 (5° e 6° ano),-2,2023,0,1,Defasagem moderada,1,5.0,True,2024.0,-1.0,2.75,6.439393939,7.51,7.34375,6.25,5.0,6.0234537878,Ágata,1,-3.95,-3.1606060609999993,-1.6182462121999999
RA-836,1J,11.0,Masculino,2022,Pública,Ágata,6.0234537878,9.502,6.439393939,7.51,7.34375,2.75,5.5,0.0,,6.25,5.0,Fase 2 (5° e 6° ano),-1,2024,1,2,Defasagem moderada,1,5.0,True,,,,,,,,,,,,,,
RA-837,0,8.0,Menino,2022,Escola Pública,Topázio,8.207,8.5,9.0,7.5,,8.8,9.2,8.3,,7.5,10.0,ALFA  (2º e 3º ano),0,2022,0,0,Em fase / adiantado,0,10.0,True,2023.0,0.0,7.0,9.3,7.52,7.916666667,7.836666667,10.0,8.2712,Topázio,0,-1.8000000000000007,0.3000000000000007,0.06419999999999959
RA-837,FASE 1,,Masculino,2022,Pública,Topázio,8.2712,9.0,9.3,7.52,7.916666667,7.0,6.3,7.7,,7.836666667,10.0,Fase 1 (3° e 4° ano),0,2023,1,1,Em fase / adiantado,0,10.0,True,2024.0,0.0,6.75,9.782608695499999,6.885,7.03125,7.5825,10.0,7.9648467391,Ametista,0,-0.25,0.48260869549999796,-0.3063532608999999
RA-837,2G,10.0,Masculino,2022,Pública,Ametista,7.9648467391,7.502,9.782608695499999,6.885,7.03125,6.75,6.0,7.5,,7.5825,10.0,Fase 2 (5° e 6° ano),0,2024,2,2,Em fase / adiantado,0,10.0,True,,,,,,,,,,,,,,
RA-838,0,9.0,Menino,2022,Escola Pública,Ametista,7.461,10.0,7.4,7.5,,6.3,6.6,5.9,,9.417,5.0,Fase 1 (4º ano),-1,2022,0,0,Defasagem moderada,1,5.0,True,,,,,,,,,,,,,,
RA-839,0,9.0,Menina,2022,Escola Pública,Quartzo,5.198,0.0,5.1,7.5,,5.4,5.8,5.0,,6.583,5.0,Fase 1 (4º ano),-1,2022,0,0,Defasagem moderada,1,5.0,True,,,,,,,,,,,,,,
RA-84,5,17.0,Menina,2018,Rede Decisão,Ágata,6.682,7.1,8.8,5.0,,5.8,5.7,6.5,5.2,6.75,5.0,Fase 7 (3º EM),-2,2022,5,4,Defasagem moderada,1,5.0,True,2023.0,-2.0,6.0,8.8,2.52,7.8125,7.6725,5.0,6.034416667,Ágata,1,0.20000000000000018,0.0,-0.647583333
RA-84,FASE 6,,Feminino,2018,Privada - Programa de Apadrinhamento,Ágata,6.034416667,0.0,8.8,2.52,7.8125,6.0,6.8,5.8,5.5,7.6725,5.0,Fase 8 (Universitários),-2,2023,6,5,Defasagem moderada,1,5.0,True,,,,,,,,,,,,,,
RA-840,0,8.0,Menino,2022,Escola Pública,Ametista,7.875,9.0,8.2,7.5,,7.8,9.6,5.9,,7.5,10.0,ALFA  (2º e 3º ano),0,2022,0,0,Em fase / adiantado,0,10.0,True,2023.0,-1.0,8.2,9.0,4.38,7.5,8.59,5.0,7.7862,Ametista,1,0.39999999999999947,0.8000000000000007,-0.08879999999999999
RA-840,ALFA,,Masculino,2022,Pública,Ametista,7.7862,9.5,9.0,4.38,7.5,8.2,8.3,8.0,,8.59,5.0,Fase 1 (3° e 4° ano),-1,2023,0,1,Defasagem moderada,1,5.0,True,2024.0,0.0,8.0,9.337121212,7.51,8.333333333,7.946666667,10.0,8.5912909091,Topázio,0,-0.1999999999999993,0.33712121199999956,0.8050909090999996
RA-840,1G,10.0,Masculino,2022,Pública,Topázio,8.5912909091,9.502,9.337121212,7.51,8.333333333,8.0,7.0,9.0,,7.946666667,10.0,Fase 1 (3° e 4° ano),0,2024,1,2,Em fase / adiantado,0,10.0,True,,,,,,,,,,,,,,
RA-841,0,11.0,Menino,2022,Escola Pública,Ametista,7.3,8.5,8.5,7.5,,7.2,8.6,5.8,,7.5,5.0,Fase 2 (5º e 6º ano),-2,2022,0,0,Defasagem moderada,1,5.0,True,2023.0,-2.0,6.9,7.2,7.52,7.5,9.84,5.0,6.78,Ágata,1,-0.2999999999999998,-1.2999999999999998,-0.5199999999999996
RA-841,ALFA,11.0,Masculino,2022,Pública,Ágata,6.78,0.0,7.2,7.52,7.5,6.9,6.7,7.0,,9.84,5.0,Fase 2 (5° e 6° ano),-2,2023,0,1,Defasagem moderada,1,5.0,True,2024.0,-1.0,3.25,6.3272311215000006,7.51,7.03125,5.83,5.0,6.035771224300001,Ágata,1,-3.6500000000000004,-0.8727688784999996,-0.744228775699999
RA-841,2H,12.0,Masculino,2022,Pública,Ágata,6.035771224300001,10.002,6.3272311215000006,7.51,7.03125,3.25,4.0,2.5,,5.83,5.0,Fase 3 (7° e 8° ano),-1,2024,2,2,Defasagem moderada,1,5.0,True,,,,,,,,,,,,,,
RA-842,0,8.0,Menina,2022,Escola Pública,Ametista,7.952,7.5,8.3,7.5,,9.1,9.1,9.1,,8.25,10.0,ALFA  (2º e 3º ano),0,2022,0,0,Em fase / adiantado,0,10.0,True,2023.0,-1.0,7.9,8.5,3.77,5.625,8.01,5.0,7.2117,Ametista,1,-1.1999999999999993,0.1999999999999993,-0.7402999999999995
RA-842,ALFA,9.0,Feminino,2022,Pública,Ametista,7.2117,9.0,8.5,3.77,5.625,7.9,8.2,7.5,,8.01,5.0,Fase 1 (3° e 4° ano),-1,2023,0,1,Defasagem moderada,1,5.0,True,2024.0,-1.0,7.5,7.549407115,6.26,6.875,6.996666667,5.0,7.072914756400001,Ametista,1,-0.40000000000000036,-0.9505928849999998,-0.13878524359999922
RA-842,1G,10.0,Feminino,2022,Pública,Ametista,7.072914756400001,8.502,7.549407115,6.26,6.875,7.5,6.0,9.0,,6.996666667,5.0,Fase 2 (5° e 6° ano),-1,2024,1,2,Defasagem moderada,1,5.0,True,,,,,,,,,,,,,,
RA-843,0,8.0,Menina,2022,Escola Pública,Topázio,8.538,8.5,9.0,7.5,,9.2,9.8,8.5,,8.417,10.0,ALFA  (2º e 3º ano),0,2022,0,0,Em fase / adiantado,0,10.0,True,,,,,,,,,,,,,,
RA-844,0,8.0,Menino,2022,Escola Pública,Ágata,6.253,0.0,5.0,8.1,,5.9,6.0,5.8,,8.333,10.0,ALFA  (2º e 3º ano),0,2022,0,0,Em fase / adiantado,0,10.0,True,,,,,,,,,,,,,,
RA-845,0,8.0,Menina,2022,Escola Pública,Topázio,8.491,10.0,8.8,7.5,,8.7,9.1,8.3,,8.417,10.0,ALFA  (2º e 3º ano),0,2022,0,0,Em fase / adiantado,0,10.0,True,,,,,,,,,,,,,,
RA-846,0,7.0,Menina,2022,Escola Pública,Ametista,7.412,9.0,7.2,7.5,,5.9,7.7,4.0,,7.917,10.0,ALFA  (2º e 3º ano),0,2022,0,0,Em fase / adiantado,0,10.0,True,2023.0,0.0,6.0,8.2,3.77,5.625,8.67,10.0,7.4637,Ametista,0,0.09999999999999964,0.9999999999999991,0.0517000000000003
RA-846,ALFA,8.0,Feminino,2022,Pública,Ametista,7.4637,9.5,8.2,3.77,5.625,6.0,6.3,5.7,,8.67,10.0,ALFA (1° e 2° ano),0,2023,0,1,Em fase / adiantado,0,10.0,True,,,,,,,,,,,,,,
RA-847,0,9.0,Menino,2022,Escola Pública,Ágata,6.839,7.9,8.2,4.4,,7.7,7.8,7.6,,7.417,5.0,Fase 1 (4º ano),-1,2022,0,0,Defasagem moderada,1,5.0,True,2023.0,-2.0,7.6,9.1,2.52,5.0,5.84,5.0,6.5418,Ágata,1,-0.10000000000000053,0.9000000000000004,-0.29720000000000013
RA-847,ALFA,10.0,Masculino,2022,Pública,Ágata,6.5418,7.9,9.1,2.52,5.0,7.6,7.5,7.6,,5.84,5.0,Fase 2 (5° e 6° ano),-2,2023,0,1,Defasagem moderada,1,5.0,True,2024.0,-1.0,1.0,4.5454545455,5.01,7.5,6.245,5.0,5.009290909100001,Quartzo,1,-6.6,-4.5545454544999995,-1.5325090908999996
RA-847,1D,11.0,Masculino,2022,Pública,Quartzo,5.009290909100001,9.002,4.5454545455,5.01,7.5,1.0,0.0,2.0,,6.245,5.0,Fase 2 (5° e 6° ano),-1,2024,1,2,Defasagem moderada,1,5.0,True,,,,,,,,,,,,,,
RA-848,0,9.0,Menino,2022,Escola Pública,Ametista,7.488,9.5,7.0,7.5,,9.0,9.8,8.1,,7.833,5.0,Fase 1 (4º ano),-1,2022,0,0,Defasagem moderada,1,5.0,True,,,,,,,,,,,,,,
RA-849,0,9.0,Menino,2022,Escola Pública,Ametista,7.369,8.5,8.3,7.5,,9.1,9.8,8.3,,7.417,5.0,Fase 1 (4º ano),-1,2022,0,0,Defasagem moderada,1,5.0,True,,,,,,,,,,,,,,
RA-85,5,15.0,Menino,2022,Escola Pública,Ágata,6.243,6.7,7.3,5.0,,4.3,5.0,3.5,,5.833,10.0,Fase 5 (1º EM),0,2022,5,0,Em fase / adiantado,0,10.0,True,2023.0,-1.0,5.7,8.9,6.27,5.9375,7.8425,5.0,7.08435,Ametista,1,1.4000000000000004,1.6000000000000005,0.8413499999999994
RA-85,FASE 5,16.0,Masculino,2022,Pública,Ametista,7.08435,8.8,8.9,6.27,5.9375,5.7,5.8,3.8,7.5,7.8425,5.0,Fase 6 (2° EM),-1,2023,5,1,Defasagem moderada,1,5.0,True,2024.0,-2.0,7.666666666666667,8.668046928999999,3.755,6.25,6.993333333,5.0,6.999509385733333,Ágata,1,1.9666666666666668,-0.2319530710000013,-0.08484061426666667
RA-85,5N,17.0,Masculino,2022,Pública,Ágata,6.999509385733333,8.334,8.668046928999999,3.755,6.25,7.666666666666667,9.0,4.5,9.5,6.993333333,5.0,Fase 7 (3° EM),-2,2024,5,2,Defasagem moderada,1,5.0,True,,,,,,,,,,,,,,
RA-850,0,8.0,Menino,2022,Escola Pública,Ametista,7.641,10.0,7.3,7.5,,8.5,8.1,8.8,,7.167,10.0,ALFA  (2º e 3º ano),0,2022,0,0,Em fase / adiantado,0,10.0,True,2023.0,-1.0,7.3,7.9,6.26,6.5625,6.265,5.0,6.06525,Ágata,1,-1.2000000000000002,0.6000000000000005,-1.5757500000000002
RA-850,ALFA,9.0,Masculino,2022,Pública,Ágata,6.06525,0.0,7.9,6.26,6.5625,7.3,6.8,7.7,,6.265,5.0,Fase 1 (3° e 4° ano),-1,2023,0,1,Defasagem moderada,1,5.0,True,2024.0,-1.0,7.75,9.2727272725,6.255,7.5,7.92,5.0,7.864245454500001,Ametista,1,0.4500000000000002,1.3727272724999988,1.7989954545000009
RA-850,1C,10.0,Masculino,2022,Pública,Ametista,7.864245454500001,10.002,9.2727272725,6.255,7.5,7.75,6.0,9.5,,7.92,5.0,Fase 2 (5° e 6° ano),-1,2024,1,2,Defasagem moderada,1,5.0,True,,,,,,,,,,,,,,
RA-851,0,8.0,Menino,2022,Escola Pública,Ametista,7.515,9.0,7.9,7.5,,8.3,7.9,8.7,,6.583,10.0,ALFA  (2º e 3º ano),0,2022,0,0,Em fase / adiantado,0,10.0,True,2023.0,-1.0,6.6,7.5,2.52,5.625,6.01,5.0,6.1683,Ágata,1,-1.700000000000001,-0.40000000000000036,-1.3466999999999993
RA-851,ALFA,,Masculino,2022,Pública,Ágata,6.1683,8.4,7.5,2.52,5.625,6.6,6.8,6.3,,6.01,5.0,Fase 1 (3° e 4° ano),-1,2023,0,1,Defasagem moderada,1,5.0,True,2024.0,-1.0,6.0,7.3221343875,5.63,5.625,5.106666667,5.0,6.2114602109,Ágata,1,-0.5999999999999996,-0.17786561249999977,0.043160210899999996
RA-851,1B,10.0,Masculino,2022,Pública,Ágata,6.2114602109,9.002,7.3221343875,5.63,5.625,6.0,5.0,7.0,,5.106666667,5.0,Fase 2 (5° e 6° ano),-1,2024,1,2,Defasagem moderada,1,5.0,True,,,,,,,,,,,,,,
RA-852,0,7.0,Menina,2022,Escola Pública,Quartzo,5.666,9.0,6.8,5.0,,2.1,2.5,1.8,,5.5,10.0,ALFA  (2º e 3º ano),0,2022,0,0,Em fase / adiantado,0,10.0,True,,,,,,,,,,,,,,
RA-853,0,8.0,Menina,2022,Escola Pública,Topázio,8.616,10.0,9.6,7.5,,8.5,8.8,8.2,,8.5,10.0,ALFA  (2º e 3º ano),0,2022,0,0,Em fase / adiantado,0,10.0,True,2023.0,-1.0,7.4,9.5,3.77,6.25,9.84,5.0,7.8402,Ametista,1,-1.0999999999999996,-0.09999999999999964,-0.7757999999999994
RA-853,ALFA,9.0,Feminino,2022,Pública,Ametista,7.8402,10.0,9.5,3.77,6.25,7.4,7.2,7.5,,9.84,5.0,Fase 1 (3° e 4° ano),-1,2023,0,1,Defasagem moderada,1,5.0,True,2024.0,0.0,6.25,9.5833333335,6.26,8.333333333,7.553333333,10.0,7.986866666600001,Ametista,0,-1.1500000000000004,0.0833333335000006,0.14666666660000072
RA-853,1G,10.0,Feminino,2022,Pública,Ametista,7.986866666600001,8.502,9.5833333335,6.26,8.333333333,6.25,6.5,6.0,,7.553333333,10.0,Fase 1 (3° e 4° ano),0,2024,1,2,Em fase / adiantado,0,10.0,True,,,,,,,,,,,,,,
RA-854,0,8.0,Menina,2022,Escola Pública,Topázio,8.098,8.0,9.0,7.5,,9.3,9.5,9.0,,7.167,10.0,ALFA  (2º e 3º ano),0,2022,0,0,Em fase / adiantado,0,10.0,True,2023.0,0.0,6.0,9.5,3.77,5.625,8.01,10.0,6.6415,Ágata,0,-3.3000000000000007,0.5,-1.456500000000001
RA-854,ALFA,,Feminino,2022,Pública,Ágata,6.6415,0.0,9.5,3.77,5.625,6.0,7.5,4.5,,8.01,10.0,ALFA (1° e 2° ano),0,2023,0,1,Em fase / adiantado,0,10.0,True,2024.0,0.0,7.0,10.0,6.26,5.833333333,6.333333333,10.0,7.826199999900001,Ametista,0,1.0,0.5,1.1846999999000012
RA-854,1G,9.0,Feminino,2022,Pública,Ametista,7.826199999900001,9.502,10.0,6.26,5.833333333,7.0,7.0,7.0,,6.333333333,10.0,Fase 1 (3° e 4° ano),0,2024,1,2,Em fase / adiantado,0,10.0,True,,,,,,,,,,,,,,
RA-855,0,9.0,Menina,2022,Escola Pública,Topázio,8.453,10.0,9.6,7.5,,9.7,9.7,9.6,,9.0,5.0,Fase 1 (4º ano),-1,2022,0,0,Defasagem moderada,1,5.0,True,2023.0,0.0,6.8,10.0,7.52,8.4375,8.67,10.0,8.62995,Topázio,0,-2.8999999999999995,0.40000000000000036,0.17694999999999972
RA-855,FASE 1,9.0,Feminino,2022,Pública,Topázio,8.62995,9.5,10.0,7.52,8.4375,6.8,5.2,8.3,,8.67,10.0,Fase 1 (3° e 4° ano),0,2023,1,1,Em fase / adiantado,0,10.0,True,2024.0,0.0,8.5,10.0,7.51,7.5,7.386666667,10.0,8.578533333400001,Topázio,0,1.7000000000000002,0.0,-0.051416666599997995
RA-855,2I,10.0,Feminino,2022,Pública,Topázio,8.578533333400001,9.002,10.0,7.51,7.5,8.5,9.0,8.0,,7.386666667,10.0,Fase 2 (5° e 6° ano),0,2024,2,2,Em fase / adiantado,0,10.0,True,,,,,,,,,,,,,,
RA-856,0,7.0,Menino,2022,Escola Pública,Topázio,8.398,10.0,9.1,7.5,,8.4,8.5,8.2,,8.0,10.0,ALFA  (2º e 3º ano),0,2022,0,0,Em fase / adiantado,0,10.0,True,2023.0,0.0,7.3,9.6,7.52,5.625,8.255,10.0,7.3355,Ametista,0,-1.1000000000000005,0.5,-1.0625
RA-856,ALFA,,Masculino,2022,Pública,Ametista,7.3355,0.0,9.6,7.52,5.625,7.3,7.5,7.0,,8.255,10.0,ALFA (1° e 2° ano),0,2023,0,1,Em fase / adiantado,0,10.0,True,,,,,,,,,,,,,,
RA-857,0,9.0,Menina,2022,Escola Pública,Topázio,8.154,8.5,8.9,7.5,,9.5,9.6,9.3,,9.083,5.0,Fase 1 (4º ano),-1,2022,0,0,Defasagem moderada,1,5.0,True,2023.0,-1.0,8.5,9.0,7.52,7.5,9.01,5.0,8.1442,Topázio,1,-1.0,0.09999999999999964,-0.009800000000000253
RA-857,ALFA,9.0,Feminino,2022,Pública,Topázio,8.1442,8.5,9.0,7.52,7.5,8.5,8.7,8.2,,9.01,5.0,Fase 1 (3° e 4° ano),-1,2023,0,1,Defasagem moderada,1,5.0,True,,,,,,,,,,,,,,
RA-858,0,7.0,Menino,2022,Escola Pública,Ametista,7.523,10.0,7.1,5.6,,7.7,8.4,6.9,,7.333,10.0,ALFA  (2º e 3º ano),0,2022,0,0,Em fase / adiantado,0,10.0,True,2023.0,0.0,9.3,8.1,3.77,8.125,7.946666667,10.0,7.248833333,Ametista,0,1.6000000000000005,1.0,-0.27416666699999936
RA-858,ALFA,,Masculino,2022,Pública,Ametista,7.248833333,0.0,8.1,3.77,8.125,9.3,9.3,9.2,,7.946666667,10.0,ALFA (1° e 2° ano),0,2023,0,1,Em fase / adiantado,0,10.0,True,2024.0,-1.0,8.25,6.833333333500001,2.51,7.5,7.5,5.0,6.917866666700001,Ágata,1,-1.0500000000000007,-1.266666666499999,-0.33096666629999927
RA-858,ALFA,9.0,Masculino,2022,Pública,Ágata,6.917866666700001,9.002,6.833333333500001,2.51,7.5,8.25,10.0,6.5,,7.5,5.0,Fase 1 (3° e 4° ano),-1,2024,0,2,Defasagem moderada,1,5.0,True,,,,,,,,,,,,,,
RA-859,0,7.0,Menina,2022,Escola Pública,Topázio,8.325,8.5,8.7,7.5,,8.9,9.4,8.4,,8.25,10.0,ALFA  (2º e 3º ano),0,2022,0,0,Em fase / adiantado,0,10.0,True,2023.0,0.0,7.3,9.2,7.52,7.5,10.01,10.0,8.6042,Topázio,0,-1.6000000000000005,0.5,0.2792000000000012
RA-859,ALFA,8.0,Feminino,2022,Pública,Topázio,8.6042,8.0,9.2,7.52,7.5,7.3,6.8,7.8,,10.01,10.0,ALFA (1° e 2° ano),0,2023,0,1,Em fase / adiantado,0,10.0,True,2024.0,0.0,8.0,9.337121212,7.51,8.958333333,8.336666667,10.0,8.5817909091,Topázio,0,0.7000000000000002,0.13712121200000027,-0.022409090900000095
RA-859,1G,9.0,Feminino,2022,Pública,Topázio,8.5817909091,8.002,9.337121212,7.51,8.958333333,8.0,8.0,8.0,,8.336666667,10.0,Fase 1 (3° e 4° ano),0,2024,1,2,Em fase / adiantado,0,10.0,True,,,,,,,,,,,,,,
RA-86,5,16.0,Menino,2016,Rede Decisão,Ametista,7.566,7.5,9.6,5.6,,6.7,6.2,7.2,6.9,8.458,5.0,Fase 6 (2º EM),-1,2022,5,6,Defasagem moderada,1,5.0,True,2023.0,0.0,,,6.89,,,10.0,,,0,,,
RA-86,FASE 7,,Masculino,2016,Privada *Parcerias com Bolsa 100%,,,8.3,,6.89,,,,,,,10.0,Fase 7 (3° EM),0,2023,7,7,Em fase / adiantado,0,10.0,True,2024.0,0.0,5.483333333333333,9.704333333,6.57,7.5,7.5,10.0,7.611233333266666,Ametista,0,,,
RA-86,7E,18.0,Masculino,2021,Privada *Parcerias com Bolsa 100%,Ametista,7.611233333266666,6.667,9.704333333,6.57,7.5,5.483333333333333,6.35,6.3,3.8,7.5,10.0,Fase 7 (3° EM),0,2024,7,3,Em fase / adiantado,0,10.0,True,,,,,,,,,,,,,,
RA-860,0,7.0,Menino,2022,Escola Pública,Topázio,8.136,9.5,8.5,7.5,,8.1,8.9,7.2,,7.75,10.0,ALFA  (2º e 3º ano),0,2022,0,0,Em fase / adiantado,0,10.0,True,2023.0,0.0,7.4,9.8,6.89,7.5,8.34,10.0,8.2372,Topázio,0,-0.6999999999999993,1.3000000000000007,0.1012000000000004
RA-860,ALFA,,Masculino,2022,Pública,Topázio,8.2372,7.0,9.8,6.89,7.5,7.4,7.2,7.5,,8.34,10.0,ALFA (1° e 2° ano),0,2023,0,1,Em fase / adiantado,0,10.0,True,2024.0,0.0,8.5,9.7916666665,7.51,8.75,7.946666667,10.0,8.7738666667,Topázio,0,1.0999999999999996,-0.008333333500001316,0.5366666667000004
RA-860,1G,9.0,Masculino,2022,Pública,Topázio,8.7738666667,9.002,9.7916666665,7.51,8.75,8.5,8.0,9.0,,7.946666667,10.0,Fase 1 (3° e 4° ano),0,2024,1,2,Em fase / adiantado,0,10.0,True,,,,,,,,,,,,,,
RA-861,ALFA,8.0,Feminino,2023,Pública,Topázio,9.31095,9.5,10.0,8.13,8.4375,9.6,9.8,9.4,,8.92,10.0,ALFA (1° e 2° ano),0,2023,0,0,Em fase / adiantado,0,10.0,True,2024.0,-1.0,10.0,10.0,7.51,8.125,9.73,5.0,8.959700000000002,Topázio,1,0.40000000000000036,0.0,-0.3512499999999985
RA-861,ALFA,9.0,Feminino,2023,Pública,Topázio,8.959700000000002,9.502,10.0,7.51,8.125,10.0,10.0,10.0,,9.73,5.0,Fase 1 (3° e 4° ano),-1,2024,0,1,Defasagem moderada,1,5.0,True,,,,,,,,,,,,,,
RA-862,ALFA,9.0,Masculino,2023,Pública,Topázio,8.2212,8.5,9.1,8.14,7.5,8.9,8.5,9.2,,8.585,5.0,Fase 1 (3° e 4° ano),-1,2023,0,0,Defasagem moderada,1,5.0,True,2024.0,-2.0,7.5,8.6136363635,7.51,7.1875,6.27,5.0,7.346677272700001,Ametista,1,-1.4000000000000004,-0.48636363650000014,-0.8745227272999987
RA-862,ALFA,10.0,Masculino,2023,Pública,Ametista,7.346677272700001,9.002,8.6136363635,7.51,7.1875,7.5,10.0,5.0,,6.27,5.0,Fase 2 (5° e 6° ano),-2,2024,0,1,Defasagem moderada,1,5.0,True,,,,,,,,,,,,,,
RA-863,ALFA,7.0,Masculino,2023,Pública,Quartzo,5.92975,0.0,7.6,3.14,5.9375,6.3,7.0,5.5,,6.26,10.0,ALFA (1° e 2° ano),0,2023,0,0,Em fase / adiantado,0,10.0,True,2024.0,-1.0,5.5,3.159090909,2.51,4.6875,4.333333333,5.0,4.6684348484000004,Quartzo,1,-0.7999999999999998,-4.440909091,-1.2613151515999999
RA-863,ALFA,8.0,Masculino,2023,Pública,Quartzo,4.6684348484000004,8.502,3.159090909,2.51,4.6875,5.5,10.0,1.0,,4.333333333,5.0,Fase 1 (3° e 4° ano),-1,2024,0,1,Defasagem moderada,1,5.0,True,,,,,,,,,,,,,,
RA-864,ALFA,,Feminino,2023,Pública,Ametista,7.034,0.0,7.6,8.14,7.5,6.3,7.0,5.5,,8.5,10.0,ALFA (1° e 2° ano),0,2023,0,0,Em fase / adiantado,0,10.0,True,,,,,,,,,,,,,,
RA-865,ALFA,8.0,Masculino,2023,Pública,Topázio,8.1552,8.5,8.7,7.52,7.5,7.4,7.3,7.5,,7.915,10.0,ALFA (1° e 2° ano),0,2023,0,0,Em fase / adiantado,0,10.0,True,,,,,,,,,,,,,,
RA-866,ALFA,,Feminino,2023,Pública,Ametista,7.679,0.0,8.3,8.76,7.5,8.6,8.2,8.9,,8.415,10.0,ALFA (1° e 2° ano),0,2023,0,0,Em fase / adiantado,0,10.0,True,,,,,,,,,,,,,,
RA-867,ALFA,8.0,Masculino,2023,Pública,Topázio,8.6992,9.0,8.6,8.76,7.5,8.9,8.7,9.0,,8.415,10.0,ALFA (1° e 2° ano),0,2023,0,0,Em fase / adiantado,0,10.0,True,2024.0,-1.0,8.5,7.409090909,7.51,7.5,7.5,5.0,7.583018181800001,Ametista,1,-0.40000000000000036,-1.190909091,-1.1161818181999985
RA-867,ALFA,9.0,Masculino,2023,Pública,Ametista,7.583018181800001,9.002,7.409090909,7.51,7.5,8.5,10.0,7.0,,7.5,5.0,Fase 1 (3° e 4° ano),-1,2024,0,1,Defasagem moderada,1,5.0,True,,,,,,,,,,,,,,
RA-868,ALFA,,Masculino,2023,Pública,Topázio,8.63895,10.0,9.5,8.76,7.1875,7.1,7.8,6.3,,8.67,10.0,ALFA (1° e 2° ano),0,2023,0,0,Em fase / adiantado,0,10.0,True,2024.0,-1.0,7.0,9.75,3.76,6.875,7.213333333,5.0,7.156366666600001,Ametista,1,-0.09999999999999964,0.25,-1.4825833333999983
RA-868,ALFA,8.0,Masculino,2023,Pública,Ametista,7.156366666600001,8.002,9.75,3.76,6.875,7.0,8.0,6.0,,7.213333333,5.0,Fase 1 (3° e 4° ano),-1,2024,0,1,Defasagem moderada,1,5.0,True,,,,,,,,,,,,,,
RA-869,ALFA,8.0,Feminino,2023,Pública,Topázio,9.2587,9.0,10.0,8.76,8.125,9.6,9.8,9.4,,8.75,10.0,ALFA (1° e 2° ano),0,2023,0,0,Em fase / adiantado,0,10.0,True,,,,,,,,,,,,,,
RA-87,5,15.0,Menino,2021,Rede Decisão,Topázio,8.712,8.3,9.6,7.5,,8.8,8.3,8.0,10.0,8.5,10.0,Fase 5 (1º EM),0,2022,5,1,Em fase / adiantado,0,10.0,True,2023.0,0.0,9.3,10.0,5.63,8.125,8.385,10.0,8.6625,Topázio,0,0.5,0.40000000000000036,-0.0495000000000001
RA-87,FASE 6,16.0,Masculino,2021,Privada - Programa de Apadrinhamento,Topázio,8.6625,7.5,10.0,5.63,8.125,9.3,9.5,8.7,9.7,8.385,10.0,Fase 6 (2° EM),0,2023,6,2,Em fase / adiantado,0,10.0,True,2024.0,1.0,9.166666666666666,9.649122807,9.375,9.375,9.623333333,10.0,9.437924561333332,Topázio,0,-0.13333333333333464,-0.35087719300000053,0.7754245613333328
RA-87,7A,17.0,Masculino,2021,Privada - Programa de Apadrinhamento,Topázio,9.437924561333332,8.751,9.649122807,9.375,9.375,9.166666666666666,10.0,7.5,10.0,9.623333333,10.0,Fase 6 (2° EM),1,2024,7,3,Em fase / adiantado,0,10.0,True,,,,,,,,,,,,,,
RA-870,ALFA,9.0,Feminino,2023,Pública,Quartzo,4.909,0.0,8.5,8.76,5.0,1.5,2.0,1.0,,5.165,5.0,Fase 1 (3° e 4° ano),-1,2023,0,0,Defasagem moderada,1,5.0,True,,,,,,,,,,,,,,
RA-871,ALFA,9.0,Masculino,2023,Pública,Ágata,6.8617,9.0,9.5,3.76,4.375,6.9,6.8,7.0,,6.84,5.0,Fase 1 (3° e 4° ano),-1,2023,0,0,Defasagem moderada,1,5.0,True,2024.0,0.0,7.25,9.328063240999999,4.38,5.3125,5.783333333,10.0,7.2917293147999995,Ametista,0,0.34999999999999964,-0.17193675900000116,0.4300293147999996
RA-871,1B,10.0,Masculino,2023,Pública,Ametista,7.2917293147999995,8.502,9.328063240999999,4.38,5.3125,7.25,6.0,8.5,,5.783333333,10.0,Fase 1 (3° e 4° ano),0,2024,1,1,Em fase / adiantado,0,10.0,True,,,,,,,,,,,,,,
RA-872,ALFA,10.0,Feminino,2023,Pública,Quartzo,5.267,0.0,6.7,2.52,6.25,4.3,5.5,3.0,,8.5,5.0,Fase 2 (5° e 6° ano),-2,2023,0,0,Defasagem moderada,1,5.0,True,,,,,,,,,,,,,,
RA-873,ALFA,,Feminino,2023,Pública,Ametista,7.8012,8.5,9.7,7.52,6.25,7.0,7.2,6.8,,8.67,5.0,Fase 2 (5° e 6° ano),-2,2023,0,0,Defasagem moderada,1,5.0,True,2024.0,-2.0,6.75,10.0,6.88,7.1875,7.77,5.0,7.61095,Ametista,1,-0.25,0.3000000000000007,-0.1902499999999998
RA-873,1B,12.0,Feminino,2023,Pública,Ametista,7.61095,8.002,10.0,6.88,7.1875,6.75,7.0,6.5,,7.77,5.0,Fase 3 (7° e 8° ano),-2,2024,1,1,Defasagem moderada,1,5.0,True,,,,,,,,,,,,,,
RA-874,ALFA,9.0,Masculino,2023,Pública,Quartzo,5.811,0.0,8.2,7.52,6.25,4.8,6.3,3.3,,6.67,5.0,Fase 1 (3° e 4° ano),-1,2023,0,0,Defasagem moderada,1,5.0,True,2024.0,-1.0,7.75,4.696969697,6.26,8.75,7.915,5.0,7.0235939394,Ametista,1,2.95,-3.503030302999999,1.2125939394000005
RA-874,1E,10.0,Masculino,2023,Pública,Ametista,7.0235939394,9.502,4.696969697,6.26,8.75,7.75,6.0,9.5,,7.915,5.0,Fase 2 (5° e 6° ano),-1,2024,1,1,Defasagem moderada,1,5.0,True,,,,,,,,,,,,,,
RA-875,ALFA,9.0,Masculino,2023,Pública,Topázio,8.2712,9.5,9.5,7.52,7.5,7.3,7.0,7.5,,9.845,5.0,Fase 1 (3° e 4° ano),-1,2023,0,0,Defasagem moderada,1,5.0,True,,,,,,,,,,,,,,
RA-876,ALFA,,Masculino,2023,Pública,Topázio,8.6492,10.0,9.4,7.52,7.5,7.5,7.3,7.7,,8.835,10.0,ALFA (1° e 2° ano),0,2023,0,0,Em fase / adiantado,0,10.0,True,2024.0,0.0,3.75,9.0476190475,7.51,8.333333333,8.09,10.0,7.612057142800001,Ametista,0,-3.75,-0.3523809525000008,-1.0371428571999992
RA-876,1K,9.0,Masculino,2023,Pública,Ametista,7.612057142800001,8.502,9.0476190475,7.51,8.333333333,3.75,7.5,0.0,,8.09,10.0,Fase 1 (3° e 4° ano),0,2024,1,1,Em fase / adiantado,0,10.0,True,,,,,,,,,,,,,,
RA-877,ALFA,9.0,Masculino,2023,Pública,Ametista,7.4722,9.5,9.5,7.52,5.0,6.9,7.5,6.2,,7.5,5.0,Fase 1 (3° e 4° ano),-1,2023,0,0,Defasagem moderada,1,5.0,True,,,,,,,,,,,,,,
RA-878,ALFA,10.0,Masculino,2023,Pública,Ágata,6.24,0.0,9.5,2.52,5.0,8.1,8.0,8.2,,7.34,5.0,Fase 2 (5° e 6° ano),-2,2023,0,0,Defasagem moderada,1,5.0,True,2024.0,-1.0,6.75,6.1363636360000005,4.38,7.1875,6.996666667,5.0,6.5335560606000005,Ágata,1,-1.3499999999999996,-3.3636363639999995,0.2935560606000003
RA-878,1B,11.0,Masculino,2023,Pública,Ágata,6.5335560606000005,9.002,6.1363636360000005,4.38,7.1875,6.75,6.0,7.5,,6.996666667,5.0,Fase 2 (5° e 6° ano),-1,2024,1,1,Defasagem moderada,1,5.0,True,,,,,,,,,,,,,,
RA-879,ALFA,,Feminino,2023,Pública,Ágata,6.8225,0.0,9.8,2.52,6.875,8.2,8.2,8.2,,8.915,5.0,Fase 1 (3° e 4° ano),-1,2023,0,0,Defasagem moderada,1,5.0,True,2024.0,-1.0,8.5,9.090909091,6.26,7.8125,8.67,5.0,8.1096318182,Topázio,1,0.3000000000000007,-0.7090909090000004,1.2871318182000007
RA-879,1A,10.0,Feminino,2023,Pública,Topázio,8.1096318182,9.502,9.090909091,6.26,7.8125,8.5,8.0,9.0,,8.67,5.0,Fase 2 (5° e 6° ano),-1,2024,1,1,Defasagem moderada,1,5.0,True,,,,,,,,,,,,,,
RA-88,5,17.0,Menino,2021,Escola Pública,Ametista,7.498,7.1,9.2,5.6,,6.5,6.8,6.2,6.4,9.208,5.0,Fase 7 (3º EM),-2,2022,5,1,Defasagem moderada,1,5.0,True,2023.0,0.0,,,,,,10.0,,,0,,,
RA-88,FASE 8,18.0,Masculino,2021,Privada - Pagamento por *Empresa Parceira,,,,,,,,,,,,10.0,Fase 8 (Universitários),0,2023,8,2,Em fase / adiantado,0,10.0,True,2024.0,0.0,,0.0,,,,10.0,,,0,,,
RA-88,8E,19.0,Masculino,2021,Privada *Parcerias com Bolsa 100%,,,,0.0,,,,,,,,10.0,Fase 8 (Universitários),0,2024,8,3,Em fase / adiantado,0,10.0,True,,,,,,,,,,,,,,
RA-880,ALFA,7.0,Feminino,2023,Pública,Ágata,6.724,0.0,9.4,2.52,6.25,6.3,6.3,6.2,,8.585,10.0,ALFA (1° e 2° ano),0,2023,0,0,Em fase / adiantado,0,10.0,True,2024.0,-1.0,6.5,8.445652174,2.51,7.1875,7.22,5.0,6.853080434800001,Ágata,1,0.20000000000000018,-0.9543478260000011,0.12908043480000053
RA-880,ALFA,8.0,Feminino,2023,Pública,Ágata,6.853080434800001,9.502,8.445652174,2.51,7.1875,6.5,7.5,5.5,,7.22,5.0,Fase 1 (3° e 4° ano),-1,2024,0,1,Defasagem moderada,1,5.0,True,,,,,,,,,,,,,,
RA-881,ALFA,8.0,Masculino,2023,Pública,Ametista,7.7322,10.0,8.9,7.52,5.0,7.3,7.5,7.0,,6.25,10.0,ALFA (1° e 2° ano),0,2023,0,0,Em fase / adiantado,0,10.0,True,,,,,,,,,,,,,,
RA-882,ALFA,8.0,Feminino,2023,Pública,Ágata,6.0092,9.0,8.6,2.52,3.75,4.7,4.8,4.5,,4.16,10.0,ALFA (1° e 2° ano),0,2023,0,0,Em fase / adiantado,0,10.0,True,,,,,,,,,,,,,,
RA-883,ALFA,,Feminino,2023,Pública,Topázio,8.5082,9.5,9.7,6.89,6.25,8.4,8.0,8.7,,8.17,10.0,ALFA (1° e 2° ano),0,2023,0,0,Em fase / adiantado,0,10.0,True,,,,,,,,,,,,,,
RA-884,ALFA,,Feminino,2023,Pública,Topázio,8.4587,9.0,9.7,4.39,6.875,8.8,8.4,9.2,,8.66,10.0,ALFA (1° e 2° ano),0,2023,0,0,Em fase / adiantado,0,10.0,True,2024.0,-1.0,8.75,8.818181818,6.26,7.5,8.223333333,5.0,8.0345030302,Topázio,1,-0.05000000000000071,-0.881818182,-0.42419696980000055
RA-884,ALFA,8.0,Feminino,2023,Pública,Topázio,8.0345030302,10.002,8.818181818,6.26,7.5,8.75,10.0,7.5,,8.223333333,5.0,Fase 1 (3° e 4° ano),-1,2024,0,1,Defasagem moderada,1,5.0,True,,,,,,,,,,,,,,
RA-885,ALFA,7.0,Masculino,2023,Pública,Topázio,8.8252,9.0,9.8,7.52,7.5,8.7,8.5,8.8,,8.665,10.0,ALFA (1° e 2° ano),0,2023,0,0,Em fase / adiantado,0,10.0,True,2024.0,-1.0,8.5,10.0,7.51,7.5,8.28,5.0,8.2072,Topázio,1,-0.1999999999999993,0.1999999999999993,-0.6180000000000003
RA-885,ALFA,9.0,Masculino,2023,Pública,Topázio,8.2072,8.502,10.0,7.51,7.5,8.5,10.0,7.0,,8.28,5.0,Fase 1 (3° e 4° ano),-1,2024,0,1,Defasagem moderada,1,5.0,True,,,,,,,,,,,,,,
RA-886,ALFA,,Feminino,2023,Pública,Topázio,8.6422,8.5,9.4,7.52,7.5,8.1,7.6,8.5,,9.0,10.0,ALFA (1° e 2° ano),0,2023,0,0,Em fase / adiantado,0,10.0,True,2024.0,-1.0,8.75,10.0,8.13,7.5,8.28,5.0,8.419200000000002,Topázio,1,0.6500000000000004,0.5999999999999996,-0.22299999999999898
RA-886,ALFA,8.0,Feminino,2023,Pública,Topázio,8.419200000000002,9.502,10.0,8.13,7.5,8.75,9.0,8.5,,8.28,5.0,Fase 1 (3° e 4° ano),-1,2024,0,1,Defasagem moderada,1,5.0,True,,,,,,,,,,,,,,
RA-887,ALFA,8.0,Masculino,2023,Pública,Topázio,8.6718,8.9,8.9,7.52,7.5,8.4,7.8,9.0,,9.09,10.0,ALFA (1° e 2° ano),0,2023,0,0,Em fase / adiantado,0,10.0,True,,,,,,,,,,,,,,
RA-888,ALFA,,Masculino,2023,Pública,Topázio,8.9182,9.0,10.0,7.52,7.5,8.8,8.2,9.3,,8.83,10.0,ALFA (1° e 2° ano),0,2023,0,0,Em fase / adiantado,0,10.0,True,2024.0,-1.0,8.5,10.0,6.88,7.5,8.28,5.0,8.1942,Topázio,1,-0.3000000000000007,0.0,-0.7240000000000002
RA-888,ALFA,8.0,Masculino,2023,Pública,Topázio,8.1942,9.002,10.0,6.88,7.5,8.5,9.0,8.0,,8.28,5.0,Fase 1 (3° e 4° ano),-1,2024,0,1,Defasagem moderada,1,5.0,True,,,,,,,,,,,,,,
RA-889,ALFA,,Masculino,2023,Pública,Topázio,8.8092,8.5,9.5,6.89,7.5,9.1,8.7,9.5,,9.0,10.0,ALFA (1° e 2° ano),0,2023,0,0,Em fase / adiantado,0,10.0,True,2024.0,-1.0,9.75,9.2954545455,6.26,7.5,8.28,5.0,8.191290909100001,Topázio,1,0.6500000000000004,-0.20454545449999983,-0.6179090908999996
RA-889,ALFA,9.0,Masculino,2023,Pública,Topázio,8.191290909100001,8.502,9.2954545455,6.26,7.5,9.75,10.0,9.5,,8.28,5.0,Fase 1 (3° e 4° ano),-1,2024,0,1,Defasagem moderada,1,5.0,True,,,,,,,,,,,,,,
RA-89,5,16.0,Menino,2021,Escola Pública,Ametista,7.323,9.6,7.8,7.5,,5.9,7.5,5.7,4.7,8.0,5.0,Fase 6 (2º EM),-1,2022,5,1,Defasagem moderada,1,5.0,True,2023.0,-1.0,5.1,8.1,5.0,7.34375,7.465,5.0,6.700775,Ágata,1,-0.8000000000000007,0.2999999999999998,-0.6222250000000003
RA-89,FASE 6,17.0,Masculino,2021,Pública,Ágata,6.700775,8.3,8.1,5.0,7.34375,5.1,6.3,2.3,6.7,7.465,5.0,Fase 7 (3° EM),-1,2023,6,2,Defasagem moderada,1,5.0,True,,,,,,,,,,,,,,
RA-890,ALFA,8.0,Masculino,2023,Pública,Ágata,6.989,0.0,9.1,2.52,6.25,8.3,8.0,8.6,,8.16,10.0,ALFA (1° e 2° ano),0,2023,0,0,Em fase / adiantado,0,10.0,True,,,,,,,,,,,,,,
RA-891,ALFA,,Feminino,2023,Pública,Ametista,7.8882,9.5,9.5,6.89,7.5,7.5,6.2,8.8,,7.995,5.0,Fase 1 (3° e 4° ano),-1,2023,0,0,Defasagem moderada,1,5.0,True,2024.0,-1.0,8.75,9.0454545455,6.26,7.5,8.003333333,5.0,8.035957575700001,Topázio,1,1.25,-0.45454545449999983,0.14775757570000092
RA-891,ALFA,10.0,Feminino,2023,Pública,Topázio,8.035957575700001,10.002,9.0454545455,6.26,7.5,8.75,10.0,7.5,,8.003333333,5.0,Fase 1 (3° e 4° ano),-1,2024,0,1,Defasagem moderada,1,5.0,True,,,,,,,,,,,,,,
RA-892,ALFA,8.0,Masculino,2023,Pública,Topázio,8.8112,8.0,9.6,6.89,7.5,8.3,8.5,8.0,,10.01,10.0,ALFA (1° e 2° ano),0,2023,0,0,Em fase / adiantado,0,10.0,True,2024.0,0.0,8.75,10.0,7.51,8.125,7.92,10.0,8.697700000000001,Topázio,0,0.4499999999999993,0.40000000000000036,-0.11349999999999838
RA-892,1C,9.0,Masculino,2023,Pública,Topázio,8.697700000000001,8.002,10.0,7.51,8.125,8.75,10.0,7.5,,7.92,10.0,Fase 1 (3° e 4° ano),0,2024,1,1,Em fase / adiantado,0,10.0,True,,,,,,,,,,,,,,
RA-893,ALFA,,Masculino,2023,Pública,Topázio,8.8042,9.5,10.0,7.52,7.5,9.3,9.5,9.0,,10.01,5.0,Fase 1 (3° e 4° ano),-1,2023,0,0,Defasagem moderada,1,5.0,True,2024.0,0.0,9.25,10.0,7.51,8.125,7.886666667,10.0,8.8910333334,Topázio,0,-0.05000000000000071,0.0,0.08683333339999955
RA-893,1B,10.0,Masculino,2023,Pública,Topázio,8.8910333334,9.002,10.0,7.51,8.125,9.25,10.0,8.5,,7.886666667,10.0,Fase 1 (3° e 4° ano),0,2024,1,1,Em fase / adiantado,0,10.0,True,,,,,,,,,,,,,,
RA-894,ALFA,9.0,Feminino,2023,Pública,Topázio,8.8142,9.5,9.9,7.52,7.5,9.4,9.3,9.5,,10.01,5.0,Fase 1 (3° e 4° ano),-1,2023,0,0,Defasagem moderada,1,5.0,True,2024.0,-1.0,9.5,10.0,7.51,8.4375,8.42,5.0,8.67895,Topázio,1,0.09999999999999964,0.09999999999999964,-0.1352499999999992
RA-894,1C,10.0,Feminino,2023,Pública,Topázio,8.67895,10.002,10.0,7.51,8.4375,9.5,9.0,10.0,,8.42,5.0,Fase 2 (5° e 6° ano),-1,2024,1,1,Defasagem moderada,1,5.0,True,,,,,,,,,,,,,,
RA-895,ALFA,8.0,Feminino,2023,Pública,Topázio,8.5397,9.5,9.5,7.52,6.875,6.8,6.8,6.7,,9.5,10.0,ALFA (1° e 2° ano),0,2023,0,0,Em fase / adiantado,0,10.0,True,2024.0,-1.0,9.5,9.5454545455,6.26,7.5,8.113333333,5.0,8.2579575757,Topázio,1,2.7,0.045454545500000165,-0.2817424242999991
RA-895,ALFA,9.0,Feminino,2023,Pública,Topázio,8.2579575757,9.502,9.5454545455,6.26,7.5,9.5,10.0,9.0,,8.113333333,5.0,Fase 1 (3° e 4° ano),-1,2024,0,1,Defasagem moderada,1,5.0,True,,,,,,,,,,,,,,
RA-896,ALFA,7.0,Masculino,2023,Pública,Topázio,9.0912,9.5,10.0,6.89,7.5,8.5,9.0,8.0,,10.01,10.0,ALFA (1° e 2° ano),0,2023,0,0,Em fase / adiantado,0,10.0,True,2024.0,0.0,6.5,9.7727272725,7.51,8.125,8.085,10.0,8.2852454545,Topázio,0,-2.0,-0.22727272750000083,-0.8059545455000006
RA-896,1C,8.0,Masculino,2023,Pública,Topázio,8.2852454545,8.502,9.7727272725,7.51,8.125,6.5,6.5,6.5,,8.085,10.0,Fase 1 (3° e 4° ano),0,2024,1,1,Em fase / adiantado,0,10.0,True,,,,,,,,,,,,,,
RA-897,ALFA,,Masculino,2023,Pública,Quartzo,5.48225,0.0,8.1,7.52,6.5625,6.5,7.2,5.7,,3.32,5.0,Fase 1 (3° e 4° ano),-1,2023,0,0,Defasagem moderada,1,5.0,True,2024.0,-1.0,6.0,2.7525252525,2.51,6.875,6.66,5.0,5.2212050505,Quartzo,1,-0.5,-5.3474747475,-0.26104494949999957
RA-897,ALFA,10.0,Masculino,2023,Pública,Quartzo,5.2212050505,7.002,2.7525252525,2.51,6.875,6.0,5.5,6.5,,6.66,5.0,Fase 1 (3° e 4° ano),-1,2024,0,1,Defasagem moderada,1,5.0,True,,,,,,,,,,,,,,
RA-898,ALFA,,Masculino,2023,Pública,Topázio,8.4217,9.0,9.8,3.77,8.125,9.4,9.7,9.0,,10.01,5.0,Fase 1 (3° e 4° ano),-1,2023,0,0,Defasagem moderada,1,5.0,True,2024.0,-1.0,7.5,10.0,7.51,7.5,8.616666667,5.0,7.8661333334000005,Ametista,1,-1.9000000000000004,0.1999999999999993,-0.555566666599999
RA-898,1B,10.0,Masculino,2023,Pública,Ametista,7.8661333334000005,6.418,10.0,7.51,7.5,7.5,9.0,6.0,,8.616666667,5.0,Fase 2 (5° e 6° ano),-1,2024,1,1,Defasagem moderada,1,5.0,True,,,,,,,,,,,,,,
RA-899,ALFA,8.0,Masculino,2023,Pública,Topázio,8.8452,10.0,9.8,3.77,7.5,9.5,9.3,9.6,,9.34,10.0,ALFA (1° e 2° ano),0,2023,0,0,Em fase / adiantado,0,10.0,True,2024.0,0.0,8.25,9.1007905135,5.635,8.125,7.893333333,10.0,8.425024769300002,Topázio,0,-1.25,-0.6992094865000009,-0.4201752306999982
RA-899,1B,9.0,Masculino,2023,Pública,Topázio,8.425024769300002,10.002,9.1007905135,5.635,8.125,8.25,8.0,8.5,,7.893333333,10.0,Fase 1 (3° e 4° ano),0,2024,1,1,Em fase / adiantado,0,10.0,True,,,,,,,,,,,,,,
RA-9,7,18.0,Menina,2019,Escola Pública,Topázio,8.109,8.8,9.5,7.5,,6.7,5.5,6.0,8.7,9.5,5.0,Fase 8 (Universitários),-1,2022,7,3,Defasagem moderada,1,5.0,True,,,,,,,,,,,,,,
RA-90,5,13.0,Menina,2019,Rede Decisão,Topázio,9.442,10.0,9.7,9.4,,8.5,7.7,8.0,9.8,9.75,10.0,Fase 3 (7º e 8º ano),2,2022,5,3,Em fase / adiantado,0,10.0,True,2023.0,1.0,7.7,9.6,7.52,8.59375,8.1725,10.0,8.699408333,Topázio,0,-0.7999999999999998,-0.09999999999999964,-0.742591667000001
RA-90,FASE 5,14.0,Feminino,2019,Privada - Programa de Apadrinhamento,Topázio,8.699408333,10.0,9.6,7.52,8.59375,7.7,6.7,6.8,9.5,8.1725,10.0,Fase 4 (9° ano),1,2023,5,4,Em fase / adiantado,0,10.0,True,2024.0,2.0,8.066666666666666,9.0,6.885,7.5,7.5,10.0,8.352033333333335,Topázio,0,0.36666666666666625,-0.5999999999999996,-0.3473749996666644
RA-90,7E,15.0,Feminino,2021,Privada *Parcerias com Bolsa 100%,Topázio,8.352033333333335,10.002,9.0,6.885,7.5,8.066666666666666,7.7,8.3,8.2,7.5,10.0,Fase 5 (1° EM),2,2024,7,3,Em fase / adiantado,0,10.0,True,,,,,,,,,,,,,,
RA-900,ALFA,8.0,Feminino,2023,Pública,Topázio,8.8947,9.0,9.8,9.38,8.125,7.8,8.0,7.5,,8.67,10.0,ALFA (1° e 2° ano),0,2023,0,0,Em fase / adiantado,0,10.0,True,2024.0,0.0,8.5,9.318181818,8.13,8.125,8.563333333,10.0,8.802003030200002,Topázio,0,0.7000000000000002,-0.48181818200000137,-0.09269696979999864
RA-900,1B,9.0,Feminino,2023,Pública,Topázio,8.802003030200002,9.002,9.318181818,8.13,8.125,8.5,8.0,9.0,,8.563333333,10.0,Fase 1 (3° e 4° ano),0,2024,1,1,Em fase / adiantado,0,10.0,True,,,,,,,,,,,,,,
RA-901,ALFA,10.0,Masculino,2023,Pública,Ametista,7.3112,8.5,8.7,3.77,6.25,7.5,7.7,7.3,,8.595,5.0,Fase 2 (5° e 6° ano),-2,2023,0,0,Defasagem moderada,1,5.0,True,,,,,,,,,,,,,,
RA-902,ALFA,12.0,Masculino,2023,Pública,Quartzo,5.97345,10.0,9.3,2.52,5.3125,3.9,4.5,3.3,,6.5,2.5,Fase 3 (7° e 8° ano),-3,2023,0,0,Defasagem severa,1,2.5,True,,,,,,,,,,,,,,
RA-903,ALFA,,Feminino,2023,Pública,Topázio,8.5242,10.0,9.6,5.02,7.5,7.8,7.7,7.8,,9.01,10.0,ALFA (1° e 2° ano),0,2023,0,0,Em fase / adiantado,0,10.0,True,2024.0,0.0,5.0,9.7727272725,7.505,7.8125,7.946666667,10.0,8.0758287879,Topázio,0,-2.8,0.17272727249999953,-0.44837121209999964
RA-903,1B,9.0,Feminino,2023,Pública,Topázio,8.0758287879,10.002,9.7727272725,7.505,7.8125,5.0,6.0,4.0,,7.946666667,10.0,Fase 1 (3° e 4° ano),0,2024,1,1,Em fase / adiantado,0,10.0,True,,,,,,,,,,,,,,
RA-904,ALFA,,Feminino,2023,Pública,Topázio,8.140783333,9.0,9.3,7.52,7.8125,6.4,6.0,6.8,,7.836666667,10.0,ALFA (1° e 2° ano),0,2023,0,0,Em fase / adiantado,0,10.0,True,2024.0,-1.0,6.0,8.75,7.51,7.5,8.67,5.0,7.6352,Ametista,1,-0.40000000000000036,-0.5500000000000007,-0.5055833329999997
RA-904,ALFA,8.0,Feminino,2023,Pública,Ametista,7.6352,9.502,8.75,7.51,7.5,6.0,6.0,6.0,,8.67,5.0,Fase 1 (3° e 4° ano),-1,2024,0,1,Defasagem moderada,1,5.0,True,,,,,,,,,,,,,,
RA-905,ALFA,9.0,Masculino,2023,Pública,Ametista,7.831033333,9.5,9.4,7.52,6.875,8.3,7.5,9.0,,7.056666667,5.0,Fase 1 (3° e 4° ano),-1,2023,0,0,Defasagem moderada,1,5.0,True,2024.0,-2.0,3.0,7.7794117645,7.51,6.875,6.99,5.0,6.3925823529,Ágata,1,-5.300000000000001,-1.6205882355000005,-1.4384509800999998
RA-905,ALFA,10.0,Masculino,2023,Pública,Ágata,6.3925823529,9.002,7.7794117645,7.51,6.875,3.0,2.0,4.0,,6.99,5.0,Fase 2 (5° e 6° ano),-2,2024,0,1,Defasagem moderada,1,5.0,True,,,,,,,,,,,,,,
RA-906,ALFA,,Masculino,2023,Pública,Topázio,8.1922,7.5,9.2,7.52,7.5,8.6,7.7,9.4,,6.95,10.0,ALFA (1° e 2° ano),0,2023,0,0,Em fase / adiantado,0,10.0,True,,,,,,,,,,,,,,
RA-907,ALFA,8.0,Feminino,2023,Privada,Topázio,8.962033333,9.5,9.6,7.52,8.125,9.3,9.2,9.4,,8.336666667,10.0,ALFA (1° e 2° ano),0,2023,0,0,Em fase / adiantado,0,10.0,True,2024.0,-1.0,8.75,8.9444444445,7.51,7.5,7.5,5.0,7.9400888889,Ametista,1,-0.5500000000000007,-0.6555555554999994,-1.0219444441000007
RA-907,ALFA,9.0,Feminino,2023,Privada,Ametista,7.9400888889,9.002,8.9444444445,7.51,7.5,8.75,10.0,7.5,,7.5,5.0,Fase 1 (3° e 4° ano),-1,2024,0,1,Defasagem moderada,1,5.0,True,,,,,,,,,,,,,,
RA-908,ALFA,,Feminino,2023,Pública,Topázio,8.479366667,9.0,9.0,7.52,8.125,7.9,6.7,9.0,,8.223333333,10.0,ALFA (1° e 2° ano),0,2023,0,0,Em fase / adiantado,0,10.0,True,2024.0,-1.0,4.75,8.14171123,7.51,7.1875,6.83,5.0,6.764292246,Ágata,1,-3.1500000000000004,-0.8582887699999997,-1.7150744210000006
RA-908,ALFA,9.0,Feminino,2023,Pública,Ágata,6.764292246,8.502,8.14171123,7.51,7.1875,4.75,3.0,6.5,,6.83,5.0,Fase 1 (3° e 4° ano),-1,2024,0,1,Defasagem moderada,1,5.0,True,,,,,,,,,,,,,,
RA-909,ALFA,10.0,Feminino,2023,Pública,Topázio,8.486033333,10.0,9.9,7.52,8.125,9.2,9.1,9.2,,8.056666667,5.0,Fase 2 (5° e 6° ano),-2,2023,0,0,Defasagem moderada,1,5.0,True,2024.0,-2.0,8.25,8.1666666665,7.51,6.875,7.5,5.0,7.722033333300001,Ametista,1,-0.9499999999999993,-1.733333333500001,-0.7639999996999993
RA-909,ALFA,11.0,Feminino,2023,Pública,Ametista,7.722033333300001,10.002,8.1666666665,7.51,6.875,8.25,10.0,6.5,,7.5,5.0,Fase 2 (5° e 6° ano),-2,2024,0,1,Defasagem moderada,1,5.0,True,,,,,,,,,,,,,,
RA-91,5,16.0,Menina,2016,Rede Decisão,Ágata,6.645,9.2,5.7,5.6,,6.6,5.5,5.7,8.5,7.125,5.0,Fase 6 (2º EM),-1,2022,5,6,Defasagem moderada,1,5.0,True,2023.0,-1.0,7.4,7.4,6.89,7.8125,7.4675,5.0,7.42395,Ametista,1,0.8000000000000007,1.7000000000000002,0.77895
RA-91,FASE 6,,Feminino,2016,Privada - Programa de Apadrinhamento,Ametista,7.42395,10.0,7.4,6.89,7.8125,7.4,9.5,5.0,7.7,7.4675,5.0,Fase 7 (3° EM),-1,2023,6,7,Defasagem moderada,1,5.0,True,2024.0,-1.0,7.333333333333333,7.476190476333334,5.635,7.875,8.068,5.0,7.426704761933335,Ametista,1,-0.06666666666666732,0.0761904763333332,0.002754761933335459
RA-91,6L,18.0,Feminino,2021,Privada - Programa de Apadrinhamento,Ametista,7.426704761933335,10.002,7.476190476333334,5.635,7.875,7.333333333333333,9.0,4.0,9.0,8.068,5.0,Fase 7 (3° EM),-1,2024,6,3,Defasagem moderada,1,5.0,True,,,,,,,,,,,,,,
RA-910,ALFA,8.0,Masculino,2023,Pública,Ametista,7.801,0.0,8.8,7.52,8.75,8.9,8.8,9.0,,8.17,10.0,ALFA (1° e 2° ano),0,2023,0,0,Em fase / adiantado,0,10.0,True,2024.0,0.0,7.5,8.674242424500001,7.51,7.916666667,7.443333333,10.0,8.1163818182,Topázio,0,-1.4000000000000004,-0.12575757549999977,0.31538181820000055
RA-910,1G,9.0,Masculino,2023,Pública,Topázio,8.1163818182,8.502,8.674242424500001,7.51,7.916666667,7.5,9.0,6.0,,7.443333333,10.0,Fase 1 (3° e 4° ano),0,2024,1,1,Em fase / adiantado,0,10.0,True,,,,,,,,,,,,,,
RA-911,ALFA,11.0,Masculino,2023,Pública,Quartzo,5.59545,9.0,6.7,2.52,5.3125,3.4,3.7,3.0,,7.01,5.0,Fase 2 (5° e 6° ano),-2,2023,0,0,Defasagem moderada,1,5.0,True,2024.0,-2.0,4.5,4.772727273,7.51,6.041666667,4.726666667,5.0,5.4552454547,Quartzo,1,1.1,-1.927272727,-0.1402045452999996
RA-911,1G,12.0,Masculino,2023,Pública,Quartzo,5.4552454547,8.002,4.772727273,7.51,6.041666667,4.5,5.0,4.0,,4.726666667,5.0,Fase 3 (7° e 8° ano),-2,2024,1,1,Defasagem moderada,1,5.0,True,,,,,,,,,,,,,,
RA-912,ALFA,9.0,Feminino,2023,Pública,Ametista,7.0797,7.0,9.4,7.52,5.625,6.3,6.2,6.3,,7.175,5.0,Fase 1 (3° e 4° ano),-1,2023,0,0,Defasagem moderada,1,5.0,True,2024.0,-2.0,7.25,9.4736842105,7.51,8.125,6.943333333,5.0,7.697103508700001,Ametista,1,0.9500000000000002,0.07368421049999974,0.6174035087000007
RA-912,ALFA,10.0,Feminino,2023,Pública,Ametista,7.697103508700001,9.002,9.4736842105,7.51,8.125,7.25,7.0,7.5,,6.943333333,5.0,Fase 2 (5° e 6° ano),-2,2024,0,1,Defasagem moderada,1,5.0,True,,,,,,,,,,,,,,
RA-913,ALFA,,Feminino,2023,Pública,Ametista,7.7432,8.0,8.5,6.89,6.25,7.9,9.5,6.3,,9.245,5.0,Fase 2 (5° e 6° ano),-2,2023,0,0,Defasagem moderada,1,5.0,True,,,,,,,,,,,,,,
RA-914,ALFA,8.0,Feminino,2023,Pública,Topázio,8.6912,10.0,9.2,7.52,6.25,8.7,9.0,8.4,,8.67,10.0,ALFA (1° e 2° ano),0,2023,0,0,Em fase / adiantado,0,10.0,True,,,,,,,,,,,,,,
RA-915,ALFA,,Feminino,2023,Pública,Topázio,8.5962,10.0,8.4,7.52,7.5,8.4,8.1,8.7,,8.67,10.0,ALFA (1° e 2° ano),0,2023,0,0,Em fase / adiantado,0,10.0,True,,,,,,,,,,,,,,
RA-916,ALFA,9.0,Feminino,2023,Pública,Ametista,7.3882,9.5,9.7,2.52,6.25,6.6,7.7,5.5,,9.005,5.0,Fase 1 (3° e 4° ano),-1,2023,0,0,Defasagem moderada,1,5.0,True,2024.0,-2.0,2.75,7.3320158105,2.51,6.5625,6.16,5.0,5.5058531621,Quartzo,1,-3.8499999999999996,-2.3679841894999996,-1.8823468379000001
RA-916,ALFA,10.0,Feminino,2023,Pública,Quartzo,5.5058531621,8.502,7.3320158105,2.51,6.5625,2.75,3.5,2.0,,6.16,5.0,Fase 2 (5° e 6° ano),-2,2024,0,1,Defasagem moderada,1,5.0,True,,,,,,,,,,,,,,
RA-917,ALFA,7.0,Feminino,2023,Pública,Quartzo,5.987,0.0,7.2,2.52,6.25,7.0,5.3,8.7,,6.35,10.0,ALFA (1° e 2° ano),0,2023,0,0,Em fase / adiantado,0,10.0,True,,,,,,,,,,,,,,
RA-918,ALFA,7.0,Feminino,2023,Pública,Ametista,7.4967,10.0,8.7,2.52,5.625,7.7,7.1,8.3,,7.01,10.0,ALFA (1° e 2° ano),0,2023,0,0,Em fase / adiantado,0,10.0,True,2024.0,-1.0,2.75,8.697368421,2.51,5.9375,6.156666667,5.0,5.657357017600001,Quartzo,1,-4.95,-0.002631578999999107,-1.839342982399999
RA-918,ALFA,8.0,Feminino,2023,Pública,Quartzo,5.657357017600001,7.918,8.697368421,2.51,5.9375,2.75,1.0,4.5,,6.156666667,5.0,Fase 1 (3° e 4° ano),-1,2024,0,1,Defasagem moderada,1,5.0,True,,,,,,,,,,,,,,
RA-919,ALFA,9.0,Masculino,2023,Pública,Ágata,6.225,0.0,8.4,7.52,6.25,5.3,5.5,5.0,,8.09,5.0,Fase 1 (3° e 4° ano),-1,2023,0,0,Defasagem moderada,1,5.0,True,2024.0,-2.0,5.25,4.692513369,6.255,6.875,6.49,5.0,5.799702673800001,Quartzo,1,-0.04999999999999982,-3.707486631,-0.42529732619999905
RA-919,ALFA,10.0,Masculino,2023,Pública,Quartzo,5.799702673800001,7.002,4.692513369,6.255,6.875,5.25,6.5,4.0,,6.49,5.0,Fase 2 (5° e 6° ano),-2,2024,0,1,Defasagem moderada,1,5.0,True,,,,,,,,,,,,,,
RA-92,5,16.0,Menina,2016,Rede Decisão,Ágata,6.957,9.2,7.1,5.0,,7.4,7.8,5.5,8.8,6.667,5.0,Fase 6 (2º EM),-1,2022,5,6,Defasagem moderada,1,5.0,True,2023.0,-1.0,6.7,9.4,5.63,7.1875,7.045,5.0,7.375916667,Ametista,1,-0.7000000000000002,2.3000000000000007,0.4189166670000004
RA-92,FASE 6,,Feminino,2016,Privada - Programa de Apadrinhamento,Ametista,7.375916667,9.6,9.4,5.63,7.1875,6.7,8.7,4.8,6.7,7.045,5.0,Fase 7 (3° EM),-1,2023,6,7,Defasagem moderada,1,5.0,True,2024.0,0.0,7.5,8.769145085,7.51,7.8125,6.33,10.0,8.052279017,Topázio,0,0.7999999999999998,-0.6308549150000005,0.6763623499999998
RA-92,7A,18.0,Feminino,2021,Privada - Programa de Apadrinhamento,Topázio,8.052279017,10.002,8.769145085,7.51,7.8125,7.5,8.0,5.0,9.5,6.33,10.0,Fase 7 (3° EM),0,2024,7,3,Em fase / adiantado,0,10.0,True,,,,,,,,,,,,,,
RA-920,ALFA,8.0,Feminino,2023,Pública,Ágata,6.9647,9.0,6.3,7.52,5.625,6.1,6.0,6.2,,6.35,10.0,ALFA (1° e 2° ano),0,2023,0,0,Em fase / adiantado,0,10.0,True,2024.0,-1.0,8.25,7.6710526315,7.51,7.1875,8.226666667,5.0,7.7494938597,Ametista,1,2.1500000000000004,1.3710526315000005,0.7847938597000006
RA-920,ALFA,9.0,Feminino,2023,Pública,Ametista,7.7494938597,9.502,7.6710526315,7.51,7.1875,8.25,9.0,7.5,,8.226666667,5.0,Fase 1 (3° e 4° ano),-1,2024,0,1,Defasagem moderada,1,5.0,True,,,,,,,,,,,,,,
RA-921,ALFA,7.0,Feminino,2023,Pública,Ametista,7.7407,9.0,9.7,7.52,5.625,6.3,6.5,6.0,,6.68,10.0,ALFA (1° e 2° ano),0,2023,0,0,Em fase / adiantado,0,10.0,True,2024.0,-1.0,6.0,8.6631016045,7.51,7.5,7.5,5.0,7.2838203209,Ametista,1,-0.2999999999999998,-1.0368983954999997,-0.45687967910000005
RA-921,ALFA,8.0,Feminino,2023,Pública,Ametista,7.2838203209,8.502,8.6631016045,7.51,7.5,6.0,5.0,7.0,,7.5,5.0,Fase 1 (3° e 4° ano),-1,2024,0,1,Defasagem moderada,1,5.0,True,,,,,,,,,,,,,,
RA-922,ALFA,,Feminino,2023,Pública,Topázio,8.5262,8.5,9.7,3.14,7.5,8.4,8.5,8.2,,10.01,10.0,ALFA (1° e 2° ano),0,2023,0,0,Em fase / adiantado,0,10.0,True,2024.0,0.0,7.75,9.5227272725,7.51,7.8125,8.17,10.0,8.5209954545,Topázio,0,-0.6500000000000004,-0.17727272750000012,-0.005204545499999824
RA-922,1C,9.0,Feminino,2023,Pública,Topázio,8.5209954545,9.002,9.5227272725,7.51,7.8125,7.75,7.5,8.0,,8.17,10.0,Fase 1 (3° e 4° ano),0,2024,1,1,Em fase / adiantado,0,10.0,True,,,,,,,,,,,,,,
RA-923,ALFA,,Feminino,2023,Pública,Topázio,8.8842,9.5,9.9,7.52,7.5,7.3,7.5,7.0,,10.01,10.0,ALFA (1° e 2° ano),0,2023,0,0,Em fase / adiantado,0,10.0,True,2024.0,0.0,5.5,7.9545454545,7.51,8.125,8.17,10.0,7.688609090900001,Ametista,0,-1.7999999999999998,-1.9454545455000005,-1.195590909099999
RA-923,1D,9.0,Feminino,2023,Pública,Ametista,7.688609090900001,8.002,7.9545454545,7.51,8.125,5.5,5.0,6.0,,8.17,10.0,Fase 1 (3° e 4° ano),0,2024,1,1,Em fase / adiantado,0,10.0,True,,,,,,,,,,,,,,
RA-924,ALFA,,Masculino,2023,Pública,Ágata,6.5207,9.0,5.6,7.52,5.625,5.0,5.0,5.0,,5.93,10.0,ALFA (1° e 2° ano),0,2023,0,0,Em fase / adiantado,0,10.0,True,2024.0,-1.0,7.0,4.598930481,7.51,7.1875,7.415,5.0,6.4727360962,Ágata,1,2.0,-1.0010695189999996,-0.047963903799999485
RA-924,ALFA,9.0,Masculino,2023,Pública,Ágata,6.4727360962,7.002,4.598930481,7.51,7.1875,7.0,7.5,6.5,,7.415,5.0,Fase 1 (3° e 4° ano),-1,2024,0,1,Defasagem moderada,1,5.0,True,,,,,,,,,,,,,,
RA-925,ALFA,,Masculino,2023,Pública,Ametista,7.1837,9.0,8.9,7.52,5.625,5.4,5.2,5.5,,5.595,10.0,ALFA (1° e 2° ano),0,2023,0,0,Em fase / adiantado,0,10.0,True,2024.0,-1.0,4.75,7.005347594,7.51,7.1875,7.33,5.0,6.587019518800001,Ágata,1,-0.6500000000000004,-1.8946524060000005,-0.5966804811999991
RA-925,ALFA,8.0,Masculino,2023,Pública,Ágata,6.587019518800001,8.002,7.005347594,7.51,7.1875,4.75,3.0,6.5,,7.33,5.0,Fase 1 (3° e 4° ano),-1,2024,0,1,Defasagem moderada,1,5.0,True,,,,,,,,,,,,,,
RA-926,ALFA,9.0,Feminino,2023,Pública,Ametista,7.7792,9.0,10.0,3.77,7.5,6.8,6.5,7.0,,9.51,5.0,Fase 1 (3° e 4° ano),-1,2023,0,0,Defasagem moderada,1,5.0,True,2024.0,-1.0,7.0,9.7727272725,7.51,8.333333333,7.22,5.0,7.7830787878,Ametista,1,0.20000000000000018,-0.22727272750000083,0.0038787877999997278
RA-926,1G,10.0,Feminino,2023,Pública,Ametista,7.7830787878,9.002,9.7727272725,7.51,8.333333333,7.0,7.0,7.0,,7.22,5.0,Fase 2 (5° e 6° ano),-1,2024,1,1,Defasagem moderada,1,5.0,True,,,,,,,,,,,,,,
RA-927,ALFA,,Feminino,2023,Pública,Ametista,7.5982,9.0,9.7,3.77,7.5,6.4,7.0,5.8,,9.255,5.0,Fase 1 (3° e 4° ano),-1,2023,0,0,Defasagem moderada,1,5.0,True,2024.0,0.0,6.5,9.318181818,7.51,8.333333333,7.22,10.0,7.9921696969000005,Ametista,0,0.09999999999999964,-0.38181818199999995,0.39396969690000017
RA-927,1G,10.0,Feminino,2023,Pública,Ametista,7.9921696969000005,8.002,9.318181818,7.51,8.333333333,6.5,7.0,6.0,,7.22,10.0,Fase 1 (3° e 4° ano),0,2024,1,1,Em fase / adiantado,0,10.0,True,,,,,,,,,,,,,,
RA-928,ALFA,8.0,Feminino,2023,Pública,Topázio,9.3712,8.5,10.0,7.52,8.75,9.8,9.8,9.8,,9.67,10.0,ALFA (1° e 2° ano),0,2023,0,0,Em fase / adiantado,0,10.0,True,2024.0,0.0,8.75,10.0,7.51,8.541666667,8.59,10.0,8.8733666667,Topázio,0,-1.0500000000000007,0.0,-0.4978333332999991
RA-928,1K,9.0,Feminino,2023,Pública,Topázio,8.8733666667,8.002,10.0,7.51,8.541666667,8.75,8.5,9.0,,8.59,10.0,Fase 1 (3° e 4° ano),0,2024,1,1,Em fase / adiantado,0,10.0,True,,,,,,,,,,,,,,
RA-929,ALFA,8.0,Feminino,2023,Pública,Topázio,9.1312,8.5,9.8,7.52,8.75,8.8,8.7,8.9,,9.67,10.0,ALFA (1° e 2° ano),0,2023,0,0,Em fase / adiantado,0,10.0,True,2024.0,-1.0,6.75,9.4736842105,7.51,8.125,7.58,5.0,7.7244368421,Ametista,1,-2.0500000000000007,-0.3263157895000006,-1.4067631578999995
RA-929,ALFA,9.0,Feminino,2023,Pública,Ametista,7.7244368421,9.002,9.4736842105,7.51,8.125,6.75,7.0,6.5,,7.58,5.0,Fase 1 (3° e 4° ano),-1,2024,0,1,Defasagem moderada,1,5.0,True,,,,,,,,,,,,,,
RA-93,5,15.0,Menina,2016,Rede Decisão,Topázio,8.941,8.3,9.7,8.1,,8.5,8.8,8.3,8.4,9.083,10.0,Fase 5 (1º EM),0,2022,5,6,Em fase / adiantado,0,10.0,True,2023.0,1.0,,,3.14,,,10.0,,,0,,,
RA-93,FASE 7,16.0,Feminino,2016,Privada - Programa de Apadrinhamento,,,7.9,,3.14,,,,,,,10.0,Fase 6 (2° EM),1,2023,7,7,Em fase / adiantado,0,10.0,True,2024.0,1.0,7.483333333333333,9.931666667,6.2575,7.5,7.5,10.0,8.275550000066668,Topázio,0,,,
RA-93,7E,17.0,Feminino,2021,Privada - Programa de Apadrinhamento,Topázio,8.275550000066668,9.168,9.931666667,6.2575,7.5,7.483333333333333,6.75,7.2,8.5,7.5,10.0,Fase 6 (2° EM),1,2024,7,3,Em fase / adiantado,0,10.0,True,,,,,,,,,,,,,,
RA-930,ALFA,8.0,Masculino,2023,Pública,Topázio,8.8872,9.0,8.8,7.52,8.75,9.0,8.7,9.3,,9.0,10.0,ALFA (1° e 2° ano),0,2023,0,0,Em fase / adiantado,0,10.0,True,2024.0,-1.0,8.0,9.7368421055,7.51,7.8125,7.5,5.0,7.9298184211,Ametista,1,-1.0,0.9368421054999985,-0.9573815788999998
RA-930,ALFA,9.0,Masculino,2023,Pública,Ametista,7.9298184211,8.502,9.7368421055,7.51,7.8125,8.0,8.0,8.0,,7.5,5.0,Fase 1 (3° e 4° ano),-1,2024,0,1,Defasagem moderada,1,5.0,True,,,,,,,,,,,,,,
RA-931,ALFA,,Masculino,2023,Pública,Ametista,7.3747,8.5,8.2,2.52,5.625,7.8,7.0,8.5,,7.6,10.0,ALFA (1° e 2° ano),0,2023,0,0,Em fase / adiantado,0,10.0,True,2024.0,-1.0,8.5,8.5833333335,2.51,7.5,6.83,5.0,7.075466666700001,Ametista,1,0.7000000000000002,0.3833333335000013,-0.29923333329999924
RA-931,ALFA,9.0,Masculino,2023,Pública,Ametista,7.075466666700001,7.918,8.5833333335,2.51,7.5,8.5,8.0,9.0,,6.83,5.0,Fase 1 (3° e 4° ano),-1,2024,0,1,Defasagem moderada,1,5.0,True,,,,,,,,,,,,,,
RA-932,ALFA,7.0,Feminino,2023,Pública,Topázio,8.3847,9.5,7.9,7.52,8.125,7.5,6.5,8.4,,9.0,10.0,ALFA (1° e 2° ano),0,2023,0,0,Em fase / adiantado,0,10.0,True,,,,,,,,,,,,,,
RA-933,ALFA,8.0,Feminino,2023,Pública,Topázio,8.6712,9.0,8.4,7.52,8.75,7.7,8.0,7.3,,9.67,10.0,ALFA (1° e 2° ano),0,2023,0,0,Em fase / adiantado,0,10.0,True,,,,,,,,,,,,,,
RA-934,ALFA,8.0,Feminino,2023,Pública,Topázio,9.1737,9.0,9.6,7.52,9.375,8.7,8.3,9.0,,9.67,10.0,ALFA (1° e 2° ano),0,2023,0,0,Em fase / adiantado,0,10.0,True,2024.0,-1.0,8.5,9.75,7.51,9.375,7.75,5.0,8.338700000000001,Topázio,1,-0.1999999999999993,0.15000000000000036,-0.8349999999999991
RA-934,ALFA,9.0,Feminino,2023,Pública,Topázio,8.338700000000001,9.502,9.75,7.51,9.375,8.5,10.0,7.0,,7.75,5.0,Fase 1 (3° e 4° ano),-1,2024,0,1,Defasagem moderada,1,5.0,True,,,,,,,,,,,,,,
RA-935,ALFA,9.0,Masculino,2023,Pública,Ametista,7.9535,0.0,9.8,7.52,9.375,9.4,9.2,9.5,,9.67,5.0,Fase 1 (3° e 4° ano),-1,2023,0,0,Defasagem moderada,1,5.0,True,2024.0,-1.0,8.5,10.0,7.51,8.75,7.83,5.0,8.3422,Topázio,1,-0.9000000000000004,0.1999999999999993,0.38870000000000005
RA-935,ALFA,10.0,Masculino,2023,Pública,Topázio,8.3422,9.502,10.0,7.51,8.75,8.5,10.0,7.0,,7.83,5.0,Fase 1 (3° e 4° ano),-1,2024,0,1,Defasagem moderada,1,5.0,True,,,,,,,,,,,,,,
RA-936,ALFA,,Feminino,2023,Pública,Topázio,8.5477,9.0,10.0,7.52,8.125,6.5,5.0,8.0,,8.915,10.0,ALFA (1° e 2° ano),0,2023,0,0,Em fase / adiantado,0,10.0,True,,,,,,,,,,,,,,
RA-937,ALFA,,Feminino,2023,Pública,Topázio,9.3237,9.5,9.6,7.52,9.375,9.2,9.0,9.3,,9.67,10.0,ALFA (1° e 2° ano),0,2023,0,0,Em fase / adiantado,0,10.0,True,2024.0,-1.0,7.5,10.0,9.38,8.75,7.83,5.0,8.3792,Topázio,1,-1.6999999999999993,0.40000000000000036,-0.9444999999999997
RA-937,ALFA,9.0,Feminino,2023,Pública,Topázio,8.3792,10.002,10.0,9.38,8.75,7.5,8.0,7.0,,7.83,5.0,Fase 1 (3° e 4° ano),-1,2024,0,1,Defasagem moderada,1,5.0,True,,,,,,,,,,,,,,
RA-938,ALFA,,Masculino,2023,Pública,Ágata,6.7372,8.5,8.4,7.52,6.25,4.2,0.0,8.3,,7.5,5.0,Fase 1 (3° e 4° ano),-1,2023,0,0,Defasagem moderada,1,5.0,True,2024.0,-1.0,7.75,9.544513457499999,7.51,8.125,7.665,5.0,8.0056026915,Topázio,1,3.55,1.1445134574999987,1.2684026915000004
RA-938,ALFA,10.0,Masculino,2023,Pública,Topázio,8.0056026915,9.502,9.544513457499999,7.51,8.125,7.75,10.0,5.5,,7.665,5.0,Fase 1 (3° e 4° ano),-1,2024,0,1,Defasagem moderada,1,5.0,True,,,,,,,,,,,,,,
RA-939,ALFA,,Feminino,2023,Pública,Ametista,7.9742,9.0,10.0,7.52,7.5,5.4,5.0,5.7,,10.01,5.0,Fase 2 (5° e 6° ano),-2,2023,0,0,Defasagem moderada,1,5.0,True,2024.0,-1.0,5.0,8.8833992095,5.63,8.125,7.495,5.0,7.051379841899999,Ametista,1,-0.40000000000000036,-1.1166007904999997,-0.9228201581000004
RA-939,1N,12.0,Feminino,2023,Pública,Ametista,7.051379841899999,9.002,8.8833992095,5.63,8.125,5.0,6.0,4.0,,7.495,5.0,Fase 2 (5° e 6° ano),-1,2024,1,1,Defasagem moderada,1,5.0,True,,,,,,,,,,,,,,
RA-94,5,15.0,Menina,2018,Rede Decisão,Topázio,8.921,8.3,9.6,8.1,,7.7,7.0,6.7,9.5,9.583,10.0,Fase 5 (1º EM),0,2022,5,4,Em fase / adiantado,0,10.0,True,2023.0,-1.0,7.2,9.6,2.52,8.75,7.795,5.0,7.289333333,Ametista,1,-0.5,0.0,-1.6316666669999993
RA-94,FASE 5,,Feminino,2018,Privada - Programa de Apadrinhamento,Ametista,7.289333333,7.5,9.6,2.52,8.75,7.2,7.7,4.8,9.0,7.795,5.0,Fase 6 (2° EM),-1,2023,5,5,Defasagem moderada,1,5.0,True,2024.0,0.0,8.0,9.666666666666666,6.26,8.375,8.2,10.0,8.637033333333335,Topázio,0,0.7999999999999998,0.06666666666666643,1.3477000003333348
RA-94,6L,17.0,Feminino,2021,Privada - Programa de Apadrinhamento,Topázio,8.637033333333335,10.002,9.666666666666666,6.26,8.375,8.0,7.0,7.0,10.0,8.2,10.0,Fase 6 (2° EM),0,2024,6,3,Em fase / adiantado,0,10.0,True,,,,,,,,,,,,,,
RA-940,ALFA,,Masculino,2023,Pública,Ágata,6.6112,9.0,8.4,2.52,6.25,6.3,6.8,5.7,,7.02,5.0,Fase 2 (5° e 6° ano),-2,2023,0,0,Defasagem moderada,1,5.0,True,,,,,,,,,,,,,,
RA-941,ALFA,,Feminino,2023,Pública,Ametista,7.6872,8.0,10.0,7.52,5.0,5.0,5.0,5.0,,8.175,10.0,ALFA (1° e 2° ano),0,2023,0,0,Em fase / adiantado,0,10.0,True,2024.0,-1.0,8.75,9.25,5.01,8.125,7.665,5.0,7.746700000000001,Ametista,1,3.75,-0.75,0.059500000000000774
RA-941,ALFA,9.0,Feminino,2023,Pública,Ametista,7.746700000000001,8.002,9.25,5.01,8.125,8.75,10.0,7.5,,7.665,5.0,Fase 1 (3° e 4° ano),-1,2024,0,1,Defasagem moderada,1,5.0,True,,,,,,,,,,,,,,
RA-942,ALFA,10.0,Feminino,2023,Pública,Ágata,6.8547,9.5,8.9,2.52,5.625,7.1,7.3,6.8,,7.0,5.0,Fase 2 (5° e 6° ano),-2,2023,0,0,Defasagem moderada,1,5.0,True,,,,,,,,,,,,,,
RA-943,ALFA,,Feminino,2023,Pública,Topázio,8.9172,9.5,9.4,7.52,7.5,8.0,8.0,8.0,,9.925,10.0,ALFA (1° e 2° ano),0,2023,0,0,Em fase / adiantado,0,10.0,True,2024.0,0.0,8.0,10.0,7.51,8.958333333,8.59,10.0,8.965033333300001,Topázio,0,0.0,0.5999999999999996,0.04783333330000161
RA-943,1L,9.0,Feminino,2023,Pública,Topázio,8.965033333300001,10.002,10.0,7.51,8.958333333,8.0,7.0,9.0,,8.59,10.0,Fase 1 (3° e 4° ano),0,2024,1,1,Em fase / adiantado,0,10.0,True,,,,,,,,,,,,,,
RA-944,ALFA,9.0,Feminino,2023,Pública,Ametista,7.0687,9.0,7.6,7.52,5.625,7.5,9.2,5.8,,6.67,5.0,Fase 1 (3° e 4° ano),-1,2023,0,0,Defasagem moderada,1,5.0,True,2024.0,-2.0,9.0,7.25,7.51,8.75,7.75,5.0,7.8262,Ametista,1,1.5,-0.34999999999999964,0.7575000000000003
RA-944,ALFA,10.0,Feminino,2023,Pública,Ametista,7.8262,9.002,7.25,7.51,8.75,9.0,10.0,8.0,,7.75,5.0,Fase 2 (5° e 6° ano),-2,2024,0,1,Defasagem moderada,1,5.0,True,,,,,,,,,,,,,,
RA-945,ALFA,,Masculino,2023,Pública,Topázio,8.0777,8.5,9.2,7.52,6.875,7.9,8.0,7.8,,6.84,10.0,ALFA (1° e 2° ano),0,2023,0,0,Em fase / adiantado,0,10.0,True,2024.0,-1.0,8.75,9.511904762,2.51,7.5,6.83,5.0,7.4195809524000005,Ametista,1,0.8499999999999996,0.31190476200000106,-0.6581190475999996
RA-945,ALFA,9.0,Masculino,2023,Pública,Ametista,7.4195809524000005,9.002,9.511904762,2.51,7.5,8.75,10.0,7.5,,6.83,5.0,Fase 1 (3° e 4° ano),-1,2024,0,1,Defasagem moderada,1,5.0,True,,,,,,,,,,,,,,
RA-946,ALFA,,Masculino,2023,Pública,Topázio,8.5822,9.5,9.4,7.52,7.5,9.3,9.0,9.5,,7.0,10.0,ALFA (1° e 2° ano),0,2023,0,0,Em fase / adiantado,0,10.0,True,2024.0,-1.0,4.5,8.7976190475,2.51,7.5,7.835,5.0,6.677723809500001,Ágata,1,-4.800000000000001,-0.6023809525000008,-1.9044761904999996
RA-946,ALFA,8.0,Masculino,2023,Pública,Ágata,6.677723809500001,9.502,8.7976190475,2.51,7.5,4.5,3.0,6.0,,7.835,5.0,Fase 1 (3° e 4° ano),-1,2024,0,1,Defasagem moderada,1,5.0,True,,,,,,,,,,,,,,
RA-947,ALFA,,Masculino,2023,Pública,Ágata,6.3457,9.0,7.9,7.52,4.375,3.3,1.7,4.9,,5.08,10.0,ALFA (1° e 2° ano),0,2023,0,0,Em fase / adiantado,0,10.0,True,2024.0,-1.0,4.5,7.619047619,7.51,5.625,4.58,5.0,6.053509523800001,Ágata,1,1.2000000000000002,-0.28095238100000053,-0.29219047619999916
RA-947,ALFA,9.0,Masculino,2023,Pública,Ágata,6.053509523800001,9.002,7.619047619,7.51,5.625,4.5,4.0,5.0,,4.58,5.0,Fase 1 (3° e 4° ano),-1,2024,0,1,Defasagem moderada,1,5.0,True,,,,,,,,,,,,,,
RA-948,ALFA,8.0,Feminino,2023,Pública,Ágata,6.5277,9.0,7.6,7.52,6.875,0.0,0.0,0.0,,8.34,10.0,ALFA (1° e 2° ano),0,2023,0,0,Em fase / adiantado,0,10.0,True,,,,,,,,,,,,,,
RA-949,ALFA,,Feminino,2023,Pública,Topázio,8.0172,9.5,8.1,7.52,6.25,8.9,9.1,8.6,,6.5,10.0,ALFA (1° e 2° ano),0,2023,0,0,Em fase / adiantado,0,10.0,True,2024.0,-1.0,6.5,8.7857142855,7.51,6.25,6.495,5.0,7.1323428571,Ametista,1,-2.4000000000000004,0.6857142854999996,-0.8848571429000005
RA-949,ALFA,9.0,Feminino,2023,Pública,Ametista,7.1323428571,9.002,8.7857142855,7.51,6.25,6.5,6.0,7.0,,6.495,5.0,Fase 1 (3° e 4° ano),-1,2024,0,1,Defasagem moderada,1,5.0,True,,,,,,,,,,,,,,
RA-95,5,17.0,Menina,2022,Escola Pública,Ágata,6.308,8.3,6.6,7.5,,4.8,6.0,8.0,0.5,6.292,5.0,Fase 7 (3º EM),-2,2022,5,0,Defasagem moderada,1,5.0,True,,,,,,,,,,,,,,
RA-950,ALFA,8.0,Feminino,2023,Pública,Topázio,8.8862,9.0,10.0,7.52,7.5,9.3,9.5,9.0,,8.17,10.0,ALFA (1° e 2° ano),0,2023,0,0,Em fase / adiantado,0,10.0,True,2024.0,-1.0,7.0,9.023809524,7.51,6.875,8.0,5.0,7.693461904800001,Ametista,1,-2.3000000000000007,-0.9761904759999993,-1.1927380951999993
RA-950,ALFA,9.0,Feminino,2023,Pública,Ametista,7.693461904800001,9.502,9.023809524,7.51,6.875,7.0,7.5,6.5,,8.0,5.0,Fase 1 (3° e 4° ano),-1,2024,0,1,Defasagem moderada,1,5.0,True,,,,,,,,,,,,,,
RA-951,ALFA,7.0,Feminino,2023,Pública,Topázio,8.8902,9.5,9.7,7.52,7.5,8.4,8.5,8.3,,9.09,10.0,ALFA (1° e 2° ano),0,2023,0,0,Em fase / adiantado,0,10.0,True,2024.0,-1.0,4.0,9.0357142855,2.51,6.25,7.325,5.0,6.4483428571,Ágata,1,-4.4,-0.6642857145000001,-2.4418571429
RA-951,ALFA,8.0,Feminino,2023,Privada,Ágata,6.4483428571,10.002,9.0357142855,2.51,6.25,4.0,5.0,3.0,,7.325,5.0,Fase 1 (3° e 4° ano),-1,2024,0,1,Defasagem moderada,1,5.0,True,,,,,,,,,,,,,,
RA-952,ALFA,8.0,Masculino,2023,Pública,Topázio,8.37095,9.5,9.2,3.77,7.1875,9.0,8.8,9.2,,8.425,10.0,ALFA (1° e 2° ano),0,2023,0,0,Em fase / adiantado,0,10.0,True,2024.0,0.0,8.5,9.545454545,6.26,8.333333333,9.175,10.0,8.853624242300002,Topázio,0,-0.5,0.34545454500000083,0.48267424230000167
RA-952,1N,9.0,Masculino,2023,Pública,Topázio,8.853624242300002,9.502,9.545454545,6.26,8.333333333,8.5,8.0,9.0,,9.175,10.0,Fase 1 (3° e 4° ano),0,2024,1,1,Em fase / adiantado,0,10.0,True,,,,,,,,,,,,,,
RA-953,ALFA,,Feminino,2023,Pública,Ametista,7.54005,7.4,8.8,3.14,6.5625,8.3,8.5,8.0,,7.09,10.0,ALFA (1° e 2° ano),0,2023,0,0,Em fase / adiantado,0,10.0,True,2024.0,0.0,8.5,6.85770751,6.26,8.125,7.755,10.0,7.961241502000001,Ametista,0,0.1999999999999993,-1.9422924900000007,0.421191502000001
RA-953,1N,9.0,Feminino,2023,Pública,Ametista,7.961241502000001,9.002,6.85770751,6.26,8.125,8.5,8.0,9.0,,7.755,10.0,Fase 1 (3° e 4° ano),0,2024,1,1,Em fase / adiantado,0,10.0,True,,,,,,,,,,,,,,
RA-954,ALFA,8.0,Feminino,2023,Pública,Ágata,6.82375,0.0,8.3,3.14,7.1875,7.7,7.8,7.5,,8.005,10.0,ALFA (1° e 2° ano),0,2023,0,0,Em fase / adiantado,0,10.0,True,2024.0,0.0,7.75,8.8833992095,6.26,8.125,7.835,10.0,8.2823798419,Topázio,0,0.04999999999999982,0.5833992094999996,1.4586298418999988
RA-954,1N,9.0,Feminino,2023,Pública,Topázio,8.2823798419,9.502,8.8833992095,6.26,8.125,7.75,6.5,9.0,,7.835,10.0,Fase 1 (3° e 4° ano),0,2024,1,1,Em fase / adiantado,0,10.0,True,,,,,,,,,,,,,,
RA-955,ALFA,10.0,Feminino,2023,Pública,Ametista,7.1297,9.0,8.8,3.14,6.875,7.8,8.0,7.5,,7.09,5.0,Fase 2 (5° e 6° ano),-2,2023,0,0,Defasagem moderada,1,5.0,True,2024.0,-1.0,5.75,6.904761905,7.51,8.125,8.255,5.0,6.245452381,Ágata,1,-2.05,-1.8952380950000007,-0.8842476189999999
RA-955,1K,11.0,Feminino,2023,Pública,Ágata,6.245452381,0.0,6.904761905,7.51,8.125,5.75,6.5,5.0,,8.255,5.0,Fase 2 (5° e 6° ano),-1,2024,1,1,Defasagem moderada,1,5.0,True,,,,,,,,,,,,,,
RA-956,ALFA,11.0,Masculino,2023,Pública,Ametista,7.7312,8.0,7.5,7.52,7.5,7.8,7.8,7.8,,9.345,5.0,Fase 2 (5° e 6° ano),-2,2023,0,0,Defasagem moderada,1,5.0,True,2024.0,-1.0,3.25,6.017786561,6.885,7.083333333,7.085,5.0,6.1175906455,Ágata,1,-4.55,-1.4822134389999997,-1.6136093545000003
RA-956,1N,12.0,Masculino,2023,Pública,Ágata,6.1175906455,9.502,6.017786561,6.885,7.083333333,3.25,6.5,0.0,,7.085,5.0,Fase 2 (5° e 6° ano),-1,2024,1,1,Defasagem moderada,1,5.0,True,,,,,,,,,,,,,,
RA-957,ALFA,,Feminino,2023,Pública,Topázio,9.1672,10.0,9.3,7.52,7.5,9.1,9.0,9.2,,9.925,10.0,ALFA (1° e 2° ano),0,2023,0,0,Em fase / adiantado,0,10.0,True,,,,,,,,,,,,,,
RA-958,ALFA,,Feminino,2023,Pública,Topázio,9.2902,10.0,9.8,7.52,7.5,9.3,9.3,9.3,,9.84,10.0,ALFA (1° e 2° ano),0,2023,0,0,Em fase / adiantado,0,10.0,True,2024.0,0.0,10.0,10.0,6.26,9.53125,9.76,10.0,9.531325,Topázio,0,0.6999999999999993,0.1999999999999993,0.24112500000000026
RA-958,1M,9.0,Feminino,2023,Pública,Topázio,9.531325,10.002,10.0,6.26,9.53125,10.0,10.0,10.0,,9.76,10.0,Fase 1 (3° e 4° ano),0,2024,1,1,Em fase / adiantado,0,10.0,True,,,,,,,,,,,,,,
RA-959,ALFA,8.0,Masculino,2023,Pública,Topázio,8.6677,10.0,9.6,7.52,6.875,7.7,7.7,7.7,,8.84,10.0,ALFA (1° e 2° ano),0,2023,0,0,Em fase / adiantado,0,10.0,True,2024.0,-1.0,9.5,9.7368421055,7.51,7.8125,7.5,5.0,8.379818421100001,Topázio,1,1.7999999999999998,0.13684210549999953,-0.28788157889999866
RA-959,ALFA,9.0,Masculino,2023,Pública,Topázio,8.379818421100001,10.002,9.7368421055,7.51,7.8125,9.5,10.0,9.0,,7.5,5.0,Fase 1 (3° e 4° ano),-1,2024,0,1,Defasagem moderada,1,5.0,True,,,,,,,,,,,,,,
RA-96,5,16.0,Menino,2021,Escola Pública,Ametista,7.54,9.2,7.8,6.9,,6.7,5.7,6.5,8.0,8.5,5.0,Fase 6 (2º EM),-1,2022,5,1,Defasagem moderada,1,5.0,True,2023.0,-1.0,6.4,8.9,7.52,7.65625,7.84,5.0,7.610791667,Ametista,1,-0.2999999999999998,1.1000000000000005,0.07079166699999995
RA-96,FASE 6,17.0,Masculino,2021,Privada - Programa de Apadrinhamento,Ametista,7.610791667,9.6,8.9,7.52,7.65625,6.4,6.8,4.8,7.7,7.84,5.0,Fase 7 (3° EM),-1,2023,6,2,Defasagem moderada,1,5.0,True,2024.0,0.0,,0.0,,,,10.0,,,0,,-8.9,
RA-96,8F,18.0,Masculino,2021,Concluiu o 3º EM,,,,0.0,,,,,,,,10.0,Fase 8 (Universitários),0,2024,8,3,Em fase / adiantado,0,10.0,True,,,,,,,,,,,,,,
RA-960,ALFA,10.0,Masculino,2023,Pública,Ametista,7.0847,8.5,10.0,7.52,5.625,6.3,6.5,6.0,,5.85,5.0,Fase 2 (5° e 6° ano),-2,2023,0,0,Defasagem moderada,1,5.0,True,2024.0,-1.0,3.0,8.095238095,7.51,7.5,5.33,5.0,5.286047619,Quartzo,1,-3.3,-1.9047619050000009,-1.7986523810000001
RA-960,1K,11.0,Masculino,2023,Pública,Quartzo,5.286047619,0.0,8.095238095,7.51,7.5,3.0,6.0,0.0,,5.33,5.0,Fase 2 (5° e 6° ano),-1,2024,1,1,Defasagem moderada,1,5.0,True,,,,,,,,,,,,,,
RA-961,ALFA,9.0,Masculino,2023,Pública,Quartzo,5.99625,0.0,8.7,2.52,5.3125,6.2,6.2,6.2,,8.665,5.0,Fase 1 (3° e 4° ano),-1,2023,0,0,Defasagem moderada,1,5.0,True,2024.0,-1.0,5.5,8.8923395445,6.26,5.9375,5.155,5.0,6.529417908900001,Ágata,1,-0.7000000000000002,0.19233954450000113,0.5331679089000012
RA-961,1M,10.0,Masculino,2023,Pública,Ágata,6.529417908900001,9.002,8.8923395445,6.26,5.9375,5.5,6.0,5.0,,5.155,5.0,Fase 2 (5° e 6° ano),-1,2024,1,1,Defasagem moderada,1,5.0,True,,,,,,,,,,,,,,
RA-962,ALFA,,Feminino,2023,Pública,Topázio,8.4742,9.0,9.2,7.52,7.5,8.7,9.5,7.8,,10.01,5.0,Fase 1 (3° e 4° ano),-1,2023,0,0,Defasagem moderada,1,5.0,True,,,,,,,,,,,,,,
RA-963,ALFA,,Feminino,2023,Pública,Topázio,8.6142,9.5,9.8,7.52,7.5,8.5,8.3,8.7,,10.01,5.0,Fase 1 (3° e 4° ano),-1,2023,0,0,Defasagem moderada,1,5.0,True,2024.0,0.0,7.5,9.761904762,7.51,8.125,8.045,10.0,8.375080952400001,Topázio,0,-1.0,-0.038095238000000364,-0.23911904759999913
RA-963,1R,10.0,Feminino,2023,Pública,Topázio,8.375080952400001,7.502,9.761904762,7.51,8.125,7.5,5.0,10.0,,8.045,10.0,Fase 1 (3° e 4° ano),0,2024,1,1,Em fase / adiantado,0,10.0,True,,,,,,,,,,,,,,
RA-964,ALFA,9.0,Masculino,2023,Pública,Ametista,7.7997,8.5,9.4,7.52,6.875,7.2,7.3,7.0,,8.5,5.0,Fase 1 (3° e 4° ano),-1,2023,0,0,Defasagem moderada,1,5.0,True,2024.0,-1.0,7.25,8.333333332999999,7.51,7.96875,7.1675,5.0,7.548241666600001,Ametista,1,0.04999999999999982,-1.0666666670000016,-0.2514583333999987
RA-964,1R,10.0,Masculino,2023,Pública,Ametista,7.548241666600001,9.502,8.333333332999999,7.51,7.96875,7.25,7.5,7.0,,7.1675,5.0,Fase 2 (5° e 6° ano),-1,2024,1,1,Defasagem moderada,1,5.0,True,,,,,,,,,,,,,,
RA-965,ALFA,9.0,Feminino,2023,Pública,Ágata,6.4832,8.5,8.2,6.27,5.0,4.7,5.3,4.0,,7.18,5.0,Fase 1 (3° e 4° ano),-1,2023,0,0,Defasagem moderada,1,5.0,True,2024.0,-2.0,2.25,6.4772727275,7.51,8.75,6.83,5.0,6.1376545455,Ágata,1,-2.45,-1.7227272724999994,-0.34554545449999985
RA-965,ALFA,10.0,Feminino,2023,Pública,Ágata,6.1376545455,9.002,6.4772727275,7.51,8.75,2.25,2.0,2.5,,6.83,5.0,Fase 2 (5° e 6° ano),-2,2024,0,1,Defasagem moderada,1,5.0,True,,,,,,,,,,,,,,
RA-966,ALFA,,Masculino,2023,Pública,Ametista,7.44345,10.0,10.0,7.52,6.5625,5.0,5.0,5.0,,7.675,5.0,Fase 1 (3° e 4° ano),-1,2023,0,0,Defasagem moderada,1,5.0,True,2024.0,-2.0,9.0,8.568181818,7.51,8.125,7.335,5.0,7.9943363636,Ametista,1,4.0,-1.4318181820000007,0.5508863636000001
RA-966,ALFA,10.0,Masculino,2023,Pública,Ametista,7.9943363636,9.502,8.568181818,7.51,8.125,9.0,9.5,8.5,,7.335,5.0,Fase 2 (5° e 6° ano),-2,2024,0,1,Defasagem moderada,1,5.0,True,,,,,,,,,,,,,,
RA-967,ALFA,,Masculino,2023,Pública,Ametista,7.1347,9.5,8.0,7.52,5.625,6.5,6.5,6.5,,7.35,5.0,Fase 2 (5° e 6° ano),-2,2023,0,0,Defasagem moderada,1,5.0,True,2024.0,-1.0,4.75,3.5714285715,7.51,5.78125,4.995,5.0,5.442610714300001,Quartzo,1,-1.75,-4.4285714285,-1.692089285699999
RA-967,1R,11.0,Masculino,2023,Pública,Quartzo,5.442610714300001,9.502,3.5714285715,7.51,5.78125,4.75,3.5,6.0,,4.995,5.0,Fase 2 (5° e 6° ano),-1,2024,1,1,Defasagem moderada,1,5.0,True,,,,,,,,,,,,,,
RA-968,ALFA,,Feminino,2023,Pública,Topázio,8.4942,9.0,9.7,7.52,7.5,8.3,8.0,8.5,,10.01,5.0,Fase 1 (3° e 4° ano),-1,2023,0,0,Defasagem moderada,1,5.0,True,2024.0,-1.0,7.75,8.8095238095,7.51,8.4375,7.6675,5.0,7.8403547619000005,Ametista,1,-0.5500000000000007,-0.8904761904999994,-0.6538452380999988
RA-968,1R,10.0,Feminino,2023,Pública,Ametista,7.8403547619000005,9.002,8.8095238095,7.51,8.4375,7.75,8.5,7.0,,7.6675,5.0,Fase 2 (5° e 6° ano),-1,2024,1,1,Defasagem moderada,1,5.0,True,,,,,,,,,,,,,,
RA-969,ALFA,8.0,Masculino,2023,Pública,Ametista,7.7692,8.5,9.7,7.52,6.25,5.5,6.0,5.0,,7.51,10.0,ALFA (1° e 2° ano),0,2023,0,0,Em fase / adiantado,0,10.0,True,2024.0,-1.0,7.25,7.8636363634999995,7.51,8.125,7.335,5.0,7.453427272700001,Ametista,1,1.75,-1.8363636364999998,-0.31577272729999883
RA-969,ALFA,9.0,Masculino,2023,Pública,Ametista,7.453427272700001,9.002,7.8636363634999995,7.51,8.125,7.25,9.0,5.5,,7.335,5.0,Fase 1 (3° e 4° ano),-1,2024,0,1,Defasagem moderada,1,5.0,True,,,,,,,,,,,,,,
RA-97,5,15.0,Menina,2017,Rede Decisão,Ametista,7.468,7.5,8.8,5.0,,6.9,5.3,6.7,8.8,6.292,10.0,Fase 5 (1º EM),0,2022,5,5,Em fase / adiantado,0,10.0,True,,,,,,,,,,,,,,
RA-970,ALFA,,Feminino,2023,Pública,Topázio,8.9977,8.5,8.1,7.52,9.375,9.4,9.2,9.5,,9.84,10.0,ALFA (1° e 2° ano),0,2023,0,0,Em fase / adiantado,0,10.0,True,,,,,,,,,,,,,,
RA-971,ALFA,,Masculino,2023,Pública,Ametista,7.0169,7.8,6.4,3.77,5.625,6.9,5.5,8.3,,8.17,10.0,ALFA (1° e 2° ano),0,2023,0,0,Em fase / adiantado,0,10.0,True,2024.0,-1.0,6.75,7.909090909,7.51,7.5,6.085,5.0,6.8916181818,Ágata,1,-0.15000000000000036,1.5090909089999993,-0.1252818181999995
RA-971,ALFA,9.0,Masculino,2023,Pública,Ágata,6.8916181818,7.418,7.909090909,7.51,7.5,6.75,8.5,5.0,,6.085,5.0,Fase 1 (3° e 4° ano),-1,2024,0,1,Defasagem moderada,1,5.0,True,,,,,,,,,,,,,,
RA-972,ALFA,8.0,Masculino,2023,Pública,Ametista,7.5427,9.0,9.1,3.77,6.875,6.0,6.2,5.7,,7.84,10.0,ALFA (1° e 2° ano),0,2023,0,0,Em fase / adiantado,0,10.0,True,2024.0,-1.0,6.75,8.3863636365,7.51,8.75,7.17,5.0,7.537472727300001,Ametista,1,0.75,-0.7136363634999991,-0.005227272699999119
RA-972,ALFA,9.0,Masculino,2023,Pública,Ametista,7.537472727300001,9.502,8.3863636365,7.51,8.75,6.75,8.0,5.5,,7.17,5.0,Fase 1 (3° e 4° ano),-1,2024,0,1,Defasagem moderada,1,5.0,True,,,,,,,,,,,,,,
RA-973,ALFA,,Masculino,2023,Pública,Quartzo,5.82875,0.0,8.6,3.77,7.1875,5.2,6.2,4.1,,7.415,5.0,Fase 1 (3° e 4° ano),-1,2023,0,0,Defasagem moderada,1,5.0,True,2024.0,-2.0,3.75,9.318181818,7.51,7.5,6.585,5.0,6.9318363636,Ágata,1,-1.4500000000000002,0.7181818179999997,1.1030863636000001
RA-973,ALFA,10.0,Masculino,2023,Pública,Ágata,6.9318363636,10.002,9.318181818,7.51,7.5,3.75,6.5,1.0,,6.585,5.0,Fase 2 (5° e 6° ano),-2,2024,0,1,Defasagem moderada,1,5.0,True,,,,,,,,,,,,,,
RA-974,ALFA,,Masculino,2023,Pública,Topázio,8.4752,9.0,9.1,3.77,7.5,8.8,8.8,8.8,,9.34,10.0,ALFA (1° e 2° ano),0,2023,0,0,Em fase / adiantado,0,10.0,True,2024.0,-1.0,6.5,9.282608695499999,7.51,7.5,7.5,5.0,7.6077217391,Ametista,1,-2.3000000000000007,0.18260869549999903,-0.8674782608999996
RA-974,ALFA,8.0,Masculino,2023,Pública,Ametista,7.6077217391,9.502,9.282608695499999,7.51,7.5,6.5,6.0,7.0,,7.5,5.0,Fase 1 (3° e 4° ano),-1,2024,0,1,Defasagem moderada,1,5.0,True,,,,,,,,,,,,,,
RA-975,ALFA,,Feminino,2023,Pública,Ametista,7.7803,7.9,9.2,7.52,5.625,6.5,7.2,5.8,,7.67,10.0,ALFA (1° e 2° ano),0,2023,0,0,Em fase / adiantado,0,10.0,True,2024.0,-1.0,8.0,7.708333333500001,5.01,6.875,7.33,5.0,7.1463666667000005,Ametista,1,1.5,-1.4916666664999987,-0.6339333332999999
RA-975,ALFA,8.0,Feminino,2023,Pública,Ametista,7.1463666667000005,8.502,7.708333333500001,5.01,6.875,8.0,8.0,8.0,,7.33,5.0,Fase 1 (3° e 4° ano),-1,2024,0,1,Defasagem moderada,1,5.0,True,,,,,,,,,,,,,,
RA-976,ALFA,,Masculino,2023,Pública,Topázio,8.39895,9.5,9.2,6.27,5.9375,8.6,9.0,8.2,,8.34,10.0,ALFA (1° e 2° ano),0,2023,0,0,Em fase / adiantado,0,10.0,True,,,,,,,,,,,,,,
RA-977,ALFA,7.0,Feminino,2023,Pública,Ametista,7.1717,8.5,7.4,5.02,5.625,5.8,5.7,5.9,,8.085,10.0,ALFA (1° e 2° ano),0,2023,0,0,Em fase / adiantado,0,10.0,True,2024.0,-1.0,7.0,7.291666666499999,6.26,6.875,7.58,5.0,7.188033333300001,Ametista,1,1.2000000000000002,-0.10833333350000096,0.01633333330000042
RA-977,ALFA,8.0,Feminino,2023,Pública,Ametista,7.188033333300001,10.002,7.291666666499999,6.26,6.875,7.0,5.0,9.0,,7.58,5.0,Fase 1 (3° e 4° ano),-1,2024,0,1,Defasagem moderada,1,5.0,True,,,,,,,,,,,,,,
RA-978,ALFA,,Feminino,2023,Pública,Topázio,8.3877,9.0,9.8,3.77,5.625,8.6,8.7,8.5,,9.34,10.0,ALFA (1° e 2° ano),0,2023,0,0,Em fase / adiantado,0,10.0,True,2024.0,-1.0,6.5,9.5,6.26,6.875,7.5,5.0,7.4637,Ametista,1,-2.0999999999999996,-0.3000000000000007,-0.9240000000000004
RA-978,ALFA,8.0,Feminino,2023,Pública,Ametista,7.4637,9.502,9.5,6.26,6.875,6.5,6.0,7.0,,7.5,5.0,Fase 1 (3° e 4° ano),-1,2024,0,1,Defasagem moderada,1,5.0,True,,,,,,,,,,,,,,
RA-979,ALFA,8.0,Masculino,2023,Pública,Topázio,8.1617,9.5,9.6,6.27,5.625,6.0,6.0,6.0,,9.51,10.0,ALFA (1° e 2° ano),0,2023,0,0,Em fase / adiantado,0,10.0,True,2024.0,-1.0,8.25,9.5227272725,7.51,8.125,7.335,5.0,8.0352454545,Topázio,1,2.25,-0.07727272750000047,-0.12645454549999968
RA-979,ALFA,9.0,Masculino,2023,Pública,Topázio,8.0352454545,9.502,9.5227272725,7.51,8.125,8.25,9.5,7.0,,7.335,5.0,Fase 1 (3° e 4° ano),-1,2024,0,1,Defasagem moderada,1,5.0,True,,,,,,,,,,,,,,
RA-98,5,15.0,Menina,2017,Rede Decisão,Topázio,9.354,8.8,10.0,9.4,,8.5,8.4,8.2,8.9,9.667,10.0,Fase 5 (1º EM),0,2022,5,5,Em fase / adiantado,0,10.0,True,2023.0,2.0,,,2.52,,,10.0,,,0,,,
RA-98,FASE 7,15.0,Feminino,2017,Privada *Parcerias com Bolsa 100%,,,7.9,,2.52,,,,,,,10.0,Fase 5 (1° EM),2,2023,7,6,Em fase / adiantado,0,10.0,True,2024.0,1.0,8.9,9.546,7.1975,7.5,7.5,10.0,8.617450000000002,Topázio,0,,,
RA-98,7E,16.0,Feminino,2021,Privada *Parcerias com Bolsa 100%,Topázio,8.617450000000002,9.585,9.546,7.1975,7.5,8.9,9.2,8.9,8.6,7.5,10.0,Fase 6 (2° EM),1,2024,7,3,Em fase / adiantado,0,10.0,True,,,,,,,,,,,,,,
RA-980,ALFA,8.0,Feminino,2023,Pública,Ametista,7.1425,0.0,9.8,5.02,5.625,6.3,6.5,6.0,,9.34,10.0,ALFA (1° e 2° ano),0,2023,0,0,Em fase / adiantado,0,10.0,True,2024.0,0.0,6.25,9.058441558,7.51,7.5,7.4175,10.0,7.946388311600001,Ametista,0,-0.04999999999999982,-0.7415584420000005,0.8038883116000006
RA-980,1P,9.0,Feminino,2023,Pública,Ametista,7.946388311600001,9.002,9.058441558,7.51,7.5,6.25,6.5,6.0,,7.4175,10.0,Fase 1 (3° e 4° ano),0,2024,1,1,Em fase / adiantado,0,10.0,True,,,,,,,,,,,,,,
RA-981,ALFA,7.0,Feminino,2023,Pública,Ametista,7.5367,9.5,9.1,2.52,5.625,5.8,5.7,5.8,,9.01,10.0,ALFA (1° e 2° ano),0,2023,0,0,Em fase / adiantado,0,10.0,True,2024.0,-1.0,6.0,7.010869565,6.26,6.25,6.99,5.0,6.6513739130000005,Ágata,1,0.20000000000000018,-2.0891304349999995,-0.8853260869999993
RA-981,ALFA,8.0,Feminino,2023,Pública,Ágata,6.6513739130000005,9.002,7.010869565,6.26,6.25,6.0,6.0,6.0,,6.99,5.0,Fase 1 (3° e 4° ano),-1,2024,0,1,Defasagem moderada,1,5.0,True,,,,,,,,,,,,,,
RA-982,ALFA,7.0,Masculino,2023,Pública,Ametista,7.1215,0.0,9.1,2.52,5.625,8.6,8.7,8.5,,8.835,10.0,ALFA (1° e 2° ano),0,2023,0,0,Em fase / adiantado,0,10.0,True,2024.0,0.0,8.25,8.365800865499999,7.51,6.875,6.79,10.0,8.119860173100001,Topázio,0,-0.34999999999999964,-0.7341991345000007,0.9983601731000009
RA-982,1P,8.0,Masculino,2023,Pública,Topázio,8.119860173100001,10.002,8.365800865499999,7.51,6.875,8.25,6.5,10.0,,6.79,10.0,Fase 1 (3° e 4° ano),0,2024,1,1,Em fase / adiantado,0,10.0,True,,,,,,,,,,,,,,
RA-983,ALFA,8.0,Masculino,2023,Pública,Topázio,8.3502,8.5,9.9,2.52,6.25,8.8,8.8,8.8,,9.415,10.0,ALFA (1° e 2° ano),0,2023,0,0,Em fase / adiantado,0,10.0,True,,,,,,,,,,,,,,
RA-984,ALFA,8.0,Feminino,2023,Pública,Topázio,8.8177,8.0,9.8,7.52,6.875,8.3,8.3,8.2,,9.84,10.0,ALFA (1° e 2° ano),0,2023,0,0,Em fase / adiantado,0,10.0,True,2024.0,0.0,7.0,9.761904762,7.51,8.125,8.045,10.0,8.475080952400003,Topázio,0,-1.3000000000000007,-0.038095238000000364,-0.34261904759999773
RA-984,1R,9.0,Feminino,2023,Pública,Topázio,8.475080952400003,9.502,9.761904762,7.51,8.125,7.0,7.5,6.5,,8.045,10.0,Fase 1 (3° e 4° ano),0,2024,1,1,Em fase / adiantado,0,10.0,True,,,,,,,,,,,,,,
RA-985,ALFA,8.0,Masculino,2023,Pública,Ametista,7.6247,9.0,9.3,2.52,5.625,6.8,7.3,6.2,,8.5,10.0,ALFA (1° e 2° ano),0,2023,0,0,Em fase / adiantado,0,10.0,True,2024.0,0.0,7.5,10.0,6.26,7.5,7.585,10.0,8.2432,Topázio,0,0.7000000000000002,0.6999999999999993,0.6185
RA-985,1P,9.0,Masculino,2023,Pública,Topázio,8.2432,8.502,10.0,6.26,7.5,7.5,8.0,7.0,,7.585,10.0,Fase 1 (3° e 4° ano),0,2024,1,1,Em fase / adiantado,0,10.0,True,,,,,,,,,,,,,,
RA-986,ALFA,8.0,Feminino,2023,Pública,Topázio,8.0107,9.5,9.1,2.52,5.625,8.3,8.3,8.3,,8.83,10.0,ALFA (1° e 2° ano),0,2023,0,0,Em fase / adiantado,0,10.0,True,2024.0,0.0,8.5,9.2965367965,6.26,7.083333333,6.8325,10.0,8.2603406926,Topázio,0,0.1999999999999993,0.19653679650000022,0.24964069259999988
RA-986,1P,9.0,Feminino,2023,Pública,Topázio,8.2603406926,10.002,9.2965367965,6.26,7.083333333,8.5,7.5,9.5,,6.8325,10.0,Fase 1 (3° e 4° ano),0,2024,1,1,Em fase / adiantado,0,10.0,True,,,,,,,,,,,,,,
RA-987,ALFA,8.0,Masculino,2023,Pública,Ametista,7.6765,0.0,9.8,6.27,6.875,7.3,7.5,7.0,,9.76,10.0,ALFA (1° e 2° ano),0,2023,0,0,Em fase / adiantado,0,10.0,True,2024.0,0.0,7.5,9.0692640695,7.51,7.708333333,7.835,10.0,8.3028861472,Topázio,0,0.20000000000000018,-0.7307359304999999,0.6263861472000007
RA-987,1P,9.0,Masculino,2023,Pública,Topázio,8.3028861472,9.002,9.0692640695,7.51,7.708333333,7.5,8.0,7.0,,7.835,10.0,Fase 1 (3° e 4° ano),0,2024,1,1,Em fase / adiantado,0,10.0,True,,,,,,,,,,,,,,
RA-988,ALFA,,Feminino,2023,Pública,Ametista,7.9568,7.9,8.1,7.52,6.25,8.5,8.5,8.5,,9.84,5.0,Fase 1 (3° e 4° ano),-1,2023,0,0,Defasagem moderada,1,5.0,True,2024.0,-1.0,7.75,10.0,7.51,8.333333333,7.96,5.0,8.1765333333,Topázio,1,-0.75,1.9000000000000004,0.21973333329999978
RA-988,1P,10.0,Feminino,2023,Pública,Topázio,8.1765333333,9.502,10.0,7.51,8.333333333,7.75,6.5,9.0,,7.96,5.0,Fase 2 (5° e 6° ano),-1,2024,1,1,Defasagem moderada,1,5.0,True,,,,,,,,,,,,,,
RA-989,ALFA,9.0,Masculino,2023,Pública,Ametista,7.7242,9.5,8.1,2.52,7.5,8.3,8.7,7.8,,10.01,5.0,Fase 1 (3° e 4° ano),-1,2023,0,0,Defasagem moderada,1,5.0,True,2024.0,0.0,6.0,7.8571428569999995,6.26,7.1875,6.54,10.0,7.3743785714,Ametista,0,-2.3000000000000007,-0.24285714300000016,-0.34982142859999943
RA-989,1R,10.0,Masculino,2023,Pública,Ametista,7.3743785714,9.502,7.8571428569999995,6.26,7.1875,6.0,6.0,6.0,,6.54,10.0,Fase 1 (3° e 4° ano),0,2024,1,1,Em fase / adiantado,0,10.0,True,,,,,,,,,,,,,,
RA-99,5,16.0,Menino,2019,Escola Pública,Ágata,6.158,8.8,6.3,7.5,,5.0,5.7,3.4,5.8,5.833,5.0,Fase 6 (2º EM),-1,2022,5,3,Defasagem moderada,1,5.0,True,2023.0,-1.0,4.5,8.3,5.63,7.8125,7.4225,5.0,6.68045,Ágata,1,-0.5,2.000000000000001,0.5224500000000001
RA-99,FASE 6,17.0,Masculino,2019,Pública,Ágata,6.68045,7.9,8.3,5.63,7.8125,4.5,4.7,4.0,4.8,7.4225,5.0,Fase 7 (3° EM),-1,2023,6,4,Defasagem moderada,1,5.0,True,,,,,,,,,,,,,,
RA-990,ALFA,,Masculino,2023,Pública,Ametista,7.254,0.0,8.5,7.52,7.5,7.8,8.3,7.2,,10.01,5.0,Fase 1 (3° e 4° ano),-1,2023,0,0,Defasagem moderada,1,5.0,True,2024.0,-1.0,8.0,7.5,7.51,8.4375,8.336666667,5.0,7.812283333400001,Ametista,1,0.20000000000000018,-1.0,0.5582833334000012
RA-990,1A,10.0,Masculino,2023,Pública,Ametista,7.812283333400001,9.502,7.5,7.51,8.4375,8.0,9.5,6.5,,8.336666667,5.0,Fase 2 (5° e 6° ano),-1,2024,1,1,Defasagem moderada,1,5.0,True,,,,,,,,,,,,,,
RA-991,ALFA,9.0,Feminino,2023,Pública,Ametista,7.7687,10.0,9.1,3.14,6.875,7.7,8.0,7.3,,9.585,5.0,Fase 1 (3° e 4° ano),-1,2023,0,0,Defasagem moderada,1,5.0,True,2024.0,-1.0,6.5,8.181818182,6.26,7.5,6.723333333,5.0,7.057230303000001,Ametista,1,-1.2000000000000002,-0.918181817999999,-0.7114696969999992
RA-991,1A,10.0,Feminino,2023,Pública,Ametista,7.057230303000001,9.002,8.181818182,6.26,7.5,6.5,7.0,6.0,,6.723333333,5.0,Fase 2 (5° e 6° ano),-1,2024,1,1,Defasagem moderada,1,5.0,True,,,,,,,,,,,,,,
RA-992,ALFA,10.0,Masculino,2023,Pública,Ametista,7.2722,9.5,8.2,3.14,5.0,8.0,8.2,7.8,,8.84,5.0,Fase 2 (5° e 6° ano),-2,2023,0,0,Defasagem moderada,1,5.0,True,,,,,,,,,,,,,,
RA-993,ALFA,8.0,Feminino,2023,Pública,Topázio,8.7592,9.5,9.8,3.77,7.5,8.6,8.5,8.7,,10.01,10.0,ALFA (1° e 2° ano),0,2023,0,0,Em fase / adiantado,0,10.0,True,,,,,,,,,,,,,,
RA-994,ALFA,8.0,Feminino,2023,Pública,Ametista,7.4127,9.5,9.4,3.77,5.625,6.0,6.2,5.7,,7.265,10.0,ALFA (1° e 2° ano),0,2023,0,0,Em fase / adiantado,0,10.0,True,2024.0,-1.0,8.25,9.532608695499999,6.88,6.875,7.33,5.0,7.7982217391,Ametista,1,2.25,0.13260869549999832,0.38552173909999965
RA-994,ALFA,9.0,Feminino,2023,Pública,Ametista,7.7982217391,9.002,9.532608695499999,6.88,6.875,8.25,10.0,6.5,,7.33,5.0,Fase 1 (3° e 4° ano),-1,2024,0,1,Defasagem moderada,1,5.0,True,,,,,,,,,,,,,,
RA-995,ALFA,,Feminino,2023,Pública,Ágata,6.4782,9.5,7.9,3.77,6.25,5.1,5.3,4.8,,7.18,5.0,Fase 2 (5° e 6° ano),-2,2023,0,0,Defasagem moderada,1,5.0,True,2024.0,-2.0,2.0,5.3896103895,5.635,7.1875,4.25,5.0,5.110372077899999,Quartzo,1,-3.0999999999999996,-2.5103896105000008,-1.367827922100001
RA-995,1E,12.0,Feminino,2023,Pública,Quartzo,5.110372077899999,10.002,5.3896103895,5.635,7.1875,2.0,0.0,4.0,,4.25,5.0,Fase 3 (7° e 8° ano),-2,2024,1,1,Defasagem moderada,1,5.0,True,,,,,,,,,,,,,,
RA-996,ALFA,9.0,Masculino,2023,Pública,Topázio,8.1892,10.0,9.2,3.77,7.5,8.6,8.7,8.5,,10.01,5.0,Fase 1 (3° e 4° ano),-1,2023,0,0,Defasagem moderada,1,5.0,True,,,,,,,,,,,,,,
RA-997,ALFA,8.0,Masculino,2023,Pública,Ametista,7.5687,7.5,8.7,3.77,5.625,7.1,7.2,7.0,,8.595,10.0,ALFA (1° e 2° ano),0,2023,0,0,Em fase / adiantado,0,10.0,True,,,,,,,,,,,,,,
RA-998,ALFA,11.0,Feminino,2023,Pública,Ametista,7.9752,9.5,9.3,3.77,7.5,7.9,8.0,7.7,,9.84,5.0,Fase 2 (5° e 6° ano),-2,2023,0,0,Defasagem moderada,1,5.0,True,,,,,,,,,,,,,,
RA-999,ALFA,,Masculino,2023,Pública,Topázio,8.0352,9.0,9.4,3.77,7.5,8.3,8.3,8.3,,9.84,5.0,Fase 1 (3° e 4° ano),-1,2023,0,0,Defasagem moderada,1,5.0,True,,,,,,,,,,,,,,
